employee_id,age,years_at_company,monthly_income,salary_hike_percent,distance_from_home_km,training_hours_year,projects_completed,average_weekly_hours,overtime_hours,manager_rating,employee_rating,promotion_wait_years,absent_days,sick_days,travel_days_month,department,job_role,education_level,gender,marital_status,shift,work_location,manager_style,received_bonus,recent_promotion,career_change_requested,mentor_assigned,has_stock_options,uses_company_transport,left_company
1,49,14,,6,58,74.0,11,53,13,5,4,7,2,5,4,HR,Engineer,Master,Female,Married,Day,Office,Balanced,0,0,0,1,0,0,0
2,23,4,73276.0,18,7,20.0,9,68,28,2,4,0,13,1,9,Marketing,Analyst,High School,Male,Divorced,Day,Hybrid,Supportive,0,0,0,1,0,0,0
3,38,11,81361.0,7,14,61.0,8,50,10,5,2,6,20,7,9,Engineering,Analyst,Bachelor,Female,Single,Day,Office,Micromanager,0,0,0,0,0,0,0
4,59,8,67056.0,6,9,71.0,12,63,23,1,5,2,11,7,5,Sales,Manager,Bachelor,Male,Divorced,Night,Hybrid,Balanced,1,0,0,0,0,0,0
5,52,3,49863.0,12,15,42.0,13,65,25,5,3,2,1,9,12,Sales,Lead,Bachelor,Female,Married,Flexible,Office,Micromanager,0,1,0,1,0,0,0
6,47,8,,4,33,50.0,10,53,13,3,1,3,16,0,9,Engineering,Executive,Bachelor,Female,Divorced,Day,Office,Micromanager,1,0,0,0,1,0,0
7,52,5,66707.0,10,56,16.0,15,67,27,5,4,1,5,5,10,Marketing,Analyst,Bachelor,Female,Single,Flexible,Office,Balanced,1,0,0,0,1,0,0
8,31,17,,9,35,6.0,12,45,5,2,1,3,16,1,0,Operations,Lead,Master,Female,Divorced,Day,Office,Supportive,1,0,0,1,1,1,0
9,55,15,86016.0,17,46,65.0,6,64,24,5,1,3,0,3,0,Sales,Lead,Bachelor,Female,Divorced,Night,Office,Balanced,0,0,0,0,1,0,1
10,41,0,36427.0,14,33,68.0,12,48,8,4,3,7,16,0,11,Marketing,Executive,Bachelor,Male,Married,Day,Office,Hands-off,0,1,1,1,0,0,0
11,38,9,69578.0,7,46,23.0,2,61,21,2,3,1,1,9,0,Finance,Analyst,High School,Female,Divorced,Day,Remote,Supportive,1,1,0,0,1,0,0
12,32,18,94623.0,14,28,65.0,7,51,11,3,1,1,16,3,9,Operations,Lead,Bachelor,Female,Single,Day,Hybrid,Balanced,1,0,0,0,0,0,0
13,50,18,82058.0,4,26,61.0,7,38,0,4,5,0,0,1,15,Research,Lead,High School,Male,Single,Day,Remote,Supportive,1,0,0,0,0,1,0
14,25,14,90229.0,16,30,61.0,4,34,0,4,2,1,15,4,6,Engineering,Executive,Bachelor,Male,Divorced,Day,Remote,Hands-off,0,0,1,0,0,0,0
15,22,16,89128.0,19,24,11.0,2,64,24,4,1,0,18,10,4,,Executive,Bachelor,Female,Married,Day,Office,Balanced,0,0,0,0,0,0,0
16,27,3,63614.0,20,50,74.0,13,65,25,1,5,4,3,9,4,Finance,Analyst,Bachelor,Female,Divorced,Day,Office,Supportive,0,1,0,0,1,1,0
17,40,15,63960.0,18,49,11.0,13,70,30,3,4,0,6,3,2,Research,Engineer,Bachelor,Male,Divorced,Day,Hybrid,Balanced,1,0,0,1,1,1,0
18,49,10,59887.0,10,18,75.0,9,39,0,2,4,0,5,6,13,Legal,Associate,Bachelor,Male,Divorced,Night,Office,Micromanager,1,0,0,1,1,1,0
19,51,18,93730.0,9,26,18.0,7,32,0,5,5,1,19,7,12,HR,Analyst,Master,Female,Married,Day,Hybrid,Micromanager,0,0,0,1,0,0,0
20,57,3,70204.0,2,19,19.0,9,47,7,1,1,5,14,0,4,Research,Lead,Bachelor,Female,Single,Flexible,Remote,Micromanager,0,0,0,0,0,0,0
21,57,8,61119.0,16,9,32.0,5,49,9,5,4,7,12,2,12,Finance,Lead,Master,Female,Divorced,Flexible,Office,Hands-off,1,0,0,1,0,1,0
22,45,16,65078.0,12,33,0.0,5,35,0,4,1,4,4,5,2,Legal,Associate,Bachelor,Female,Married,Night,Office,Balanced,0,1,0,0,0,0,0
23,46,1,62805.0,17,12,64.0,6,34,0,3,1,0,15,6,14,Engineering,Associate,Bachelor,Female,Divorced,Flexible,Hybrid,Hands-off,1,0,0,0,1,0,0
24,50,9,66401.0,18,17,4.0,13,33,0,2,1,1,16,3,7,Research,Associate,PhD,Female,Single,Day,Hybrid,Balanced,0,0,0,0,0,0,0
25,52,2,,18,19,20.0,5,47,7,4,2,4,20,5,0,HR,Associate,Bachelor,Male,Married,Day,Office,Balanced,0,0,0,0,0,0,0
26,28,16,85180.0,2,52,78.0,15,51,11,2,4,6,13,7,1,Operations,Associate,High School,Male,Divorced,Night,Remote,Balanced,0,0,0,0,0,0,0
27,37,6,60903.0,16,13,24.0,4,39,0,3,1,4,17,3,14,Engineering,Lead,Bachelor,Female,Single,Day,Office,Balanced,1,0,0,0,0,1,0
28,26,15,71999.0,3,30,74.0,14,59,19,1,3,2,7,4,3,Engineering,Lead,Bachelor,Female,Divorced,Night,Office,Micromanager,1,1,0,0,0,1,0
29,39,19,72969.0,14,1,13.0,6,66,26,3,4,4,10,2,0,Finance,Lead,Bachelor,Male,Divorced,Day,Office,Supportive,0,0,0,0,0,0,0
30,25,11,73077.0,17,14,74.0,9,63,23,4,3,2,0,7,15,Engineering,Lead,High School,Female,Divorced,Night,Office,,0,0,0,0,0,1,0
31,59,7,54383.0,5,33,22.0,15,44,4,1,1,0,0,6,1,Operations,Lead,High School,Male,Divorced,Day,Remote,Supportive,0,0,0,1,0,1,0
32,53,4,,0,4,65.0,10,34,0,3,2,0,5,3,12,Engineering,Executive,Bachelor,Female,Single,Day,Office,Supportive,0,0,0,1,0,1,1
33,26,7,42346.0,10,12,12.0,8,47,7,1,1,6,7,10,11,Finance,Executive,Bachelor,Female,Single,Night,Office,Balanced,1,0,0,1,1,0,0
34,56,0,37739.0,18,40,14.0,5,38,0,5,1,1,19,8,4,Research,Engineer,Bachelor,Male,Single,Flexible,Remote,Balanced,0,1,0,0,1,0,0
35,44,0,57965.0,17,21,48.0,7,46,6,4,1,0,19,5,5,Engineering,Executive,Bachelor,Male,Divorced,Day,Office,Supportive,0,1,0,0,0,0,0
36,34,18,67861.0,14,50,65.0,6,57,17,1,2,5,5,2,14,Engineering,Executive,Bachelor,Female,Divorced,Night,Office,Hands-off,0,0,1,1,1,0,0
37,43,7,63684.0,2,51,7.0,2,64,24,3,4,3,4,5,4,Finance,Lead,Bachelor,Female,Divorced,Day,Hybrid,Supportive,0,0,0,1,1,0,0
38,23,11,70935.0,19,5,36.0,6,59,19,1,2,4,11,2,3,Operations,Engineer,Master,Male,Married,Day,Remote,Balanced,0,0,0,1,0,0,0
39,24,12,88236.0,5,18,41.0,4,70,30,2,1,4,5,9,11,Sales,Associate,High School,Male,Single,Day,Hybrid,,1,0,0,1,0,1,0
40,21,18,103817.0,20,36,25.0,13,50,10,3,3,7,3,0,10,HR,Manager,Master,Male,Married,Day,Hybrid,Balanced,0,0,0,1,1,0,0
41,29,8,52449.0,10,40,41.0,9,68,28,3,3,1,4,2,13,Marketing,Lead,Bachelor,Male,Divorced,Flexible,Office,Hands-off,0,0,0,1,1,1,0
42,26,7,41133.0,17,25,11.0,15,55,15,1,5,1,14,9,15,Sales,Analyst,Bachelor,Female,Married,Day,Office,Supportive,0,0,0,1,1,0,0
43,59,16,69711.0,11,60,44.0,2,32,0,5,3,7,11,6,14,Marketing,Analyst,Bachelor,Female,Single,Day,Remote,Supportive,0,0,0,0,1,0,0
44,59,13,94468.0,19,29,61.0,1,58,18,5,4,0,15,7,11,Operations,Analyst,Master,Male,Divorced,Day,Hybrid,Micromanager,0,0,0,1,0,0,1
45,35,16,73558.0,4,37,42.0,12,35,0,3,5,1,6,3,3,Engineering,Manager,Bachelor,Female,Married,Day,Hybrid,Balanced,0,0,0,1,0,0,1
46,55,19,89198.0,16,59,34.0,2,47,7,1,3,7,2,5,12,Operations,Associate,Bachelor,Female,Married,Flexible,Hybrid,Balanced,0,0,0,1,0,0,0
47,54,14,80547.0,4,60,47.0,13,57,17,5,5,0,17,7,12,Legal,Lead,Bachelor,Female,Married,Day,Remote,Supportive,0,0,0,0,0,0,0
48,56,5,49928.0,6,5,44.0,10,60,20,2,2,7,10,4,13,Research,Engineer,Master,Female,Single,Day,Office,Micromanager,0,0,0,0,0,1,0
49,27,9,81736.0,14,30,36.0,13,51,11,4,4,7,3,1,3,Finance,Manager,Bachelor,Female,Single,Day,Office,Supportive,0,0,1,1,1,0,0
50,31,0,42163.0,5,47,78.0,3,40,0,2,2,1,13,1,12,Engineering,Executive,Bachelor,Male,Divorced,Day,Remote,Balanced,1,0,0,0,1,1,0
51,36,4,40272.0,4,3,0.0,10,67,27,2,5,2,16,8,7,,Executive,Bachelor,Male,Divorced,Flexible,Office,Hands-off,1,0,0,1,0,0,0
52,23,19,112421.0,13,15,24.0,14,43,3,1,4,3,3,8,5,Research,Analyst,Bachelor,Female,Single,Day,Hybrid,Balanced,0,0,0,0,0,0,0
53,53,5,60595.0,18,24,40.0,1,41,1,1,4,3,0,9,7,Sales,Engineer,Bachelor,Female,Single,Flexible,Office,Supportive,0,0,1,0,0,1,0
54,60,10,75629.0,2,59,5.0,9,35,0,1,1,1,11,7,7,Sales,Engineer,Bachelor,Female,Divorced,Night,Office,Hands-off,0,0,0,1,0,0,0
55,43,11,60121.0,20,55,31.0,3,47,7,2,3,5,4,7,8,Engineering,Manager,Master,Male,Divorced,Day,Office,Balanced,1,0,1,0,1,0,0
56,44,17,81148.0,16,51,35.0,10,63,23,4,2,6,1,3,5,Legal,Engineer,PhD,Male,Single,Day,Hybrid,Supportive,1,0,0,1,0,0,0
57,25,5,37694.0,14,14,1.0,7,35,0,1,3,0,1,2,4,Engineering,Associate,Bachelor,Female,Single,Day,Office,Hands-off,0,0,0,1,0,0,0
58,40,10,69394.0,4,47,75.0,5,57,17,4,3,4,19,1,13,Research,Engineer,High School,Male,Married,Day,Office,Balanced,1,0,0,0,0,1,1
59,54,17,88313.0,14,43,49.0,7,67,27,4,5,3,15,1,9,Engineering,Executive,Master,Female,Single,Night,Office,Balanced,1,0,0,1,0,0,0
60,60,16,89801.0,11,27,71.0,9,33,0,1,1,2,15,4,15,Operations,Associate,Bachelor,Male,Married,Flexible,Office,Hands-off,0,0,0,0,1,1,0
61,58,18,97168.0,8,23,74.0,1,53,13,1,5,6,0,9,6,Finance,Associate,Bachelor,Female,Single,Day,Office,Balanced,0,0,0,1,0,0,1
62,26,20,103414.0,11,5,47.0,5,44,4,4,4,6,10,6,5,,Lead,Master,Female,Single,Night,Office,,0,1,0,0,0,0,0
63,24,15,107090.0,14,28,34.0,8,45,5,2,4,5,17,1,0,Engineering,Associate,Bachelor,Male,Divorced,Day,Remote,Supportive,0,0,0,0,1,0,0
64,33,20,98337.0,8,26,8.0,15,39,0,2,1,4,9,7,7,Operations,Analyst,Bachelor,Female,Married,Night,Remote,Supportive,1,0,0,0,0,0,0
65,41,16,78430.0,2,28,70.0,11,39,0,1,5,4,1,2,6,Marketing,Associate,Master,Male,Single,Night,Hybrid,Hands-off,0,0,0,0,0,0,0
66,23,8,53746.0,7,33,69.0,9,68,28,4,5,0,1,4,11,Operations,Manager,Bachelor,Male,Married,Day,Office,Balanced,0,0,0,0,1,0,0
67,56,4,61465.0,15,42,61.0,14,45,5,4,1,7,11,7,3,Sales,Manager,Master,Male,Divorced,Day,Remote,Hands-off,0,0,0,1,0,1,0
68,58,19,,1,14,35.0,1,52,12,2,5,1,8,4,1,Operations,Manager,Bachelor,Female,Divorced,Day,Office,Supportive,0,1,0,1,1,0,0
69,38,12,86028.0,13,6,66.0,7,43,3,1,5,2,1,10,1,Engineering,Manager,Bachelor,Female,Married,Night,Office,Hands-off,1,0,0,1,0,0,0
70,54,7,59016.0,20,34,67.0,9,44,4,4,5,3,11,3,1,Engineering,Associate,High School,Female,Single,Day,Hybrid,Balanced,0,0,0,0,0,1,0
71,43,18,81490.0,6,16,15.0,12,62,22,4,4,6,7,0,4,Finance,Executive,Bachelor,Female,Married,Day,Office,Hands-off,0,0,0,0,1,0,1
72,22,20,105253.0,5,15,20.0,10,52,12,2,5,0,12,4,9,Engineering,Engineer,Bachelor,Male,Single,Flexible,Hybrid,Micromanager,0,0,0,0,0,0,0
73,60,2,33537.0,5,42,20.0,10,42,2,1,1,7,16,7,8,Legal,Analyst,Master,Male,Single,Day,Remote,Balanced,1,0,0,0,0,0,1
74,39,4,35637.0,11,1,7.0,13,37,0,1,3,0,12,2,7,Marketing,Manager,High School,Female,Single,Day,Hybrid,Hands-off,1,1,0,0,0,0,0
75,30,5,289285.0,16,31,7.0,8,54,14,1,2,6,17,2,0,Engineering,Executive,Bachelor,Female,Single,Flexible,Hybrid,Hands-off,0,0,0,0,0,1,0
76,54,10,59824.0,9,15,16.0,8,47,7,1,1,7,13,9,8,Sales,Engineer,Master,Male,Single,Day,Hybrid,Micromanager,1,0,0,1,0,0,0
77,28,13,88163.0,11,32,74.0,6,51,11,3,1,5,12,1,1,Engineering,Associate,Master,Male,Married,Day,Hybrid,Supportive,1,0,0,0,0,0,0
78,45,4,63813.0,14,8,57.0,8,30,0,4,5,2,0,3,7,Operations,Manager,Bachelor,Female,Divorced,Day,Hybrid,Supportive,1,0,0,0,0,1,0
79,34,13,87423.0,19,11,15.0,3,60,20,3,5,1,3,3,3,Operations,Engineer,Master,Female,Single,Day,Office,Micromanager,0,0,0,0,0,1,0
80,57,15,92073.0,19,4,23.0,2,59,19,2,3,6,18,0,14,Sales,Lead,High School,Female,Married,Flexible,Office,Supportive,0,0,0,1,0,0,0
81,31,12,80468.0,19,48,46.0,11,44,4,4,3,6,8,9,15,Operations,Associate,Bachelor,Male,Married,Day,Hybrid,Balanced,1,0,1,1,0,1,0
82,57,19,79519.0,16,21,73.0,5,65,25,2,4,5,6,6,1,HR,Manager,Bachelor,Female,Married,Day,Office,Micromanager,0,1,0,0,0,0,1
83,48,13,67416.0,9,25,76.0,6,38,0,5,4,7,10,3,1,Finance,Engineer,Bachelor,Male,Married,Day,Office,Hands-off,0,0,1,0,1,0,0
84,57,20,83926.0,17,5,2.0,7,55,15,5,1,2,18,8,4,,Executive,Bachelor,Male,Married,Night,Office,Micromanager,1,0,1,0,0,0,1
85,54,5,64115.0,9,21,4.0,2,51,11,1,2,1,1,2,12,Marketing,Lead,Bachelor,Female,Married,Night,Hybrid,Micromanager,1,0,0,0,0,1,0
86,41,14,74777.0,19,28,13.0,11,70,30,2,4,1,16,1,8,Engineering,Lead,Bachelor,Male,Married,Day,Office,,1,0,0,1,0,0,0
87,56,4,346285.0,14,15,,14,69,29,2,2,3,19,5,11,Operations,Engineer,Bachelor,Female,Divorced,Flexible,Office,Balanced,1,0,0,1,1,0,0
88,39,8,71440.0,11,11,45.0,7,45,5,1,5,6,20,4,13,Research,Associate,Bachelor,Other,Married,Day,Office,Micromanager,1,0,0,1,0,0,0
89,58,17,90931.0,10,2,46.0,12,38,0,5,2,5,2,9,15,Operations,Associate,High School,Male,Single,Day,Office,Balanced,0,0,0,1,0,1,0
90,55,0,39853.0,19,16,33.0,2,64,24,4,1,3,0,7,6,Research,Manager,Master,Female,Married,Day,Office,Supportive,0,0,0,0,1,0,0
91,26,1,27041.0,3,53,71.0,14,64,24,3,3,3,16,8,7,Sales,Lead,Master,Male,Single,Day,Remote,Supportive,1,0,1,1,0,1,0
92,34,5,30176.0,20,36,39.0,1,59,19,1,1,7,19,8,13,Operations,Manager,High School,Male,Married,Night,Office,Hands-off,1,0,0,1,0,0,0
93,50,11,73340.0,4,48,19.0,5,32,0,4,1,4,8,8,3,Operations,Manager,Master,Female,Single,Day,Hybrid,Micromanager,1,0,0,0,0,0,1
94,49,18,103942.0,3,55,70.0,12,57,17,4,4,4,2,5,11,Marketing,Engineer,Bachelor,Male,Single,Day,Hybrid,Micromanager,0,0,0,0,0,0,1
95,55,7,32290.0,19,56,48.0,13,67,27,1,1,5,7,10,3,Finance,Executive,Bachelor,Male,Single,Day,Hybrid,Balanced,1,0,0,1,0,0,0
96,33,10,52600.0,13,19,10.0,13,30,0,4,3,3,7,7,12,Operations,Associate,Bachelor,Female,Single,Night,Remote,Supportive,0,0,0,0,0,0,0
97,50,0,20000.0,18,47,27.0,8,49,9,1,1,3,18,8,6,Engineering,Engineer,Master,Female,Married,Flexible,Hybrid,Balanced,0,0,0,0,0,0,0
98,50,7,53870.0,1,17,40.0,14,41,1,3,3,0,12,9,4,Operations,Associate,Master,Male,Single,Night,Hybrid,Supportive,1,0,0,0,0,1,0
99,23,2,140840.0,15,32,56.0,6,65,25,4,1,7,6,1,7,,Executive,Bachelor,Male,Single,Day,Office,Micromanager,1,0,0,0,0,0,0
100,54,15,74181.0,19,56,75.0,6,30,0,4,1,4,17,4,13,Sales,Manager,Bachelor,Male,Married,Day,Office,Balanced,0,0,0,0,0,1,0
101,57,2,52874.0,8,49,28.0,13,46,6,5,4,4,4,8,0,Research,Associate,Bachelor,Female,Divorced,Night,Office,Supportive,1,0,0,1,0,1,0
102,44,2,60847.0,12,47,10.0,4,46,6,3,4,1,7,5,8,Engineering,Engineer,Bachelor,Female,Single,Day,Hybrid,Balanced,1,1,0,0,1,0,0
103,37,19,86217.0,5,17,18.0,10,61,21,2,4,5,10,0,13,Engineering,Manager,Bachelor,Female,Married,Night,Remote,Balanced,0,0,0,1,0,1,1
104,37,16,84551.0,0,32,71.0,3,67,27,3,3,4,12,6,15,Engineering,Engineer,Bachelor,Female,Divorced,Flexible,Hybrid,Supportive,1,0,0,1,0,1,1
105,46,16,,4,1,14.0,5,42,2,5,4,7,8,0,3,Engineering,Manager,Bachelor,Male,Single,Night,Office,Supportive,0,0,0,1,0,0,0
106,58,15,78222.0,1,40,16.0,7,63,23,2,4,7,5,1,1,Engineering,Engineer,Bachelor,Male,Married,Day,Remote,Hands-off,0,1,0,0,0,0,1
107,39,16,93135.0,9,10,71.0,6,49,9,2,2,3,13,3,4,Sales,Lead,Bachelor,Male,Divorced,Night,Office,Balanced,0,0,0,0,1,0,0
108,46,17,92373.0,5,17,49.0,8,70,30,5,4,0,10,8,0,Marketing,Manager,Bachelor,Female,Married,Flexible,Office,Hands-off,0,1,0,1,0,0,0
109,30,14,,12,37,32.0,8,40,0,1,4,6,8,4,3,Sales,Manager,Bachelor,Other,Single,Day,Remote,Balanced,0,0,0,0,0,0,0
110,33,3,42703.0,1,16,8.0,9,67,27,3,1,3,12,6,12,HR,Associate,Bachelor,Male,Divorced,Day,Hybrid,Hands-off,0,0,0,0,0,0,0
111,30,20,103889.0,13,13,36.0,6,53,13,2,1,3,13,9,2,Operations,Analyst,Master,Male,Married,Day,Hybrid,Hands-off,0,0,0,0,0,0,0
112,50,8,58841.0,1,37,5.0,7,61,21,5,1,0,6,3,8,Operations,Lead,Bachelor,Female,Single,Day,Remote,Supportive,0,1,0,1,0,0,0
113,49,1,40060.0,11,26,3.0,10,69,29,1,5,7,19,1,10,Engineering,Executive,Master,Male,Married,Day,Office,Supportive,1,0,0,1,0,0,0
114,58,14,108888.0,8,46,25.0,1,34,0,4,4,0,10,7,5,Finance,Analyst,PhD,Female,Divorced,Day,Remote,Hands-off,1,1,0,0,0,0,0
115,28,11,76119.0,16,48,74.0,13,40,0,4,4,5,8,3,2,Operations,Executive,PhD,Female,Married,Day,Office,Balanced,1,0,0,0,0,1,0
116,37,10,78255.0,10,53,79.0,2,63,23,5,2,7,3,0,10,HR,Analyst,Bachelor,Female,Married,Flexible,Hybrid,Supportive,1,0,0,1,0,1,0
117,47,4,48312.0,11,13,44.0,10,65,25,1,3,1,18,0,15,Marketing,Analyst,Master,Male,Single,Day,Office,Balanced,0,0,1,0,0,0,0
118,46,12,57517.0,19,52,9.0,11,40,0,1,1,4,0,0,5,Research,Engineer,Master,Male,Single,Night,Hybrid,Balanced,0,0,0,0,1,1,0
119,43,9,68850.0,12,29,7.0,9,48,8,4,1,2,3,9,14,Legal,Manager,Bachelor,Male,Divorced,Night,Office,Supportive,1,0,0,1,0,0,0
120,26,4,66797.0,9,40,6.0,7,67,27,5,5,3,2,2,5,Engineering,Executive,PhD,Male,Divorced,Day,Office,Supportive,1,1,0,0,0,0,0
121,56,6,68464.0,20,8,15.0,11,60,20,2,2,7,1,8,0,Research,Manager,Bachelor,Male,Single,Day,Office,Supportive,1,0,0,0,0,1,0
122,52,6,50986.0,5,1,22.0,10,68,28,5,1,0,1,10,8,Sales,Associate,High School,Male,Single,Flexible,Hybrid,Supportive,1,1,0,0,0,1,0
123,39,10,51785.0,18,6,48.0,8,48,8,5,1,4,15,5,7,HR,Associate,PhD,Female,Divorced,Day,Office,Hands-off,0,0,0,1,0,1,0
124,23,17,83215.0,15,55,50.0,2,45,5,4,1,0,11,4,10,Sales,Associate,Bachelor,Female,Single,Day,Remote,Supportive,0,0,0,0,0,0,0
125,53,12,83411.0,13,23,18.0,6,58,18,4,5,7,17,9,8,,Analyst,High School,Male,Married,Day,Remote,Micromanager,0,0,0,0,0,0,0
126,45,2,60261.0,15,2,23.0,10,67,27,2,3,6,6,10,12,Engineering,Lead,High School,Male,Divorced,Day,Hybrid,Balanced,0,1,0,1,1,0,0
127,22,3,59117.0,3,34,29.0,9,57,17,1,1,4,3,6,0,Finance,Analyst,Bachelor,Female,Single,Night,Office,Supportive,1,0,0,0,0,0,0
128,35,3,56587.0,8,27,25.0,3,57,17,1,3,0,8,9,1,Marketing,Executive,Bachelor,Female,Single,Flexible,Hybrid,Micromanager,0,0,0,0,0,0,0
129,31,15,87394.0,18,36,58.0,15,42,2,3,2,5,0,6,7,Sales,Manager,Bachelor,Male,Married,Day,Office,Supportive,0,0,0,1,0,1,0
130,58,7,67930.0,3,50,36.0,15,57,17,2,2,6,10,9,8,Operations,Associate,Bachelor,Female,Single,Day,Office,Balanced,0,0,0,0,1,0,0
131,48,20,,14,20,34.0,4,34,0,1,4,3,9,6,8,Operations,Associate,Master,Male,Single,Night,Office,Supportive,1,0,0,0,0,0,0
132,55,6,,8,54,4.0,10,52,12,1,4,6,15,2,13,Engineering,Analyst,High School,Male,Divorced,Day,Office,Supportive,0,0,0,0,1,0,0
133,53,16,103866.0,18,14,9.0,15,65,25,2,1,1,10,6,6,Engineering,Lead,Bachelor,Male,Married,Flexible,Hybrid,Balanced,0,0,0,1,1,0,0
134,21,1,40534.0,15,47,76.0,1,58,18,2,1,6,12,4,9,HR,Analyst,Master,Female,Divorced,Day,Office,Supportive,0,0,0,1,0,0,0
135,21,15,78355.0,8,7,77.0,13,48,8,3,2,0,12,2,10,Sales,Associate,Bachelor,Female,Married,Flexible,Office,Micromanager,1,0,0,1,0,0,0
136,35,19,89201.0,9,29,66.0,3,32,0,3,4,2,19,10,9,,Manager,Master,Male,Married,Day,Hybrid,Micromanager,1,0,0,0,1,0,0
137,59,19,97417.0,11,29,58.0,7,57,17,1,4,5,16,6,14,Legal,Manager,Bachelor,Female,Married,Day,Hybrid,Micromanager,0,0,0,0,0,0,0
138,32,9,57166.0,11,11,78.0,1,55,15,2,2,3,18,9,6,HR,Engineer,PhD,Male,Married,Day,Office,Hands-off,1,0,0,0,0,0,0
139,59,20,101627.0,5,24,75.0,1,57,17,1,5,6,5,4,15,Finance,Manager,Master,Female,Married,Day,Office,Hands-off,1,0,0,1,1,1,0
140,58,15,90007.0,19,12,42.0,13,60,20,3,5,1,2,10,2,Sales,Associate,Bachelor,Female,Divorced,Day,Hybrid,Balanced,0,0,0,0,1,0,0
141,35,10,,18,25,67.0,13,58,18,3,3,1,9,10,8,Engineering,Executive,Bachelor,Female,Divorced,Flexible,Office,Balanced,0,1,1,1,1,0,0
142,31,17,69169.0,17,56,74.0,5,34,0,1,3,6,8,5,9,Engineering,Lead,Bachelor,Female,Single,Day,Hybrid,Balanced,1,0,0,0,1,0,0
143,40,5,45736.0,12,13,65.0,5,67,27,2,4,5,10,7,11,Operations,Manager,High School,Male,Married,Day,Hybrid,Hands-off,1,0,0,1,1,0,0
144,29,2,86743.0,18,20,36.0,10,46,6,1,5,5,13,3,11,Finance,Associate,PhD,Female,Married,Flexible,Office,Balanced,0,0,0,0,0,0,0
145,23,4,34573.0,7,11,63.0,8,58,18,4,2,6,16,3,12,Engineering,Associate,High School,Male,Married,Flexible,Hybrid,Micromanager,1,0,0,1,1,0,0
146,30,7,56946.0,13,24,43.0,12,52,12,1,1,6,9,8,6,Marketing,Engineer,Bachelor,Male,Married,Night,Hybrid,Supportive,1,0,0,0,1,1,0
147,47,20,115432.0,11,44,37.0,3,36,0,1,3,7,17,6,6,HR,Executive,Bachelor,Female,Single,Flexible,Remote,Balanced,1,0,0,0,1,1,0
148,58,20,94103.0,2,28,2.0,13,63,23,5,1,5,13,2,9,Finance,Manager,Master,Male,Divorced,Night,Hybrid,Micromanager,1,0,0,1,0,0,0
149,40,19,84852.0,0,1,14.0,13,46,6,2,2,2,12,6,13,Operations,Manager,Bachelor,Female,Divorced,Day,Hybrid,Supportive,1,0,0,1,1,0,0
150,41,20,100500.0,15,55,80.0,8,48,8,4,1,3,9,4,6,Marketing,Executive,Bachelor,Female,Single,Night,Office,Micromanager,0,0,0,1,0,0,0
151,21,10,64599.0,10,39,42.0,15,46,6,1,2,4,20,4,7,Engineering,Lead,Bachelor,Male,Single,Night,Hybrid,Supportive,0,0,0,1,0,1,0
152,39,5,72585.0,1,38,36.0,3,33,0,2,1,2,3,9,12,Sales,Executive,Master,Female,Divorced,Day,Hybrid,Balanced,0,0,0,0,1,0,1
153,24,5,61388.0,13,45,24.0,15,63,23,3,2,7,9,8,9,Research,Executive,Master,Female,Divorced,Day,Office,Hands-off,1,0,0,0,1,1,0
154,24,15,343635.0,15,1,65.0,14,32,0,2,5,0,19,0,3,Legal,Lead,Bachelor,Male,Married,Day,Remote,Micromanager,1,0,0,0,0,0,0
155,47,17,110256.0,7,50,9.0,9,37,0,3,5,7,4,9,12,Engineering,Associate,Bachelor,Male,Single,Day,Office,Hands-off,1,0,0,1,0,1,0
156,48,8,67637.0,6,31,,5,63,23,4,1,3,0,6,5,Legal,Associate,Bachelor,Male,Divorced,Day,Remote,Supportive,0,1,0,0,0,0,0
157,34,12,69586.0,14,8,60.0,15,56,16,5,1,6,20,7,2,Operations,Executive,High School,Female,Single,Day,Hybrid,Hands-off,0,0,0,1,0,1,0
158,35,18,96620.0,10,47,34.0,1,64,24,3,4,3,2,9,15,Engineering,Executive,Master,Female,Single,Flexible,Remote,Balanced,1,0,0,0,0,0,0
159,36,3,38101.0,12,2,30.0,3,37,0,3,1,6,12,1,7,Engineering,Executive,Master,Female,Single,Day,Office,Balanced,0,0,0,0,1,0,0
160,24,5,53992.0,9,18,14.0,8,61,21,1,5,1,19,5,15,Research,Manager,Bachelor,Female,Divorced,Flexible,Remote,,1,0,0,1,1,0,0
161,23,8,84793.0,0,18,72.0,7,39,0,3,5,6,4,3,15,Finance,Lead,Master,Male,Divorced,Night,Remote,Micromanager,0,0,0,1,0,0,0
162,41,12,87847.0,6,55,80.0,14,31,0,4,1,1,17,5,10,Engineering,Manager,Bachelor,Male,Divorced,Day,Hybrid,Micromanager,1,0,0,0,0,1,0
163,47,14,85681.0,14,55,,15,69,29,4,4,4,10,0,14,Finance,Associate,Bachelor,Male,Single,Day,Office,Micromanager,1,0,0,0,0,1,1
164,35,3,49288.0,14,46,51.0,3,42,2,2,5,7,4,10,6,Sales,Executive,Bachelor,Female,Divorced,Day,Office,Supportive,0,0,0,1,0,0,0
165,56,8,59370.0,5,52,78.0,9,49,9,1,4,1,17,4,3,Operations,Lead,Bachelor,Male,Single,Flexible,Office,Balanced,0,0,0,0,1,0,0
166,52,1,30362.0,19,10,1.0,2,53,13,1,5,6,10,7,0,Research,Manager,Bachelor,Female,Married,Day,Office,Balanced,0,0,0,1,1,0,0
167,31,7,70704.0,0,13,41.0,15,66,26,5,1,3,17,10,10,Engineering,Analyst,PhD,Male,Single,Flexible,Office,Balanced,0,0,0,0,0,0,0
168,47,1,46834.0,13,2,28.0,15,41,1,5,4,3,6,7,4,Engineering,Engineer,Bachelor,Female,Married,Night,Remote,Micromanager,1,1,0,1,1,0,0
169,40,17,69034.0,12,59,15.0,11,34,0,4,5,7,18,6,14,Operations,Lead,Master,Male,Single,Night,Office,Micromanager,1,1,0,0,0,1,0
170,34,14,86085.0,10,33,30.0,3,46,6,4,3,5,7,10,3,Finance,Manager,Master,Female,Divorced,Day,Office,Supportive,0,0,0,0,0,0,1
171,49,15,378780.0,14,1,,2,58,18,4,5,7,18,0,2,Marketing,Executive,High School,Female,Single,Day,Remote,Balanced,1,0,0,1,1,0,0
172,39,7,74675.0,19,8,41.0,10,55,15,3,5,3,8,3,7,Operations,Manager,Master,Female,Divorced,Day,Office,Supportive,1,0,0,1,0,0,0
173,60,7,81578.0,6,11,60.0,4,54,14,4,2,5,13,10,2,Operations,Associate,Bachelor,Female,Single,Flexible,Remote,Balanced,1,0,1,1,0,0,0
174,48,10,76888.0,14,57,25.0,9,58,18,3,1,3,13,2,13,Operations,Executive,PhD,Male,Married,Flexible,Remote,Balanced,1,0,0,1,0,0,0
175,27,16,114334.0,17,38,51.0,1,30,0,4,5,3,1,3,0,HR,Executive,Bachelor,Male,Single,Day,Office,,0,0,0,0,0,0,0
176,49,15,75992.0,2,47,58.0,15,33,0,5,1,6,15,9,15,Engineering,Analyst,Master,Male,Divorced,Night,Remote,Balanced,0,0,0,0,1,0,0
177,44,18,121602.0,4,30,41.0,1,39,0,5,4,5,6,8,5,Sales,Associate,High School,Male,Divorced,Day,Office,Supportive,0,0,0,1,0,0,0
178,31,3,58880.0,17,4,21.0,2,35,0,2,1,6,20,6,10,Engineering,Lead,Bachelor,Male,Divorced,Day,Hybrid,Micromanager,0,0,0,0,0,0,0
179,23,18,79691.0,2,6,11.0,15,67,27,5,5,2,2,7,7,Marketing,Engineer,High School,Female,Single,Day,Hybrid,Balanced,1,0,0,0,1,1,0
180,57,11,82262.0,0,10,79.0,14,37,0,1,1,1,11,8,0,Research,Executive,High School,Female,Single,Day,Office,Supportive,1,0,1,0,0,0,0
181,47,14,101378.0,0,4,45.0,9,63,23,3,2,7,5,7,15,Engineering,Lead,Bachelor,Male,Married,Day,Office,Balanced,0,0,0,0,0,0,0
182,46,13,65436.0,13,54,44.0,12,53,13,1,1,2,10,6,5,Finance,Lead,Bachelor,Female,Divorced,Day,Hybrid,Micromanager,0,1,0,1,0,0,0
183,42,15,97883.0,12,46,71.0,12,51,11,5,2,7,20,8,8,Sales,Analyst,Bachelor,Male,Divorced,Day,Office,Balanced,1,0,0,0,0,0,0
184,60,18,97597.0,9,7,49.0,4,56,16,3,1,4,12,8,14,Legal,Associate,Master,Female,Single,Day,Office,Hands-off,0,0,0,0,0,1,0
185,31,13,347205.0,18,18,63.0,1,53,13,5,3,5,0,3,8,Engineering,Associate,Bachelor,Male,Married,Flexible,Hybrid,Supportive,0,0,0,0,0,0,0
186,54,12,76355.0,5,21,69.0,9,68,28,2,2,5,19,1,11,Engineering,Executive,Bachelor,Female,Divorced,Flexible,Office,Balanced,0,0,0,1,0,1,1
187,24,9,57496.0,8,8,66.0,15,38,0,5,3,2,4,9,12,Operations,Executive,Bachelor,Female,Married,Flexible,Office,Balanced,1,1,0,1,0,0,0
188,51,17,95593.0,19,44,54.0,1,31,0,1,5,1,6,9,6,,Lead,Bachelor,Male,Divorced,Day,Hybrid,Balanced,0,0,0,1,1,0,0
189,34,16,99852.0,18,49,15.0,15,69,29,3,2,3,15,3,2,Operations,Engineer,Bachelor,Female,Divorced,Flexible,Hybrid,Micromanager,1,1,0,0,0,0,0
190,54,2,66546.0,10,38,60.0,14,55,15,5,3,7,18,3,15,Engineering,Lead,Master,Male,Single,Day,Office,Supportive,1,0,0,1,1,0,0
191,31,9,51364.0,3,37,58.0,15,46,6,3,5,7,2,3,14,,Lead,Bachelor,Male,Single,Flexible,Office,Balanced,0,0,0,0,0,0,1
192,35,2,52539.0,14,13,60.0,14,42,2,1,2,5,14,8,12,,Engineer,Bachelor,Male,Divorced,Day,Hybrid,Micromanager,1,0,0,1,0,0,0
193,55,4,60962.0,16,43,16.0,10,31,0,4,5,6,1,5,0,Operations,Analyst,Bachelor,Female,Divorced,Day,Office,Balanced,0,0,0,1,1,0,0
194,38,6,72837.0,0,33,0.0,8,33,0,4,5,1,10,10,15,Engineering,Analyst,Master,Male,Married,Day,Office,Supportive,0,0,0,0,1,0,0
195,38,18,90447.0,3,3,70.0,8,47,7,2,2,0,3,0,3,Operations,Engineer,High School,Female,Married,Flexible,Office,Hands-off,0,0,0,0,1,1,0
196,27,18,84003.0,2,30,21.0,11,49,9,5,3,0,9,1,0,Marketing,Lead,High School,Male,Single,Day,Hybrid,,1,0,0,0,0,1,0
197,26,4,53891.0,20,53,15.0,12,69,29,2,4,0,3,9,15,Operations,Manager,High School,Female,Divorced,Day,Office,Balanced,0,0,0,0,0,0,0
198,26,8,49510.0,19,1,53.0,15,35,0,3,2,5,12,0,6,Marketing,Engineer,Bachelor,Male,Divorced,Day,Office,Micromanager,0,1,0,1,0,1,0
199,46,2,35885.0,1,33,,9,52,12,3,2,7,17,10,6,Legal,Analyst,Bachelor,Male,Married,Day,Office,Balanced,1,0,0,0,0,0,0
200,52,14,85850.0,16,46,58.0,2,31,0,4,2,6,12,8,6,Sales,Executive,High School,Female,Single,Flexible,Hybrid,Balanced,0,0,0,0,0,0,1
201,44,8,55652.0,17,48,39.0,10,40,0,5,5,1,9,0,1,HR,Engineer,Bachelor,Female,Married,Day,Remote,Micromanager,0,0,0,0,0,0,0
202,39,19,88718.0,13,28,,2,61,21,5,3,1,0,9,2,Engineering,Analyst,Bachelor,Male,Divorced,Night,Hybrid,,1,0,0,0,0,0,0
203,45,9,65595.0,7,29,5.0,4,45,5,1,3,1,13,6,0,,Engineer,High School,Male,Divorced,Flexible,Hybrid,Hands-off,0,0,0,0,1,0,0
204,48,15,75094.0,3,40,65.0,10,38,0,5,1,5,15,1,3,Engineering,Executive,Master,Female,Married,Flexible,Office,,1,0,0,0,0,1,0
205,60,6,85348.0,19,27,52.0,11,66,26,3,5,2,14,2,9,Finance,Associate,Master,Female,Divorced,Day,Office,Balanced,1,0,0,1,1,0,0
206,58,11,89263.0,13,34,,10,46,6,1,3,5,18,0,11,Sales,Executive,Bachelor,Female,Single,Day,Remote,Supportive,1,0,0,0,0,0,0
207,28,10,374905.0,20,20,7.0,4,58,18,2,4,4,13,5,1,Marketing,Associate,Master,Male,Married,Flexible,Remote,Balanced,0,0,0,0,0,1,0
208,58,18,82055.0,9,56,71.0,5,35,0,5,1,5,6,7,0,,Manager,Master,Female,Married,Day,Hybrid,Supportive,0,0,0,0,0,1,0
209,60,0,39229.0,0,37,34.0,3,47,7,5,4,4,9,6,3,Engineering,Analyst,PhD,Female,Single,Day,Hybrid,Balanced,1,0,0,1,0,0,0
210,28,17,,15,5,25.0,14,42,2,3,5,2,7,10,9,Engineering,Engineer,Master,Female,Married,Day,Hybrid,Micromanager,1,1,0,0,0,1,0
211,25,10,73003.0,20,46,,15,36,0,4,3,6,14,3,4,Operations,Lead,Bachelor,Male,Married,Flexible,Remote,Balanced,0,0,0,0,1,0,1
212,51,20,104709.0,9,25,43.0,12,55,15,5,1,3,8,4,5,Operations,Executive,Bachelor,Female,Single,Flexible,Office,Balanced,0,0,0,0,0,0,0
213,30,10,77792.0,4,29,53.0,3,39,0,4,4,6,17,7,3,,Analyst,Bachelor,Male,Single,Day,Remote,Micromanager,1,0,0,1,0,0,0
214,36,11,82234.0,19,5,0.0,7,61,21,2,1,7,2,9,5,Legal,Engineer,Bachelor,Female,Married,Day,Office,Balanced,0,1,0,1,0,1,0
215,44,16,92426.0,14,13,14.0,11,33,0,4,4,2,16,5,1,Marketing,Analyst,PhD,Male,Divorced,Day,Hybrid,Hands-off,0,0,0,1,0,0,0
216,39,12,94660.0,17,14,,4,65,25,4,4,2,12,6,8,Operations,Executive,High School,Male,Married,Day,Remote,Balanced,0,1,0,1,1,0,0
217,59,13,76326.0,7,38,42.0,15,48,8,4,2,0,12,7,0,Sales,Lead,Bachelor,Female,Married,Day,Hybrid,Hands-off,1,0,1,0,1,0,0
218,25,20,81704.0,17,47,69.0,9,58,18,3,1,0,12,2,9,Operations,Associate,Bachelor,Male,Single,Day,Hybrid,Balanced,0,0,0,1,1,0,0
219,37,1,49643.0,9,42,58.0,4,38,0,1,3,6,1,3,2,Research,Analyst,Bachelor,Female,Married,Day,Hybrid,Balanced,0,1,0,0,0,0,0
220,38,9,72721.0,18,12,16.0,14,53,13,3,3,6,16,0,14,Sales,Executive,Bachelor,Male,Single,Day,Hybrid,Balanced,1,0,0,0,0,0,0
221,52,17,97783.0,17,44,71.0,6,60,20,2,4,1,5,10,14,Marketing,Analyst,Master,Male,Divorced,Day,Hybrid,Balanced,1,0,0,1,0,0,0
222,58,3,56760.0,14,24,0.0,7,60,20,4,2,4,11,1,9,Engineering,Lead,Master,Female,Married,Day,Hybrid,Hands-off,0,0,0,1,0,0,0
223,54,11,84009.0,4,50,,3,32,0,2,3,2,11,0,6,Sales,Associate,Bachelor,Male,Divorced,Night,Office,Supportive,1,0,0,0,1,1,0
224,57,7,69344.0,15,54,34.0,15,54,14,5,4,5,13,10,5,Marketing,Analyst,Bachelor,Male,Single,Night,Office,Balanced,0,0,0,0,1,0,0
225,40,6,73007.0,9,33,56.0,8,45,5,5,3,2,4,9,10,Sales,Lead,Master,Female,Married,Night,Office,Micromanager,0,0,1,0,0,0,0
226,59,16,521245.0,12,11,69.0,13,52,12,3,2,7,19,8,14,Sales,Executive,High School,Female,Single,Day,Hybrid,Balanced,0,0,0,0,0,0,0
227,38,0,47297.0,1,28,1.0,14,42,2,1,3,4,20,6,12,Sales,Executive,Bachelor,Male,Married,Day,Office,Balanced,1,0,0,1,1,0,0
228,49,18,79277.0,6,4,2.0,8,58,18,4,3,0,5,9,10,Sales,Manager,Bachelor,Male,Married,Flexible,Office,Supportive,1,0,0,1,1,1,0
229,22,17,89196.0,9,5,8.0,2,63,23,4,5,6,9,1,11,Engineering,Executive,Bachelor,Male,Married,Flexible,Remote,Supportive,1,0,0,0,0,0,0
230,36,4,47026.0,2,52,46.0,15,42,2,3,5,1,5,9,9,Engineering,Lead,Bachelor,Female,Divorced,Day,Office,Supportive,0,0,0,0,1,0,0
231,49,15,103373.0,9,29,79.0,4,49,9,5,5,5,6,6,8,Sales,Associate,High School,Male,Married,Day,Remote,Balanced,0,1,1,0,0,1,0
232,27,9,76873.0,3,41,26.0,10,31,0,1,1,4,0,6,9,Sales,Engineer,Bachelor,Male,Divorced,Day,Office,Supportive,0,0,0,1,0,1,0
233,21,20,95946.0,14,3,45.0,7,40,0,4,5,1,12,0,7,Engineering,Engineer,Master,Female,Divorced,Day,Office,Micromanager,1,0,0,0,0,0,1
234,59,8,59463.0,9,50,70.0,11,68,28,3,4,6,16,9,0,,Associate,Master,Male,Divorced,Day,Remote,Balanced,1,0,0,0,0,0,0
235,39,0,42834.0,10,45,52.0,4,65,25,4,4,3,20,1,1,Engineering,Analyst,Bachelor,Male,Divorced,Day,Office,Micromanager,0,0,0,0,0,0,0
236,53,2,,6,58,50.0,4,31,0,3,1,2,4,1,15,Marketing,Executive,Bachelor,Male,Divorced,Day,Hybrid,Micromanager,0,1,1,0,0,0,1
237,49,17,75992.0,9,29,78.0,13,33,0,2,2,0,16,6,15,Finance,Manager,Master,Male,Married,Day,Office,Balanced,1,0,0,1,0,0,0
238,28,11,82975.0,1,44,4.0,6,34,0,5,1,1,0,2,13,Engineering,Engineer,Bachelor,Female,Single,Day,Office,Balanced,0,0,0,1,0,0,0
239,51,11,64295.0,12,46,68.0,10,39,0,3,1,1,4,6,14,Engineering,Lead,Bachelor,Male,Divorced,Day,Remote,Balanced,1,0,0,0,0,0,0
240,60,19,101671.0,13,44,21.0,5,59,19,2,3,6,7,1,8,Engineering,Analyst,Bachelor,Female,Divorced,Day,Hybrid,Micromanager,0,0,0,0,0,0,0
241,39,4,44352.0,6,26,11.0,8,34,0,2,4,4,4,0,9,Sales,Associate,Bachelor,Female,Single,Day,Office,Supportive,0,1,0,0,0,0,0
242,58,9,76761.0,17,27,40.0,8,57,17,2,1,6,5,5,5,Operations,Lead,Bachelor,Female,Married,Day,Office,Balanced,0,0,0,1,0,0,0
243,54,2,39725.0,5,55,47.0,1,48,8,3,2,6,8,3,11,Research,Associate,PhD,Male,Single,Flexible,Office,Balanced,0,0,0,0,0,0,1
244,49,2,50426.0,15,54,14.0,12,60,20,2,1,2,15,9,0,Operations,Manager,Bachelor,Male,Married,Flexible,Office,Hands-off,1,0,0,0,0,1,0
245,21,20,94069.0,11,36,27.0,13,46,6,3,2,3,2,6,11,Engineering,Engineer,Bachelor,Female,Married,Day,Remote,Micromanager,1,0,1,0,0,1,0
246,22,7,63388.0,8,27,,7,66,26,5,2,4,19,4,12,Marketing,Executive,Bachelor,Male,Married,Day,Hybrid,Balanced,0,0,0,1,0,0,0
247,50,4,36150.0,14,54,2.0,12,49,9,5,1,7,17,3,11,Sales,Engineer,Bachelor,Male,Married,Flexible,Office,Micromanager,0,0,0,1,0,0,0
248,56,16,91848.0,4,22,79.0,9,39,0,2,1,1,6,3,9,Operations,Associate,High School,Male,Married,Night,Hybrid,Micromanager,0,0,1,0,1,0,0
249,59,12,68183.0,0,39,17.0,9,62,22,5,1,2,5,2,7,Operations,Associate,Bachelor,Female,Married,Day,Remote,Balanced,0,0,0,0,0,0,0
250,41,17,100402.0,10,36,16.0,9,35,0,3,4,0,1,8,11,HR,Associate,High School,Male,Married,Day,Hybrid,Hands-off,1,0,0,1,0,0,0
251,51,9,69225.0,3,58,23.0,13,56,16,1,3,7,19,1,13,HR,Engineer,Master,Female,Divorced,Flexible,Office,Supportive,0,0,0,1,1,1,0
252,32,14,59114.0,10,37,36.0,15,58,18,2,3,1,11,1,3,Finance,Executive,Bachelor,Female,Divorced,Night,Hybrid,Balanced,1,0,0,1,0,0,0
253,31,11,64861.0,13,56,27.0,11,68,28,1,5,1,10,2,15,Research,Lead,Bachelor,Female,Married,Night,Remote,Micromanager,0,0,0,1,0,0,1
254,51,1,48183.0,5,22,77.0,3,41,1,4,4,4,1,1,14,HR,Associate,Bachelor,Male,Married,Day,Remote,Supportive,0,0,0,1,0,1,0
255,44,0,46452.0,6,23,33.0,11,51,11,2,3,3,9,10,1,Sales,Lead,Bachelor,Male,Married,Flexible,Hybrid,Balanced,1,0,0,0,0,0,0
256,60,6,65958.0,6,28,77.0,5,67,27,4,2,1,11,8,6,HR,Lead,Master,Female,Divorced,Day,Remote,Micromanager,0,0,0,1,0,0,0
257,38,8,70368.0,19,14,24.0,3,68,28,3,2,6,3,2,2,Marketing,Executive,Master,Female,Single,Flexible,Hybrid,Balanced,0,0,0,0,1,0,0
258,22,8,58985.0,14,2,73.0,2,37,0,5,4,0,14,5,11,Research,Associate,Bachelor,Female,Divorced,Day,Office,Micromanager,0,0,0,0,1,1,0
259,45,2,42131.0,1,46,21.0,11,37,0,3,3,0,13,5,7,Research,Lead,Bachelor,Male,Married,Day,Remote,Balanced,0,0,0,0,1,0,0
260,30,5,54671.0,18,57,12.0,1,49,9,1,2,0,16,8,2,Sales,Manager,Bachelor,Male,Single,Flexible,Office,Balanced,0,0,0,0,1,1,0
261,51,5,53763.0,15,7,21.0,13,40,0,1,2,4,6,6,15,Engineering,Manager,Bachelor,Female,Married,Day,Hybrid,Hands-off,1,0,0,0,0,0,0
262,51,7,77233.0,14,33,19.0,10,41,1,5,1,6,7,10,8,HR,Associate,Master,Female,Single,Flexible,Remote,Supportive,0,0,0,0,0,0,0
263,42,7,80596.0,13,17,41.0,12,56,16,4,2,4,16,10,13,,Associate,Bachelor,Female,Divorced,Day,Office,Balanced,0,0,0,0,0,0,0
264,52,6,53754.0,17,15,5.0,10,64,24,2,1,5,4,1,15,Operations,Analyst,Bachelor,Female,Married,Night,Office,Balanced,0,0,0,0,1,1,0
265,28,19,93537.0,17,34,74.0,6,69,29,1,3,5,11,1,1,Sales,Engineer,Bachelor,Male,Married,Day,Office,Supportive,0,0,1,1,1,1,0
266,47,16,79910.0,3,23,31.0,10,40,0,3,1,5,14,1,3,Sales,Associate,Bachelor,Female,Single,Night,Hybrid,Balanced,0,1,0,0,0,1,0
267,30,6,43432.0,3,21,36.0,4,53,13,1,2,0,6,0,6,Finance,Engineer,Master,Male,Divorced,Night,Hybrid,,1,0,0,1,1,1,0
268,33,1,42266.0,6,15,56.0,11,63,23,4,3,4,1,6,12,Engineering,Associate,PhD,Male,Divorced,Day,Office,Hands-off,0,0,0,0,1,1,0
269,22,18,,4,28,29.0,7,38,0,1,1,6,0,2,5,,Engineer,Master,Female,Single,Day,Hybrid,Micromanager,1,0,0,0,1,1,0
270,45,1,48508.0,4,4,35.0,6,50,10,5,5,6,6,3,0,Finance,Lead,Bachelor,Female,Married,Night,Remote,Balanced,0,0,0,1,1,0,0
271,47,12,72263.0,2,47,62.0,1,59,19,3,4,3,11,10,0,HR,Analyst,Bachelor,Female,Divorced,Day,Hybrid,Balanced,1,1,0,0,0,0,0
272,42,8,82265.0,14,26,71.0,3,53,13,5,3,1,0,3,9,Sales,Executive,High School,Male,Married,Day,Office,Micromanager,1,0,0,0,1,0,0
273,58,14,79678.0,2,56,62.0,11,44,4,5,4,3,9,5,14,Marketing,Analyst,Master,Male,Married,Day,Office,Balanced,1,0,0,0,1,0,0
274,41,19,109975.0,20,24,67.0,15,41,1,4,2,0,0,7,13,Operations,Executive,Bachelor,Male,Divorced,Day,Hybrid,Balanced,1,0,0,1,1,0,0
275,59,9,74817.0,19,10,58.0,10,43,3,4,2,5,9,9,2,Marketing,Analyst,Bachelor,Female,Married,Day,Office,Micromanager,0,0,0,1,0,0,0
276,29,8,40044.0,17,12,42.0,7,38,0,3,5,7,0,2,4,Finance,Manager,Master,Male,Married,Night,Office,Balanced,1,0,0,0,0,0,0
277,33,17,85757.0,15,33,57.0,3,38,0,4,3,0,6,9,0,Sales,Engineer,Master,Male,Divorced,Flexible,Hybrid,Micromanager,0,0,0,1,0,0,1
278,53,18,101656.0,5,37,30.0,2,70,30,5,2,5,3,3,4,Marketing,Engineer,Bachelor,Female,Married,Day,Hybrid,Supportive,0,0,0,0,0,0,0
279,40,9,69828.0,6,10,53.0,4,30,0,5,1,4,15,0,11,Sales,Associate,High School,Female,Single,Day,Hybrid,Balanced,0,0,0,1,1,0,0
280,51,16,98109.0,10,20,47.0,9,31,0,5,1,3,3,5,9,Engineering,Analyst,Bachelor,Female,Married,Flexible,Hybrid,Supportive,0,0,0,0,1,0,0
281,28,9,83712.0,20,43,19.0,4,50,10,2,1,1,9,1,9,HR,Lead,Master,Male,Married,Day,Hybrid,Balanced,1,0,0,1,0,0,0
282,45,7,,10,7,25.0,8,51,11,1,3,6,9,8,3,Legal,Associate,Bachelor,Male,Single,Flexible,Hybrid,Micromanager,1,0,0,0,0,0,0
283,21,8,65801.0,9,47,74.0,14,67,27,4,5,0,15,2,1,Finance,Manager,Bachelor,Female,Married,Night,Hybrid,Balanced,0,0,0,0,0,0,1
284,23,2,40454.0,11,22,80.0,4,46,6,3,1,5,20,4,15,Sales,Manager,Master,Female,Married,Day,Office,Hands-off,1,0,1,0,0,0,0
285,29,3,68556.0,5,42,76.0,7,57,17,2,3,7,18,0,12,Engineering,Associate,Bachelor,Female,Married,Night,Office,Balanced,0,0,0,0,1,0,0
286,36,1,59590.0,16,32,42.0,8,32,0,5,4,3,15,10,4,Research,Analyst,Master,Female,Divorced,Day,Remote,Hands-off,1,0,0,1,1,0,0
287,58,13,91995.0,10,29,61.0,9,53,13,1,3,1,19,0,7,Engineering,Analyst,Master,Female,Divorced,Flexible,Office,Supportive,0,0,0,0,0,0,0
288,38,2,23051.0,9,49,64.0,11,56,16,3,1,4,6,2,8,HR,Associate,Bachelor,Female,Divorced,Day,Office,Balanced,1,0,0,0,1,0,0
289,37,5,47062.0,18,9,12.0,8,44,4,3,4,5,3,0,7,HR,Executive,High School,Female,Married,Day,Office,Supportive,0,0,0,1,1,0,0
290,45,2,63166.0,19,32,48.0,14,30,0,1,1,2,7,4,4,Engineering,Analyst,Master,Male,Married,Day,Remote,Balanced,1,0,0,0,0,0,0
291,35,18,73286.0,9,35,,12,52,12,4,5,1,0,3,15,Marketing,Analyst,Bachelor,Female,Divorced,Day,Office,Balanced,0,0,0,0,0,0,1
292,48,0,37742.0,16,31,43.0,10,66,26,5,2,6,5,6,0,Marketing,Lead,High School,Male,Divorced,Day,Office,Micromanager,0,0,0,0,1,1,0
293,57,11,80414.0,12,40,43.0,6,53,13,3,2,1,0,5,0,,Analyst,Bachelor,Female,Divorced,Flexible,Hybrid,Balanced,1,0,0,0,1,0,0
294,41,19,113698.0,1,32,34.0,15,61,21,5,5,0,19,2,0,Sales,Executive,PhD,Female,Divorced,Night,Hybrid,Balanced,0,0,0,0,0,0,0
295,26,13,66989.0,12,43,75.0,3,48,8,5,3,1,18,7,9,Engineering,Associate,PhD,Female,Married,Day,Remote,Micromanager,0,0,0,0,0,0,0
296,47,17,77830.0,0,48,2.0,7,33,0,1,5,2,14,7,5,Research,Engineer,Master,Female,Divorced,Day,Office,Hands-off,0,0,0,0,1,0,0
297,60,5,61479.0,10,5,56.0,1,36,0,3,1,6,13,10,11,Finance,Associate,PhD,Male,Single,Flexible,Office,Hands-off,0,0,0,0,0,0,0
298,34,14,67434.0,1,24,77.0,7,65,25,2,3,4,5,10,6,Sales,Engineer,Bachelor,Male,Single,Flexible,Office,Hands-off,0,0,0,0,1,0,0
299,26,12,89005.0,4,47,77.0,15,34,0,2,4,7,1,6,9,Engineering,Engineer,Master,Male,Single,Night,Hybrid,,0,0,0,0,0,0,0
300,21,11,62591.0,4,24,5.0,9,30,0,1,1,7,9,9,2,Research,Analyst,Master,Male,Married,Day,Office,Balanced,0,1,0,1,1,0,0
301,35,0,33224.0,5,24,63.0,6,45,5,2,1,7,8,5,11,Engineering,Analyst,Bachelor,Male,Divorced,Day,Office,Balanced,1,0,0,0,1,1,0
302,30,15,65642.0,6,4,51.0,7,54,14,3,4,3,16,10,13,HR,Manager,Bachelor,Male,Divorced,Night,Hybrid,Supportive,0,0,1,0,0,0,0
303,48,0,,1,17,39.0,6,50,10,5,1,4,10,10,1,Sales,Engineer,Bachelor,Male,Married,Day,Office,Micromanager,0,0,0,1,0,1,0
304,31,0,64256.0,13,16,10.0,1,36,0,5,4,4,10,2,0,,Manager,High School,Female,Single,Day,Hybrid,Balanced,0,0,0,1,1,0,0
305,32,0,44287.0,17,43,51.0,3,61,21,2,5,3,20,3,2,HR,Associate,Bachelor,Male,Divorced,Day,Remote,Supportive,0,0,0,1,1,0,0
306,56,3,68209.0,16,14,32.0,6,32,0,5,1,6,3,4,4,Engineering,Manager,Bachelor,Female,Married,Day,Hybrid,Hands-off,1,0,0,0,0,0,0
307,34,11,278555.0,16,12,54.0,3,67,27,1,1,4,4,5,14,Research,Analyst,Bachelor,Female,Married,Day,Hybrid,Micromanager,0,0,0,0,1,0,1
308,23,6,41756.0,12,23,29.0,12,47,7,5,1,4,16,7,14,Operations,Executive,Bachelor,Female,Single,Day,Hybrid,Hands-off,0,0,0,1,1,1,0
309,43,17,80700.0,11,1,72.0,3,55,15,1,2,2,15,7,1,Engineering,Lead,Master,Female,Married,Day,Hybrid,Balanced,0,0,0,0,1,0,0
310,57,8,75150.0,0,2,,14,49,9,2,1,1,5,0,11,HR,Analyst,Bachelor,Female,Divorced,Day,Hybrid,Balanced,1,0,0,1,0,0,0
311,55,4,59055.0,11,11,71.0,9,67,27,4,2,2,19,3,7,Operations,Lead,Master,Male,Married,Day,Remote,Balanced,1,0,0,1,0,0,0
312,36,17,80393.0,0,1,75.0,6,70,30,5,3,7,17,0,1,HR,Analyst,PhD,Male,Divorced,Day,Hybrid,Balanced,0,0,0,1,1,1,0
313,27,13,66195.0,5,22,15.0,4,58,18,4,1,4,12,7,7,Operations,Associate,High School,Female,Single,Day,Hybrid,Hands-off,0,1,0,0,0,0,1
314,43,6,53424.0,17,45,60.0,7,56,16,2,1,4,15,8,1,Sales,Associate,Bachelor,Female,Divorced,Day,Hybrid,Supportive,1,0,0,0,1,1,0
315,51,8,60742.0,4,5,80.0,14,38,0,1,3,7,20,1,9,Engineering,Associate,Bachelor,Female,Single,Day,Remote,Hands-off,0,1,0,0,0,1,0
316,35,7,63812.0,2,29,29.0,7,47,7,3,3,0,5,7,0,Sales,Associate,High School,Female,Divorced,Flexible,Hybrid,Micromanager,0,0,0,0,1,0,0
317,60,3,45313.0,3,30,8.0,5,42,2,4,2,7,4,6,10,Sales,Lead,Master,Male,Single,Day,Office,Micromanager,0,0,1,0,0,0,0
318,42,3,65803.0,10,8,8.0,10,31,0,5,5,1,18,7,13,Operations,Executive,Bachelor,Female,Divorced,Day,Hybrid,Micromanager,1,0,0,0,0,0,0
319,42,17,86126.0,14,48,71.0,13,36,0,1,2,7,18,8,12,Engineering,Lead,Bachelor,Female,Single,Day,Office,Micromanager,0,0,0,0,0,0,1
320,60,6,61773.0,13,23,45.0,6,42,2,5,5,0,18,0,3,Engineering,Engineer,Master,Female,Divorced,Day,Remote,Supportive,0,0,0,0,0,0,0
321,48,17,85597.0,4,59,1.0,1,68,28,5,3,2,17,0,1,Research,Engineer,Bachelor,Female,Divorced,Day,Office,Balanced,0,0,0,0,0,0,0
322,37,13,66483.0,8,35,12.0,3,31,0,5,3,5,15,1,6,Research,Associate,High School,Male,Single,Day,Remote,Balanced,0,0,0,1,1,0,0
323,26,11,65872.0,8,7,7.0,11,36,0,1,3,0,1,1,15,Engineering,Executive,Bachelor,Male,Married,Day,Hybrid,Balanced,1,0,0,0,0,0,0
324,47,2,36834.0,19,45,34.0,12,68,28,5,1,3,14,4,3,Engineering,Manager,Bachelor,Male,Divorced,Night,Hybrid,Micromanager,0,0,0,0,1,0,0
325,27,0,61403.0,12,43,70.0,12,60,20,4,3,0,3,2,0,Marketing,Engineer,Master,Female,Single,Day,Hybrid,Balanced,1,0,0,0,0,1,0
326,30,8,358245.0,8,49,16.0,1,59,19,4,2,6,18,1,3,Engineering,Manager,High School,Female,Married,Flexible,Hybrid,Supportive,1,0,0,1,0,0,0
327,25,18,77524.0,10,7,48.0,9,38,0,5,1,1,12,5,14,Sales,Associate,Bachelor,Female,Married,Day,Remote,Balanced,1,0,0,1,0,0,1
328,24,17,92553.0,19,25,29.0,2,40,0,5,1,1,19,3,12,Sales,Engineer,Master,Male,Single,Day,Remote,Balanced,0,0,0,1,0,0,0
329,52,19,78646.0,18,46,33.0,5,49,9,5,5,7,6,5,10,Engineering,Executive,Bachelor,Male,Single,Flexible,Remote,Supportive,0,0,0,0,0,1,1
330,53,4,82099.0,14,31,34.0,1,37,0,4,3,5,18,8,8,Engineering,Executive,Master,Female,Divorced,Day,Office,Balanced,1,0,0,1,0,1,0
331,36,16,77015.0,10,34,32.0,10,31,0,5,1,5,1,9,14,Marketing,Engineer,Bachelor,Male,Single,Night,Hybrid,Hands-off,0,0,0,1,0,0,0
332,49,5,48542.0,10,24,2.0,4,39,0,5,4,5,0,3,10,Engineering,Engineer,PhD,Male,Divorced,Night,Hybrid,Micromanager,0,0,0,0,0,1,1
333,39,1,36666.0,15,54,24.0,2,52,12,5,5,2,6,8,3,HR,Analyst,Bachelor,Male,Divorced,Flexible,Remote,Balanced,1,0,1,0,0,0,0
334,42,9,77211.0,15,42,,3,39,0,1,5,1,5,10,7,Research,Manager,Bachelor,Male,Divorced,Day,Office,,0,0,0,1,0,0,0
335,45,16,,6,54,54.0,15,48,8,3,5,2,0,3,11,Marketing,Engineer,Bachelor,Male,Divorced,Day,Office,Balanced,1,0,0,0,0,0,1
336,53,6,55698.0,16,58,9.0,15,35,0,1,2,4,17,9,0,Finance,Lead,Bachelor,Female,Single,Day,Hybrid,Supportive,0,1,0,0,1,0,0
337,59,9,58035.0,15,19,11.0,5,63,23,5,3,6,0,9,2,Marketing,Analyst,Bachelor,Male,Married,Day,Office,Balanced,0,0,0,0,0,1,0
338,55,16,101480.0,17,50,55.0,8,31,0,5,5,2,4,4,4,Engineering,Manager,Master,Female,Married,Day,Hybrid,Balanced,1,0,1,1,1,0,0
339,51,11,416160.0,11,20,47.0,9,36,0,4,2,5,10,6,12,Legal,Engineer,Master,Female,Married,Day,Office,,0,0,1,1,0,0,1
340,33,11,52499.0,20,10,19.0,2,65,25,4,5,4,11,9,2,Marketing,Associate,Bachelor,Male,Single,Day,Hybrid,Balanced,0,0,0,1,1,1,0
341,38,12,72840.0,11,27,51.0,7,54,14,1,5,5,20,2,4,Sales,Executive,Bachelor,Female,Divorced,Night,Hybrid,Supportive,0,0,0,1,0,0,0
342,47,15,90327.0,20,33,30.0,15,35,0,4,2,3,20,10,3,Operations,Analyst,Bachelor,Female,Married,Day,Remote,Balanced,0,1,0,0,0,0,0
343,48,16,74439.0,0,29,51.0,15,59,19,1,2,2,17,1,9,Sales,Manager,Bachelor,Female,Divorced,Day,Office,Supportive,1,0,0,1,0,0,0
344,26,18,93230.0,18,36,8.0,11,65,25,3,5,7,15,4,4,,Lead,Master,Female,Married,Day,Remote,Hands-off,0,0,0,0,0,1,1
345,46,19,88489.0,10,16,40.0,3,61,21,5,4,5,14,5,10,Legal,Engineer,Bachelor,Male,Single,Day,Remote,Micromanager,1,0,0,0,0,0,0
346,40,14,88553.0,14,27,44.0,9,57,17,1,2,4,11,0,13,Sales,Lead,Master,Male,Married,Day,Office,Supportive,0,1,0,1,0,1,0
347,51,7,72497.0,20,30,52.0,7,56,16,3,1,3,17,3,12,Research,Manager,Master,Male,Single,Night,Office,Balanced,0,0,0,0,0,0,0
348,32,3,44937.0,19,40,80.0,8,58,18,3,1,3,1,3,7,Engineering,Associate,High School,Male,Divorced,Day,Office,Balanced,1,0,0,0,0,1,0
349,31,6,46583.0,15,57,20.0,2,64,24,4,5,4,18,6,4,Engineering,Associate,Bachelor,Female,Single,Day,Office,Supportive,1,0,0,0,0,0,0
350,40,1,61462.0,11,33,23.0,4,34,0,3,4,5,15,3,14,Finance,Lead,Master,Male,Divorced,Flexible,Office,Micromanager,0,1,0,0,0,0,0
351,29,20,107367.0,10,7,41.0,4,34,0,5,3,6,8,8,5,HR,Lead,Bachelor,Male,Divorced,Flexible,Office,,1,0,0,0,0,0,0
352,43,1,55285.0,8,41,68.0,15,32,0,3,4,2,5,3,7,Operations,Associate,Master,Female,Single,Day,Office,,0,0,0,1,1,0,0
353,30,19,74966.0,20,1,1.0,10,48,8,4,2,2,14,4,12,Engineering,Analyst,Master,Female,Divorced,Night,Office,Supportive,0,0,0,1,0,0,0
354,55,10,56609.0,2,19,9.0,11,44,4,3,2,2,12,4,3,HR,Associate,Bachelor,Female,Single,Flexible,Hybrid,Balanced,1,0,1,0,0,0,0
355,46,15,82254.0,18,6,18.0,11,37,0,2,3,5,14,6,6,Operations,Engineer,Master,Female,Married,Day,Hybrid,,0,0,0,0,0,1,1
356,35,16,92488.0,17,28,3.0,6,51,11,5,2,0,11,9,7,Research,Analyst,Bachelor,Male,Married,Day,Office,Micromanager,1,0,0,0,0,1,0
357,33,14,66997.0,4,34,59.0,2,64,24,2,3,7,6,0,11,Legal,Associate,Bachelor,Female,Single,Day,Hybrid,Supportive,1,0,0,1,0,0,0
358,30,7,70430.0,19,8,72.0,7,43,3,4,2,0,10,7,12,Engineering,Associate,Bachelor,Male,Married,Day,Office,Balanced,0,0,0,0,0,0,0
359,34,9,61299.0,15,39,46.0,14,50,10,4,1,3,10,5,4,Finance,Analyst,High School,Male,Single,Day,Office,Balanced,1,0,1,0,1,0,0
360,50,19,77037.0,19,26,52.0,13,58,18,3,5,1,2,4,2,Finance,Engineer,Master,Male,Married,Day,Office,Balanced,0,0,0,0,1,0,0
361,28,19,109858.0,7,34,79.0,13,36,0,3,4,0,0,3,4,Engineering,Executive,Bachelor,Male,Divorced,Day,Remote,Micromanager,0,0,0,1,0,0,0
362,32,5,51981.0,17,45,63.0,7,42,2,5,5,0,8,3,12,Finance,Engineer,Bachelor,Male,Married,Day,Hybrid,Hands-off,1,0,0,1,0,0,0
363,28,4,56419.0,8,30,70.0,11,55,15,4,3,5,20,7,2,Marketing,Executive,Bachelor,Male,Divorced,Night,Office,Micromanager,1,0,0,1,1,0,0
364,45,0,36677.0,0,15,15.0,12,67,27,4,1,6,3,7,15,,Executive,Bachelor,Male,Divorced,Day,Hybrid,Micromanager,1,0,0,0,0,0,0
365,34,7,46496.0,13,6,80.0,9,61,21,4,1,4,18,8,14,Marketing,Manager,Bachelor,Female,Married,Night,Office,Balanced,1,0,0,0,1,0,0
366,60,7,58719.0,7,40,33.0,12,44,4,4,4,0,2,5,6,Engineering,Associate,Master,Female,Divorced,Flexible,Hybrid,Balanced,0,0,0,1,1,0,0
367,43,14,46575.0,20,25,8.0,7,67,27,3,1,3,14,0,5,Engineering,Lead,Bachelor,Male,Married,Day,Office,Balanced,1,0,0,1,0,0,0
368,37,2,63178.0,0,29,50.0,13,33,0,4,4,4,20,0,7,Sales,Associate,Bachelor,Male,Married,Day,Hybrid,Balanced,1,0,0,0,0,0,0
369,39,0,51920.0,13,35,22.0,10,48,8,3,4,6,3,3,2,HR,Engineer,Master,Female,Married,Day,Office,Micromanager,0,0,0,0,0,0,0
370,32,9,83523.0,0,32,29.0,8,50,10,2,2,7,11,8,2,Sales,Lead,Bachelor,Female,Married,Day,Remote,Balanced,0,0,0,1,1,0,0
371,59,14,84931.0,15,16,69.0,2,42,2,4,3,0,1,0,10,Engineering,Associate,Bachelor,Female,Divorced,Night,Hybrid,Micromanager,1,0,0,1,1,0,0
372,25,18,96327.0,20,24,17.0,5,39,0,5,1,3,3,1,7,Sales,Lead,Master,Male,Married,Day,Office,Hands-off,1,0,0,0,1,1,0
373,47,15,58061.0,7,55,46.0,2,59,19,1,5,7,0,5,12,Engineering,Manager,Bachelor,Female,Divorced,Flexible,Office,Supportive,0,0,0,0,0,0,0
374,30,9,83109.0,4,10,20.0,8,67,27,3,1,4,1,1,6,Sales,Analyst,Bachelor,Female,Single,Day,Office,,0,0,0,0,0,1,0
375,55,9,64415.0,0,45,52.0,4,36,0,5,4,5,10,0,4,Engineering,Executive,Bachelor,Male,Divorced,Flexible,Office,Micromanager,0,0,0,1,0,1,0
376,21,14,83330.0,3,36,62.0,4,39,0,4,1,5,5,10,7,Finance,Executive,Bachelor,Male,Married,Day,Remote,,1,0,1,0,0,0,1
377,25,9,63601.0,15,38,23.0,3,48,8,5,4,5,9,2,3,Sales,Analyst,Bachelor,Female,Divorced,Flexible,Office,Hands-off,0,0,0,0,1,0,1
378,26,19,91701.0,10,32,26.0,5,42,2,3,4,4,13,1,14,HR,Executive,Bachelor,Male,Married,Day,Office,Supportive,0,0,0,0,0,0,0
379,43,14,57455.0,15,17,10.0,5,34,0,2,2,1,7,4,6,Engineering,Lead,Master,Male,Single,Day,Office,Balanced,1,0,0,1,1,0,0
380,56,17,78793.0,12,13,45.0,15,47,7,1,5,7,14,5,8,HR,Associate,Master,Female,Single,Day,Hybrid,Supportive,0,0,0,0,1,0,0
381,58,10,80728.0,20,43,55.0,15,46,6,3,5,2,19,1,10,Finance,Lead,Bachelor,Other,Divorced,Day,Remote,Supportive,0,0,0,1,1,0,0
382,25,20,96460.0,5,2,69.0,14,33,0,5,3,0,8,7,2,HR,Engineer,Bachelor,Female,Single,Day,Office,Balanced,1,0,0,0,1,0,0
383,47,6,56459.0,18,50,65.0,14,61,21,2,4,7,6,7,9,Engineering,Associate,Master,Female,Divorced,Day,Remote,Micromanager,0,0,1,1,0,0,1
384,30,17,101979.0,6,21,,14,66,26,1,3,7,6,8,13,Operations,Manager,Bachelor,Male,Divorced,Day,Hybrid,Balanced,1,0,0,0,0,0,0
385,45,19,87088.0,15,29,12.0,3,31,0,5,5,7,6,1,14,Marketing,Analyst,PhD,Male,Divorced,Day,Hybrid,Micromanager,0,1,0,1,1,0,0
386,26,1,51027.0,13,48,22.0,14,49,9,5,4,0,17,4,13,Sales,Executive,Master,Female,Married,Day,Office,Hands-off,0,0,0,1,0,0,0
387,24,3,63047.0,12,4,68.0,13,52,12,5,1,6,5,10,15,Legal,Associate,PhD,Female,Single,Day,Hybrid,Supportive,0,0,0,0,0,0,0
388,56,19,80692.0,14,5,44.0,6,57,17,3,5,0,6,5,1,Marketing,Manager,PhD,Male,Single,Day,Remote,Hands-off,0,1,0,0,0,0,0
389,38,16,70873.0,9,29,47.0,2,46,6,4,2,4,11,6,15,,Manager,Bachelor,Male,Single,Flexible,Office,Hands-off,1,0,1,0,1,0,0
390,29,6,,15,3,35.0,7,57,17,4,2,3,4,6,6,Sales,Lead,Bachelor,Female,Divorced,Day,Remote,Supportive,1,0,0,0,0,0,0
391,28,16,89105.0,11,26,32.0,10,55,15,4,1,2,14,1,0,Operations,Manager,Bachelor,Male,Married,Day,Hybrid,Supportive,0,0,0,0,0,0,0
392,44,3,75507.0,7,45,73.0,2,69,29,2,1,5,12,6,13,,Lead,Bachelor,Male,Divorced,Day,Office,Supportive,0,0,0,1,1,0,0
393,44,20,99756.0,6,60,20.0,14,42,2,5,3,7,2,2,13,Legal,Lead,Bachelor,Other,Divorced,Night,Hybrid,Balanced,1,0,0,1,0,1,0
394,60,9,,1,44,22.0,6,31,0,5,3,0,6,4,4,Engineering,Analyst,Bachelor,Male,Married,Day,Remote,Balanced,1,1,1,0,0,1,0
395,34,9,79083.0,18,6,76.0,11,55,15,5,4,7,1,10,6,Sales,Executive,Bachelor,Female,Single,Day,Remote,Micromanager,1,0,0,0,0,0,0
396,34,20,103452.0,2,51,39.0,4,65,25,3,3,0,7,0,6,Sales,Associate,Bachelor,Female,Divorced,Day,Office,Micromanager,0,0,0,0,1,0,0
397,57,5,49084.0,3,25,10.0,12,43,3,5,5,1,17,4,7,Marketing,Lead,Bachelor,Male,Single,Day,Office,Balanced,0,0,0,1,0,0,0
398,23,7,51990.0,5,4,75.0,12,60,20,1,5,7,9,5,13,Sales,Associate,Master,Female,Married,Day,Hybrid,Supportive,0,0,0,1,0,0,1
399,32,8,55153.0,7,55,5.0,5,49,9,3,2,0,10,1,8,Engineering,Associate,Bachelor,Female,Divorced,Day,Office,Micromanager,0,0,0,0,0,0,0
400,47,7,78319.0,0,17,8.0,4,61,21,2,5,0,19,5,11,Sales,Analyst,Master,Male,Divorced,Flexible,Hybrid,Balanced,0,0,0,1,1,0,1
401,56,13,85639.0,6,12,24.0,3,55,15,4,2,3,14,9,4,Marketing,Lead,Bachelor,Other,Single,Night,Hybrid,Balanced,1,0,0,1,0,1,0
402,21,15,78048.0,8,22,63.0,3,44,4,2,4,1,20,0,4,Engineering,Analyst,High School,Female,Single,Day,Hybrid,Hands-off,0,0,0,0,0,0,0
403,57,0,68080.0,6,41,,14,66,26,5,5,7,10,9,1,Engineering,Analyst,Bachelor,Male,Married,Day,Hybrid,Balanced,1,0,0,1,0,1,0
404,33,19,,6,48,47.0,13,41,1,2,3,3,17,3,15,Sales,Associate,Master,Female,Single,Day,Office,Balanced,0,0,0,0,1,0,0
405,43,16,89351.0,1,14,21.0,12,46,6,4,3,6,17,4,0,Engineering,Analyst,Bachelor,Female,Divorced,Day,Hybrid,Supportive,1,0,0,1,1,1,0
406,45,12,68626.0,15,39,44.0,14,46,6,4,5,7,19,7,3,Operations,Associate,High School,Female,Married,Day,Hybrid,Supportive,0,0,0,0,1,1,0
407,38,16,91350.0,5,28,27.0,5,68,28,2,5,5,4,1,10,Engineering,Engineer,PhD,Female,Divorced,Night,Remote,Balanced,0,0,0,0,0,0,1
408,55,14,84794.0,13,47,63.0,14,68,28,1,3,5,16,9,14,Research,Associate,Master,Female,Married,Flexible,Remote,Balanced,0,0,0,0,0,0,1
409,37,18,99274.0,10,22,3.0,1,37,0,3,2,2,10,7,5,Engineering,Lead,Bachelor,Female,Married,Day,Office,Hands-off,0,0,0,1,1,0,0
410,47,1,56897.0,12,33,25.0,12,48,8,3,5,0,19,7,5,Engineering,Associate,PhD,Male,Married,Day,Hybrid,Supportive,0,0,0,1,1,0,0
411,44,3,20108.0,15,54,33.0,3,46,6,5,1,1,20,1,7,HR,Manager,High School,Female,Married,Flexible,Hybrid,Hands-off,1,1,0,0,0,0,0
412,27,2,35855.0,14,33,1.0,10,45,5,1,4,6,14,5,13,Sales,Lead,Master,Male,Divorced,Day,Hybrid,Balanced,0,0,1,1,0,0,0
413,38,19,89392.0,19,22,51.0,7,70,30,3,3,1,0,0,12,Finance,Manager,Bachelor,Male,Single,Day,Office,Micromanager,1,0,0,0,0,1,0
414,33,1,77097.0,13,56,27.0,7,47,7,1,4,0,3,3,8,Engineering,Lead,Master,Female,Divorced,Day,Office,Balanced,1,0,0,1,1,0,0
415,38,6,50383.0,19,24,71.0,12,50,10,4,3,0,8,8,2,HR,Executive,Master,Female,Divorced,Day,Remote,Micromanager,0,0,0,0,0,0,0
416,35,18,78633.0,20,15,49.0,7,40,0,2,3,7,6,9,11,Engineering,Analyst,Bachelor,Female,Divorced,Night,Remote,,0,0,0,0,1,0,1
417,41,18,99839.0,10,35,50.0,10,34,0,4,1,7,10,6,14,Sales,Associate,Bachelor,Female,Married,Day,Remote,Hands-off,1,0,0,0,1,0,0
418,49,12,63405.0,7,22,28.0,2,70,30,1,3,1,12,0,11,Engineering,Executive,Bachelor,Male,Divorced,Day,Hybrid,Hands-off,0,0,0,0,0,0,0
419,39,5,,9,37,26.0,13,70,30,2,2,4,0,7,4,Finance,Executive,Bachelor,Female,Married,Day,Remote,Micromanager,0,0,0,0,1,1,1
420,57,8,65352.0,11,30,41.0,3,34,0,2,5,0,19,0,9,,Associate,Bachelor,Male,Married,Flexible,Hybrid,Supportive,1,1,0,0,1,0,0
421,31,12,52654.0,20,35,35.0,1,57,17,4,3,7,2,5,9,Sales,Engineer,Master,Male,Divorced,Day,Remote,Balanced,1,0,1,0,1,0,0
422,53,12,86792.0,20,49,77.0,14,45,5,1,2,3,6,9,9,Engineering,Analyst,Bachelor,Female,Single,Day,Hybrid,Balanced,0,0,0,1,1,1,0
423,50,8,70231.0,16,34,15.0,8,43,3,2,2,7,3,0,6,HR,Executive,High School,Female,Single,Day,Hybrid,Balanced,0,0,0,1,1,1,0
424,48,13,68356.0,3,38,15.0,12,50,10,4,1,5,8,2,10,HR,Manager,Bachelor,Female,Married,Night,Office,Hands-off,1,0,0,0,1,0,0
425,25,6,85172.0,7,44,73.0,3,70,30,1,1,5,11,8,7,Sales,Manager,Bachelor,Female,Divorced,Night,Hybrid,Micromanager,0,0,0,1,0,0,0
426,48,14,87167.0,3,27,5.0,3,68,28,3,4,1,20,8,13,Sales,Lead,Bachelor,Female,Divorced,Day,Remote,Micromanager,0,0,0,1,0,0,0
427,59,15,84680.0,5,34,55.0,8,59,19,3,3,0,13,8,14,Marketing,Analyst,High School,Female,Divorced,Night,Remote,Supportive,0,0,0,0,0,0,0
428,59,7,70115.0,2,55,,7,48,8,2,2,5,14,7,8,,Manager,Bachelor,Male,Married,Day,Office,Balanced,0,0,0,1,0,0,0
429,32,9,53827.0,18,52,15.0,5,32,0,3,2,7,1,5,7,Engineering,Manager,Master,Male,Married,Night,Office,Supportive,0,0,0,1,0,0,0
430,29,14,81280.0,6,33,64.0,5,38,0,4,4,4,7,5,10,Finance,Lead,High School,Male,Married,Night,Hybrid,Micromanager,1,0,0,1,1,0,0
431,37,8,66571.0,4,60,37.0,12,40,0,4,1,3,8,0,9,HR,Manager,Master,Female,Single,Day,Office,Balanced,0,0,0,1,0,0,0
432,52,17,77222.0,19,40,57.0,15,67,27,5,1,0,19,8,14,Finance,Associate,Master,Female,Married,Day,Hybrid,Micromanager,0,0,0,1,1,0,0
433,28,8,,20,38,5.0,4,66,26,3,2,0,8,5,12,HR,Manager,Bachelor,Male,Married,Day,Hybrid,Balanced,1,0,0,1,0,1,0
434,49,14,78996.0,18,27,8.0,5,66,26,3,4,3,3,3,15,Finance,Engineer,Bachelor,Male,Divorced,Day,Hybrid,Micromanager,0,0,0,0,0,0,0
435,36,4,65451.0,8,54,26.0,15,70,30,4,3,0,17,0,7,HR,Analyst,Master,Male,Married,Day,Hybrid,Balanced,1,0,0,0,1,0,0
436,35,9,72987.0,13,26,9.0,1,43,3,2,5,2,8,6,15,Engineering,Engineer,Bachelor,Female,Divorced,Day,Office,Supportive,0,0,0,0,1,0,0
437,33,6,57111.0,7,49,44.0,2,53,13,4,4,1,1,1,10,Sales,Lead,Master,Female,Divorced,Night,Office,Micromanager,0,0,1,0,0,0,1
438,60,17,77315.0,14,39,49.0,9,55,15,1,4,3,14,1,13,Sales,Engineer,Bachelor,Female,Married,Day,Remote,Micromanager,1,0,1,0,0,0,1
439,33,10,69686.0,12,27,7.0,8,58,18,3,4,3,6,8,4,Operations,Analyst,Bachelor,Female,Married,Day,Hybrid,Micromanager,1,0,0,0,1,0,0
440,39,6,45956.0,16,1,36.0,9,35,0,2,2,2,15,5,4,Sales,Associate,High School,Female,Married,Day,Remote,Micromanager,0,0,0,0,0,0,0
441,29,19,,4,40,74.0,1,30,0,2,4,5,4,0,5,Sales,Engineer,Bachelor,Female,Divorced,Flexible,Remote,Micromanager,0,0,0,0,0,1,1
442,42,10,74581.0,2,31,71.0,4,63,23,4,2,2,3,3,9,Operations,Analyst,Master,Female,Single,Flexible,Remote,Balanced,0,0,0,0,0,1,0
443,41,14,93984.0,0,32,68.0,14,51,11,4,2,1,1,1,12,Operations,Analyst,Master,Male,Single,Day,Hybrid,,0,0,0,1,0,0,0
444,38,18,89023.0,17,45,77.0,8,45,5,2,2,1,15,0,6,Engineering,Executive,Master,Female,Divorced,Day,Hybrid,Micromanager,1,0,0,0,0,0,0
445,24,0,39764.0,15,44,32.0,9,39,0,2,3,6,18,7,14,Engineering,Analyst,Bachelor,Female,Married,Day,Office,,1,0,0,0,1,0,0
446,38,9,80077.0,6,60,49.0,12,43,3,2,2,6,11,3,0,Sales,Engineer,Master,Male,Married,Day,Office,Micromanager,0,0,0,1,0,0,1
447,29,10,78608.0,10,11,30.0,12,57,17,1,4,3,10,2,11,Marketing,Analyst,Bachelor,Female,Married,Night,Hybrid,Balanced,1,1,1,0,0,1,0
448,42,16,81853.0,10,19,80.0,8,65,25,2,2,5,19,3,11,Sales,Lead,Bachelor,Female,Single,Day,Office,Balanced,1,1,0,0,0,1,0
449,35,3,66317.0,7,47,14.0,5,48,8,3,3,0,16,9,2,Sales,Manager,Master,Female,Divorced,Day,Remote,Micromanager,0,0,0,0,1,0,0
450,33,14,83967.0,17,23,3.0,4,32,0,5,5,1,3,0,14,Operations,Analyst,High School,Female,Divorced,Day,Office,Balanced,0,0,0,1,0,0,1
451,54,6,43115.0,7,33,17.0,13,58,18,1,5,1,15,9,9,Operations,Lead,Bachelor,Female,Single,Day,Office,Balanced,0,0,0,1,0,0,0
452,52,20,74527.0,3,44,65.0,10,63,23,4,2,3,18,8,6,Engineering,Lead,Bachelor,Male,Divorced,Day,Office,Supportive,1,0,0,0,0,0,1
453,34,13,79723.0,19,46,7.0,5,33,0,4,1,6,5,2,14,Operations,Associate,Master,Female,Married,Flexible,Hybrid,Balanced,1,1,0,0,1,0,0
454,56,20,77478.0,14,12,50.0,5,50,10,3,5,5,8,0,11,Research,Engineer,Bachelor,Male,Married,Day,Office,Supportive,1,0,0,1,0,1,0
455,50,13,52123.0,6,41,20.0,4,48,8,5,3,6,17,3,0,Research,Executive,Bachelor,Male,Divorced,Night,Office,,0,0,0,0,1,0,0
456,51,10,,15,9,77.0,3,60,20,1,4,4,6,5,9,Sales,Manager,High School,Female,Married,Day,Hybrid,Supportive,0,0,0,0,0,0,0
457,38,19,,0,22,45.0,5,60,20,3,1,4,15,5,4,Finance,Executive,Master,Female,Single,Night,Office,Micromanager,0,0,1,0,0,0,0
458,28,18,95245.0,5,29,22.0,15,61,21,2,3,0,0,6,12,Sales,Manager,Bachelor,Male,Single,Day,Remote,Balanced,0,0,0,0,0,0,1
459,41,13,79608.0,14,41,80.0,8,68,28,5,1,0,7,4,13,Marketing,Manager,Master,Female,Divorced,Day,Hybrid,,1,0,1,0,0,0,0
460,47,12,88810.0,2,15,27.0,3,36,0,2,2,2,13,3,15,Engineering,Lead,Bachelor,Male,Married,Flexible,Office,Balanced,1,0,0,0,1,0,0
461,27,8,43924.0,13,32,1.0,8,43,3,4,1,1,16,7,11,Marketing,Lead,High School,Male,Divorced,Day,Office,Micromanager,1,0,0,0,0,1,0
462,57,8,52571.0,8,34,33.0,3,32,0,1,3,0,15,3,12,Engineering,Analyst,Bachelor,Female,Married,Day,Remote,Balanced,0,0,0,1,0,1,1
463,57,0,65514.0,14,27,30.0,7,37,0,2,2,1,3,10,5,Engineering,Manager,Bachelor,Female,Single,Day,Office,Micromanager,0,0,0,0,0,0,0
464,32,19,79692.0,17,44,65.0,2,46,6,2,2,5,18,9,4,Operations,Analyst,Bachelor,Male,Married,Flexible,Office,Micromanager,0,0,0,1,0,1,0
465,60,6,72227.0,5,27,14.0,5,34,0,1,1,3,9,9,3,Finance,Lead,High School,Male,Single,Day,Hybrid,Balanced,1,0,0,1,0,0,0
466,60,0,43478.0,3,59,67.0,13,66,26,4,4,3,8,6,12,,Engineer,PhD,Female,Divorced,Day,Office,Hands-off,0,0,0,1,0,0,0
467,23,14,77373.0,6,9,13.0,4,49,9,4,4,1,12,0,3,HR,Executive,Bachelor,Male,Married,Flexible,Hybrid,Balanced,1,0,0,1,0,1,0
468,37,6,,5,13,,15,65,25,4,5,2,3,2,1,Engineering,Executive,Bachelor,Female,Single,Night,Hybrid,,1,0,0,1,0,0,0
469,35,3,48606.0,13,54,32.0,10,70,30,3,3,6,1,1,5,Sales,Manager,Bachelor,Male,Divorced,Day,Office,Supportive,1,0,0,0,0,0,0
470,35,15,92713.0,16,17,43.0,10,49,9,5,2,4,18,5,9,Engineering,Executive,Bachelor,Female,Divorced,Night,Office,Supportive,0,0,0,0,1,0,0
471,59,8,71845.0,8,15,36.0,2,49,9,5,1,0,18,9,14,Engineering,Lead,High School,Male,Married,Day,Hybrid,Micromanager,1,0,0,0,0,1,0
472,34,2,61932.0,6,39,68.0,3,43,3,5,4,2,7,4,12,Sales,Lead,Bachelor,Male,Divorced,Day,Office,Balanced,1,0,0,1,1,0,0
473,42,2,52778.0,2,22,38.0,6,59,19,2,1,6,3,7,14,HR,Engineer,High School,Male,Divorced,Day,Hybrid,Balanced,1,0,0,0,0,0,1
474,48,12,77984.0,16,1,31.0,8,69,29,3,2,6,6,6,9,Sales,Executive,Master,Male,Single,Day,Hybrid,Micromanager,0,1,0,1,1,0,0
475,41,8,78120.0,16,51,2.0,13,43,3,1,5,0,0,8,0,Operations,Engineer,Bachelor,Male,Divorced,Day,Hybrid,Balanced,0,0,0,0,1,0,0
476,59,11,59460.0,4,16,36.0,12,53,13,2,4,0,6,2,3,Sales,Manager,PhD,Female,Divorced,Day,Office,Balanced,0,0,1,1,0,0,1
477,34,1,31526.0,0,57,54.0,2,63,23,5,5,4,3,9,9,,Associate,Master,Male,Married,Flexible,Office,Supportive,1,0,0,0,0,0,0
478,33,17,82544.0,19,29,24.0,8,42,2,3,4,2,16,0,5,Operations,Manager,PhD,Male,Single,Day,Office,Balanced,0,0,0,1,0,0,0
479,26,1,70794.0,10,45,42.0,3,37,0,1,3,0,17,10,14,Operations,Executive,High School,Male,Divorced,Flexible,Office,Micromanager,1,0,0,0,0,0,0
480,48,11,73608.0,4,24,32.0,4,59,19,4,1,4,16,0,3,Research,Lead,Master,Female,Single,Flexible,Office,Balanced,0,0,0,0,0,1,1
481,39,3,64921.0,11,48,51.0,8,31,0,5,1,4,19,3,12,Engineering,Executive,Master,Male,Divorced,Day,Remote,Micromanager,0,0,0,0,1,0,1
482,50,6,50321.0,6,5,64.0,14,47,7,5,1,7,7,9,15,Operations,Analyst,Master,Female,Divorced,Day,Remote,Supportive,0,1,0,1,1,1,0
483,60,13,91623.0,0,25,65.0,14,61,21,5,1,7,3,7,6,Engineering,Associate,Bachelor,Female,Divorced,Day,Hybrid,Micromanager,0,0,0,0,0,0,0
484,24,6,53078.0,13,59,8.0,7,62,22,1,4,3,0,5,9,Engineering,Engineer,Bachelor,Male,Divorced,Day,Hybrid,Balanced,0,0,0,1,0,0,1
485,59,18,99291.0,14,37,29.0,14,41,1,5,5,2,4,9,1,Sales,Executive,High School,Male,Divorced,Day,Remote,Supportive,0,0,1,0,1,0,0
486,44,17,96007.0,2,25,80.0,8,53,13,5,3,7,4,3,9,Marketing,Engineer,Master,Female,Married,Day,Office,Balanced,1,1,0,0,0,0,0
487,49,10,71293.0,1,3,67.0,6,34,0,2,4,4,1,10,4,Research,Associate,High School,Female,Divorced,Day,Hybrid,Hands-off,0,0,0,0,0,0,0
488,22,5,54501.0,8,5,28.0,5,38,0,4,5,6,7,3,10,Engineering,Lead,Bachelor,Female,Married,Night,Office,Micromanager,0,0,0,1,0,0,1
489,50,19,90979.0,14,26,66.0,8,70,30,2,2,3,4,2,12,Research,Manager,Master,Female,Married,Night,Office,Supportive,0,0,0,0,0,0,1
490,31,5,55021.0,2,14,65.0,15,40,0,3,2,6,0,7,0,Research,Executive,Bachelor,Female,Divorced,Day,Remote,,0,0,0,1,0,0,0
491,23,9,61516.0,17,3,61.0,10,38,0,3,4,0,3,9,10,HR,Lead,Bachelor,Male,Divorced,Day,Hybrid,Hands-off,0,0,1,1,0,0,0
492,29,2,40844.0,11,52,61.0,2,69,29,1,5,7,9,0,6,Engineering,Analyst,High School,Male,Married,Night,Office,Micromanager,0,0,0,1,1,0,0
493,25,10,74466.0,20,18,59.0,2,30,0,2,3,6,1,3,13,Operations,Analyst,Bachelor,Female,Married,Night,Office,Supportive,1,0,0,1,1,1,0
494,53,18,,6,24,61.0,11,66,26,3,5,7,1,5,3,Marketing,Analyst,Bachelor,Male,Divorced,Night,Office,Micromanager,1,0,0,0,0,1,0
495,45,16,,5,49,20.0,7,36,0,3,1,3,14,1,6,Marketing,Engineer,Master,Female,Married,Day,Hybrid,Balanced,0,0,0,1,0,0,0
496,46,12,85231.0,11,51,54.0,7,30,0,4,5,5,18,4,9,Operations,Associate,High School,Female,Single,Day,Remote,Micromanager,1,0,0,0,1,1,1
497,57,12,60983.0,0,45,4.0,12,69,29,1,5,0,1,2,3,Operations,Analyst,Bachelor,Female,Divorced,Day,Remote,Balanced,0,0,0,0,0,0,0
498,23,16,98636.0,15,8,59.0,1,69,29,1,1,5,8,8,2,Engineering,Executive,Bachelor,Male,Divorced,Flexible,Hybrid,Hands-off,0,1,0,0,1,1,0
499,26,0,43059.0,7,57,66.0,1,30,0,5,5,5,0,5,13,Engineering,Lead,Bachelor,Female,Single,Flexible,Office,Supportive,0,0,0,0,0,0,0
500,46,8,62359.0,20,31,62.0,11,35,0,1,1,2,15,2,1,Research,Manager,Bachelor,Male,Divorced,Day,Hybrid,Supportive,0,0,0,0,0,1,0
501,35,16,51301.0,11,24,68.0,8,56,16,3,4,1,19,8,15,,Executive,Master,Male,Married,Day,Office,Balanced,1,0,0,0,0,1,0
502,22,7,60608.0,7,4,63.0,14,48,8,2,5,4,0,3,14,Research,Engineer,High School,Male,Divorced,Day,Office,Balanced,1,0,0,0,0,0,0
503,52,4,66076.0,9,34,70.0,15,31,0,3,2,0,7,9,13,Operations,Manager,Bachelor,Female,Divorced,Day,Hybrid,Micromanager,1,0,0,1,1,1,0
504,51,19,97373.0,2,6,20.0,15,68,28,2,2,0,14,5,1,Engineering,Analyst,High School,Female,Single,Day,Remote,Supportive,1,0,0,1,0,0,0
505,55,0,49645.0,14,60,18.0,3,34,0,3,3,6,4,3,11,Legal,Manager,Master,Male,Divorced,Day,Office,Micromanager,1,0,0,0,1,1,0
506,58,0,22519.0,9,37,10.0,8,53,13,2,5,3,20,9,8,Finance,Executive,PhD,Male,Married,Day,Office,Micromanager,0,0,0,0,0,1,0
507,40,1,45576.0,11,50,58.0,4,65,25,1,2,5,2,10,4,HR,Manager,PhD,Female,Married,Day,Hybrid,Balanced,0,0,0,0,0,1,0
508,21,8,82448.0,14,54,,8,44,4,2,2,7,1,3,3,Marketing,Manager,Bachelor,Male,Divorced,Night,Hybrid,Balanced,0,0,0,1,1,0,0
509,59,11,,15,55,42.0,13,67,27,5,3,1,18,4,8,Operations,Manager,Bachelor,Female,Married,Night,Office,Hands-off,1,1,0,0,1,0,0
510,50,20,82121.0,14,30,54.0,9,33,0,5,1,4,9,10,15,Operations,Lead,High School,Female,Single,Day,Remote,,1,0,0,1,0,0,0
511,33,19,85814.0,20,51,60.0,4,44,4,2,2,2,4,8,12,Finance,Manager,Bachelor,Female,Married,Day,Hybrid,Hands-off,0,0,0,0,0,0,1
512,28,18,108974.0,8,11,,13,56,16,3,2,4,18,4,15,Operations,Analyst,Bachelor,Female,Married,Day,Office,Balanced,1,1,0,1,0,0,0
513,27,15,100885.0,0,56,2.0,6,33,0,4,4,1,8,7,2,Engineering,Analyst,Bachelor,Female,Married,Flexible,Office,Micromanager,0,0,0,1,0,0,0
514,46,8,63242.0,19,56,35.0,10,65,25,1,1,4,8,4,5,,Manager,Bachelor,Male,Single,Day,Office,Micromanager,0,0,0,1,0,1,1
515,34,16,94359.0,17,18,44.0,8,55,15,4,1,6,20,0,3,Engineering,Engineer,Bachelor,Female,Single,Day,Office,Balanced,1,0,0,0,1,0,0
516,37,20,81828.0,1,38,,5,33,0,2,4,2,5,7,13,Engineering,Associate,Bachelor,Male,Divorced,Night,Office,Balanced,0,1,0,0,0,0,0
517,58,8,74185.0,12,20,71.0,10,57,17,3,3,0,15,10,9,Legal,Analyst,Master,Male,Married,Night,Hybrid,Micromanager,1,0,0,1,0,0,0
518,49,16,102732.0,11,15,75.0,9,70,30,5,4,3,15,8,8,Legal,Manager,Master,Male,Single,Day,Office,Balanced,0,0,0,0,0,0,0
519,47,6,55372.0,16,17,41.0,14,37,0,4,1,6,14,0,3,Research,Manager,High School,Female,Single,Day,Hybrid,Supportive,0,0,0,0,0,0,0
520,21,6,91762.0,16,34,42.0,7,46,6,3,3,4,5,5,10,Research,Associate,Bachelor,Male,Single,Day,Office,Micromanager,0,0,0,0,0,0,0
521,54,5,54868.0,12,51,0.0,13,56,16,4,3,1,0,7,0,Marketing,Associate,Master,Female,Married,Night,Office,Balanced,0,0,0,0,0,0,0
522,25,13,107734.0,14,52,48.0,6,39,0,1,4,3,8,9,5,Engineering,Engineer,Master,Female,Married,Day,Office,Balanced,0,0,0,1,0,0,0
523,35,18,75968.0,15,8,0.0,7,60,20,2,4,7,0,10,14,Operations,Executive,High School,Male,Married,Day,Remote,Supportive,0,0,0,1,0,0,0
524,41,10,68198.0,20,3,30.0,7,56,16,3,1,0,0,0,9,Legal,Executive,PhD,Male,Single,Flexible,Hybrid,Balanced,0,0,0,1,1,0,0
525,22,18,91679.0,17,55,27.0,6,57,17,3,2,3,17,0,11,Engineering,Manager,Master,Male,Single,Day,Remote,Micromanager,1,0,0,1,0,0,0
526,29,9,56601.0,15,10,72.0,14,55,15,3,3,3,18,10,5,Sales,Lead,Bachelor,Female,Married,Night,Remote,Balanced,1,0,0,0,0,0,0
527,48,17,85156.0,4,54,43.0,10,37,0,5,4,0,14,8,8,,Lead,Bachelor,Male,Divorced,Day,Office,Hands-off,0,0,0,1,0,0,0
528,43,19,87834.0,5,41,78.0,5,69,29,5,2,3,13,1,6,Research,Lead,Bachelor,Female,Divorced,Day,Hybrid,Hands-off,1,0,1,1,0,0,0
529,54,18,79110.0,7,25,14.0,6,52,12,4,2,0,14,3,11,Sales,Manager,Master,Female,Married,Day,Remote,Hands-off,0,0,1,0,0,0,1
530,42,15,82807.0,2,11,47.0,8,38,0,5,3,3,12,4,8,Operations,Analyst,Master,Female,Married,Day,Remote,Balanced,1,1,0,0,0,0,0
531,21,9,65421.0,6,49,8.0,15,36,0,1,3,7,4,3,1,Engineering,Analyst,Bachelor,Female,Single,Flexible,Remote,Balanced,1,0,0,1,0,1,0
532,42,18,69600.0,11,44,59.0,7,65,25,5,1,5,15,9,14,Research,Associate,Bachelor,Female,Married,Day,Hybrid,Micromanager,0,0,0,0,1,1,0
533,54,1,296815.0,19,7,75.0,10,48,8,2,4,5,14,10,13,Finance,Manager,High School,Female,Married,Day,Office,Balanced,0,0,0,1,0,0,0
534,24,17,92868.0,1,20,53.0,5,44,4,1,5,1,0,5,2,Marketing,Manager,PhD,Male,Single,Day,Office,,0,0,0,0,0,0,1
535,55,1,237700.0,6,52,17.0,15,47,7,4,5,5,7,1,1,Engineering,Associate,Master,Other,Married,Day,Remote,Balanced,0,0,0,1,0,0,0
536,43,15,93097.0,16,24,78.0,3,33,0,4,5,0,5,9,5,,Engineer,Bachelor,Female,Married,Flexible,Office,Balanced,1,0,0,0,0,0,0
537,33,17,57606.0,18,24,56.0,14,58,18,5,3,2,12,4,11,Sales,Lead,High School,Male,Single,Flexible,Remote,Balanced,0,0,0,1,0,0,0
538,26,0,59600.0,15,52,14.0,2,46,6,3,3,4,16,6,12,HR,Analyst,High School,Male,Divorced,Day,Remote,Supportive,1,0,0,1,0,0,0
539,54,19,101887.0,20,8,9.0,10,39,0,1,4,7,18,0,3,Engineering,Manager,Bachelor,Male,Married,Day,Office,Supportive,0,0,0,0,0,0,1
540,37,1,60011.0,7,5,53.0,13,45,5,1,3,6,19,7,7,Marketing,Manager,Bachelor,Male,Divorced,Day,Office,Micromanager,0,0,0,1,1,0,1
541,49,9,61535.0,8,47,62.0,10,32,0,3,2,1,3,5,10,Engineering,Associate,High School,Female,Single,Night,Remote,Supportive,0,0,0,0,1,1,0
542,28,16,73562.0,15,42,20.0,10,54,14,1,5,7,14,5,13,Engineering,Executive,Bachelor,Female,Divorced,Day,Office,Supportive,1,0,0,0,0,0,0
543,31,3,61725.0,8,35,49.0,8,51,11,5,3,7,9,0,0,Legal,Associate,Master,Female,Single,Flexible,Office,Balanced,0,0,0,1,1,0,0
544,56,17,65433.0,13,30,65.0,13,56,16,3,5,3,16,8,13,,Executive,Bachelor,Female,Divorced,Day,Office,Balanced,0,0,0,1,0,1,0
545,49,3,55883.0,16,8,57.0,15,70,30,1,2,5,4,0,15,Marketing,Engineer,Bachelor,Female,Married,Day,Office,Hands-off,1,0,0,1,0,0,0
546,32,18,107314.0,8,10,16.0,2,69,29,1,2,3,14,3,3,Research,Analyst,Bachelor,Male,Divorced,Night,Remote,Balanced,1,0,0,1,0,0,0
547,25,8,71737.0,3,59,9.0,13,31,0,2,1,1,7,8,14,Marketing,Associate,Bachelor,Male,Married,Flexible,Office,Supportive,1,0,0,1,1,1,0
548,41,17,81894.0,13,15,25.0,5,61,21,4,4,6,10,1,6,Operations,Lead,High School,Male,Single,Day,Remote,Micromanager,0,0,0,0,0,1,0
549,31,12,75927.0,20,25,27.0,4,47,7,2,3,5,7,2,1,Marketing,Lead,High School,Female,Married,Day,Hybrid,Balanced,0,0,0,0,0,0,0
550,38,7,33251.0,20,15,66.0,2,70,30,3,4,7,1,1,1,Research,Lead,Master,Male,Married,Day,Remote,Supportive,1,0,0,0,1,0,0
551,30,5,59486.0,6,36,18.0,12,48,8,4,5,0,3,8,11,HR,Engineer,PhD,Male,Single,Day,Hybrid,Supportive,0,0,0,0,1,0,0
552,43,0,50142.0,18,46,66.0,2,66,26,1,4,1,0,5,8,Sales,Manager,Bachelor,Male,Single,Day,Office,Balanced,1,0,0,0,1,1,0
553,58,10,88460.0,18,11,15.0,7,41,1,3,3,1,5,3,7,Finance,Associate,High School,Male,Married,Flexible,Office,Balanced,1,0,0,1,1,1,0
554,40,5,48699.0,10,35,3.0,13,39,0,3,5,5,0,7,7,Engineering,Analyst,Master,Male,Single,Day,Office,Supportive,0,0,0,1,0,0,0
555,40,7,58813.0,6,41,48.0,11,65,25,2,2,7,7,7,5,Legal,Analyst,High School,Male,Divorced,Day,Remote,,0,0,0,0,0,0,0
556,22,11,71924.0,15,19,48.0,14,53,13,4,5,1,16,8,7,Sales,Executive,Bachelor,Female,Married,Day,Office,Supportive,0,0,0,0,1,0,0
557,28,20,91894.0,11,22,45.0,10,57,17,5,1,2,1,10,0,,Engineer,Master,Female,Single,Day,Office,Micromanager,0,0,0,0,0,1,0
558,51,5,51535.0,16,5,30.0,5,44,4,4,3,4,0,10,10,Marketing,Lead,Bachelor,Male,Divorced,Flexible,Remote,Balanced,1,0,0,0,0,0,0
559,38,17,84052.0,3,36,45.0,15,66,26,1,1,4,13,2,13,Engineering,Manager,Bachelor,Male,Married,Flexible,Remote,Micromanager,1,0,0,1,0,0,0
560,33,10,82349.0,17,34,0.0,11,60,20,2,4,0,18,9,6,Research,Associate,Master,Female,Married,Flexible,Hybrid,Balanced,0,0,0,0,0,1,0
561,47,10,68317.0,19,51,16.0,2,64,24,3,2,7,17,1,13,Operations,Analyst,Master,Female,Divorced,Night,Hybrid,Balanced,0,0,0,1,1,1,0
562,22,1,55292.0,2,37,24.0,6,44,4,4,1,1,13,4,15,Research,Manager,Bachelor,Male,Divorced,Day,Office,Supportive,0,0,0,0,1,1,0
563,36,20,77763.0,13,35,27.0,7,65,25,1,4,0,16,0,0,Sales,Engineer,High School,Male,Divorced,Day,Office,Hands-off,1,0,0,1,1,0,0
564,27,4,61601.0,10,10,54.0,11,70,30,1,4,0,7,2,1,Operations,Lead,Bachelor,Female,Single,Day,Office,Hands-off,1,0,0,0,0,0,1
565,21,5,38891.0,19,1,10.0,10,69,29,3,4,2,11,5,11,Finance,Associate,Master,Male,Single,Day,Office,Supportive,1,0,0,1,0,0,0
566,38,14,81889.0,8,44,58.0,2,34,0,5,5,3,7,2,1,Engineering,Analyst,High School,Female,Divorced,Night,Hybrid,Micromanager,0,0,0,1,0,0,1
567,42,10,84868.0,9,38,52.0,15,66,26,4,4,6,5,9,6,Engineering,Analyst,High School,Other,Divorced,Flexible,Office,Supportive,0,1,0,0,1,0,0
568,33,6,50532.0,7,50,70.0,4,45,5,3,3,2,0,4,14,Legal,Associate,High School,Female,Divorced,Day,Hybrid,Balanced,0,0,1,0,1,0,1
569,47,4,37688.0,1,4,17.0,9,55,15,2,1,4,10,9,2,Research,Associate,Bachelor,Male,Married,Day,Hybrid,Supportive,0,0,0,0,0,0,0
570,24,4,56194.0,17,26,9.0,8,41,1,2,3,2,17,6,7,HR,Engineer,High School,Male,Divorced,Day,Hybrid,Hands-off,1,1,0,1,0,0,0
571,44,1,40636.0,18,51,37.0,12,55,15,5,2,6,13,0,13,Engineering,Manager,Bachelor,Male,Single,Night,Remote,Balanced,1,0,0,0,0,0,0
572,45,8,74783.0,2,15,3.0,13,67,27,4,1,6,4,7,8,Engineering,Associate,Bachelor,Female,Divorced,Day,Remote,Balanced,1,0,1,1,1,0,0
573,44,10,82535.0,7,53,43.0,15,31,0,5,2,0,14,3,3,Legal,Analyst,High School,Male,Married,Day,Remote,Hands-off,0,0,0,1,0,0,0
574,44,16,388180.0,17,39,39.0,12,40,0,4,5,7,7,0,8,,Executive,Bachelor,Male,Married,Day,Office,Supportive,0,0,0,1,0,1,0
575,58,16,84289.0,5,2,32.0,11,60,20,3,5,6,14,3,6,Engineering,Executive,Master,Female,Single,Day,Hybrid,Supportive,0,0,0,1,0,0,0
576,44,3,43193.0,2,6,67.0,2,35,0,2,5,2,8,10,5,Finance,Lead,Bachelor,Male,Divorced,Day,Office,Supportive,1,0,0,1,1,1,0
577,39,16,80659.0,16,2,50.0,1,39,0,5,5,7,11,3,14,Operations,Lead,Master,Female,Divorced,Day,Hybrid,Supportive,0,1,0,1,0,0,0
578,44,6,62144.0,3,45,19.0,1,61,21,3,1,1,3,10,13,Operations,Manager,High School,Female,Married,Day,Hybrid,Balanced,0,0,1,0,0,0,0
579,33,17,84077.0,10,38,2.0,3,49,9,1,3,4,16,10,0,HR,Manager,Bachelor,Female,Divorced,Day,Office,Micromanager,0,0,0,0,1,1,1
580,30,7,73990.0,12,39,6.0,4,44,4,4,4,0,2,7,6,Research,Executive,High School,Female,Divorced,Day,Office,Hands-off,0,0,1,0,0,1,0
581,45,6,81224.0,18,23,,11,42,2,3,1,7,12,6,0,Operations,Analyst,Master,Female,Divorced,Day,Hybrid,Balanced,1,0,0,1,0,0,0
582,27,8,68958.0,11,35,22.0,6,68,28,2,1,5,18,9,0,Operations,Associate,Master,Female,Single,Day,Hybrid,Micromanager,0,0,0,0,0,0,0
583,57,8,55576.0,7,23,10.0,14,49,9,3,4,3,9,7,12,Engineering,Associate,Master,Female,Single,Day,Remote,Hands-off,0,0,0,0,0,0,0
584,35,2,73387.0,5,14,54.0,6,62,22,4,2,6,13,3,6,Engineering,Manager,Master,Other,Married,Day,Office,Micromanager,0,0,0,0,0,0,0
585,32,11,83381.0,14,57,31.0,15,64,24,4,5,6,4,10,7,Research,Associate,Bachelor,Female,Single,Night,Hybrid,Balanced,0,1,0,0,0,1,0
586,50,8,69870.0,2,22,39.0,3,49,9,4,4,0,12,2,11,Operations,Associate,PhD,Male,Single,Day,Office,Micromanager,1,0,0,0,0,1,0
587,32,8,48904.0,15,53,50.0,9,55,15,5,3,1,6,8,8,Sales,Lead,Bachelor,Female,Married,Day,Hybrid,Supportive,0,0,0,1,1,0,0
588,39,10,,17,43,24.0,4,42,2,4,2,4,4,2,15,Research,Engineer,Bachelor,Female,Married,Day,Hybrid,Supportive,0,0,0,0,0,0,0
589,28,1,51862.0,4,43,21.0,14,48,8,3,2,3,5,9,2,Research,Engineer,High School,Female,Single,Day,Office,Micromanager,1,0,0,0,0,0,0
590,60,20,107190.0,13,60,18.0,11,38,0,5,5,0,18,3,15,Engineering,Engineer,Master,Male,Divorced,Day,Hybrid,Hands-off,1,0,1,0,1,0,0
591,24,17,81100.0,7,5,21.0,6,66,26,4,3,3,8,4,12,HR,Lead,Bachelor,Female,Married,Night,Hybrid,Balanced,0,0,0,1,0,0,0
592,57,14,74836.0,6,14,47.0,15,35,0,2,3,4,3,10,5,Finance,Manager,Bachelor,Male,Single,Day,Remote,Balanced,0,0,0,0,0,1,0
593,50,1,63388.0,8,40,5.0,1,45,5,4,4,4,5,5,14,Sales,Analyst,High School,Male,Single,Day,Office,Supportive,1,0,0,0,1,0,0
594,60,9,54047.0,10,35,78.0,8,49,9,2,3,4,0,7,13,Sales,Manager,Bachelor,Female,Single,Day,Hybrid,Hands-off,1,0,0,1,0,1,0
595,47,11,82069.0,12,12,60.0,2,62,22,1,1,2,7,4,0,Sales,Analyst,Master,Female,Divorced,Day,Office,Balanced,0,0,0,0,1,0,0
596,42,9,47059.0,7,21,36.0,7,55,15,5,5,7,15,8,5,HR,Executive,Bachelor,Female,Divorced,Day,Office,Hands-off,1,0,0,0,0,0,0
597,26,18,89608.0,3,1,79.0,13,31,0,4,4,0,6,6,9,Sales,Manager,High School,Female,Married,Night,Office,Balanced,1,1,0,1,0,1,0
598,28,13,47954.0,3,7,6.0,2,61,21,2,4,1,13,8,5,Engineering,Lead,Master,Female,Married,Day,Office,Supportive,1,0,0,0,0,1,0
599,31,1,42064.0,15,48,15.0,9,66,26,5,4,5,9,6,1,Engineering,Manager,Master,Female,Single,Day,Hybrid,Balanced,0,0,0,1,0,1,0
600,24,11,88165.0,7,47,54.0,3,69,29,3,1,5,16,7,11,Operations,Manager,Bachelor,Female,Married,Night,Hybrid,Balanced,0,0,0,0,0,1,0
601,51,12,56521.0,4,14,72.0,10,36,0,4,1,5,1,0,10,Sales,Executive,Master,Female,Divorced,Day,Office,Micromanager,0,1,0,0,0,0,0
602,43,10,68962.0,3,21,42.0,9,36,0,2,1,4,5,2,0,Sales,Manager,High School,Male,Single,Day,Hybrid,Micromanager,0,0,0,0,0,1,0
603,60,15,73080.0,3,28,59.0,12,45,5,5,1,3,19,9,7,Research,Engineer,Master,Male,Single,Day,Hybrid,Supportive,0,0,0,0,1,0,0
604,37,15,90989.0,19,7,4.0,2,62,22,5,5,7,4,2,10,Engineering,Manager,Bachelor,Female,Divorced,Night,Office,Hands-off,0,0,0,0,1,0,0
605,49,9,286715.0,18,55,,7,37,0,1,5,1,6,0,7,Finance,Manager,Master,Male,Married,Day,Office,Supportive,0,0,0,0,1,0,0
606,52,8,85929.0,13,13,55.0,12,62,22,3,4,1,1,1,12,Research,Associate,Master,Male,Single,Day,Office,Supportive,0,0,0,0,0,0,1
607,49,1,195285.0,16,20,60.0,9,42,2,4,5,6,7,6,13,Finance,Executive,Bachelor,Female,Married,Day,Office,Balanced,1,1,0,1,0,1,0
608,36,3,61874.0,18,55,14.0,1,45,5,4,1,0,4,4,9,Sales,Associate,Bachelor,Male,Divorced,Day,Office,Hands-off,0,0,0,1,0,0,0
609,60,8,65093.0,2,37,32.0,11,50,10,4,1,6,14,0,12,Research,Lead,High School,Female,Single,Flexible,Office,Micromanager,0,0,0,0,0,1,0
610,44,6,45187.0,7,33,0.0,3,69,29,4,3,0,13,0,5,Finance,Associate,Master,Male,Married,Day,Office,Balanced,1,0,0,0,0,0,0
611,25,16,84732.0,3,56,23.0,11,40,0,1,1,0,13,7,12,Marketing,Analyst,Master,Male,Single,Day,Hybrid,Balanced,0,0,1,0,1,0,0
612,44,6,64122.0,0,41,18.0,2,40,0,3,1,1,2,5,2,HR,Associate,High School,Male,Divorced,Day,Hybrid,Hands-off,1,0,0,0,1,0,0
613,21,0,41540.0,4,21,17.0,8,61,21,5,1,1,8,0,0,Engineering,Analyst,Bachelor,Female,Single,Day,Office,Hands-off,0,0,0,0,0,0,0
614,50,19,82604.0,17,4,47.0,4,35,0,3,2,6,7,1,7,HR,Manager,High School,Female,Single,Day,Hybrid,Balanced,1,0,0,0,0,0,0
615,23,1,46615.0,16,6,10.0,6,63,23,1,3,3,13,1,5,Operations,Associate,Master,Female,Married,Day,Office,Micromanager,0,0,0,0,0,0,0
616,53,7,49529.0,0,8,45.0,14,63,23,3,2,6,12,5,4,Engineering,Manager,Bachelor,Female,Married,Day,Office,,0,0,0,0,0,0,0
617,46,18,114213.0,0,17,54.0,13,60,20,5,2,4,17,2,12,Sales,Manager,High School,Male,Married,Day,Office,Hands-off,0,0,0,1,0,0,0
618,52,12,75526.0,18,7,57.0,9,46,6,2,5,1,6,0,14,Sales,Manager,PhD,Male,Married,Day,Remote,Supportive,1,0,0,1,0,0,0
619,49,3,68151.0,20,51,66.0,9,54,14,4,5,2,19,10,0,HR,Associate,Bachelor,Female,Married,Day,Office,Balanced,1,1,1,1,0,0,0
620,49,18,84768.0,2,43,52.0,4,69,29,4,2,2,9,8,5,Finance,Associate,Master,Male,Married,Day,Remote,Micromanager,0,0,0,1,0,0,0
621,53,20,95629.0,14,59,49.0,9,55,15,3,4,6,4,3,3,Engineering,Associate,Bachelor,Female,Single,Day,Hybrid,Balanced,0,0,0,0,1,0,0
622,51,3,54221.0,8,10,20.0,10,63,23,5,3,2,10,0,9,HR,Lead,Master,Female,Married,Day,Remote,Balanced,1,0,0,1,0,0,0
623,47,15,63858.0,0,5,19.0,5,65,25,5,2,1,15,1,1,Research,Associate,Bachelor,Male,Married,Day,Office,Supportive,0,0,0,0,1,0,0
624,38,16,83547.0,5,28,6.0,6,41,1,1,2,6,1,8,0,Operations,Associate,Bachelor,Female,Married,Day,Hybrid,Micromanager,0,0,0,0,0,0,0
625,59,6,42201.0,1,47,64.0,10,67,27,5,2,3,5,5,0,Research,Executive,Master,Male,Married,Day,Hybrid,Supportive,1,1,0,0,1,0,0
626,55,17,91697.0,7,48,78.0,5,44,4,1,1,1,18,4,1,Engineering,Manager,Bachelor,Female,Single,Day,Office,Supportive,1,0,0,0,0,1,0
627,60,9,46423.0,9,32,44.0,3,51,11,3,3,0,1,10,13,Operations,Engineer,Master,Male,Married,Night,Office,Balanced,0,0,0,1,0,0,0
628,56,5,,9,50,17.0,6,48,8,1,2,5,12,6,3,Engineering,Executive,Bachelor,Female,Married,Day,Hybrid,Hands-off,1,0,0,0,1,0,0
629,34,13,107794.0,15,41,58.0,13,32,0,2,4,1,9,7,0,Engineering,Engineer,Bachelor,Male,Divorced,Day,Office,Balanced,1,0,0,0,1,1,0
630,51,17,91950.0,0,17,15.0,7,66,26,4,5,1,5,9,5,Research,Analyst,High School,Female,Divorced,Day,Hybrid,Micromanager,0,0,0,0,0,0,0
631,23,8,53629.0,19,44,61.0,7,37,0,5,5,4,12,0,14,,Analyst,High School,Female,Married,Day,Remote,Supportive,0,0,0,0,1,1,0
632,58,7,78926.0,9,25,46.0,4,38,0,1,4,7,2,4,1,Marketing,Lead,Bachelor,Male,Married,Night,Hybrid,Balanced,0,0,0,0,0,1,0
633,26,9,,13,20,27.0,7,64,24,1,5,0,8,5,15,Sales,Engineer,Bachelor,Male,Divorced,Day,Office,Micromanager,0,0,0,1,1,1,0
634,27,13,68991.0,13,10,3.0,3,54,14,3,5,5,14,7,4,Engineering,Manager,Bachelor,Male,Single,Day,Hybrid,Micromanager,0,0,0,0,0,1,1
635,54,3,,14,45,40.0,2,48,8,3,4,0,0,1,15,Marketing,Manager,Bachelor,Male,Married,Day,Office,Micromanager,0,0,0,1,0,1,0
636,58,8,84223.0,5,18,48.0,12,64,24,3,5,6,9,9,2,Sales,Analyst,Bachelor,Female,Married,Day,Remote,Balanced,1,0,0,0,0,1,0
637,34,3,39727.0,0,23,63.0,12,33,0,1,4,1,16,2,6,Marketing,Analyst,Master,Male,Single,Day,Office,Supportive,0,0,0,0,1,0,0
638,23,7,67595.0,17,25,47.0,4,49,9,2,1,1,6,10,9,Finance,Manager,Bachelor,Male,Married,Night,Remote,Supportive,0,0,0,0,1,0,0
639,52,6,56382.0,2,38,80.0,3,63,23,4,2,2,15,10,15,Legal,Engineer,Master,Female,Single,Day,Hybrid,Micromanager,1,0,1,0,1,0,0
640,29,14,74843.0,20,28,45.0,4,53,13,4,5,0,1,3,15,Research,Engineer,Master,Male,Married,Day,Remote,Balanced,1,0,0,0,0,0,0
641,47,9,40221.0,12,50,63.0,15,31,0,5,2,5,3,7,14,HR,Lead,Bachelor,Male,Single,Day,Office,Micromanager,0,0,0,0,1,1,0
642,36,16,86245.0,9,24,16.0,4,51,11,3,4,5,4,4,15,Finance,Executive,High School,Female,Married,Day,Remote,Hands-off,1,1,0,0,1,0,0
643,45,14,68748.0,15,26,80.0,7,37,0,2,1,3,2,7,10,Finance,Engineer,Master,Male,Single,Day,Hybrid,Supportive,0,0,0,1,1,0,0
644,38,12,89228.0,14,16,67.0,12,62,22,2,1,2,9,2,15,Sales,Lead,Bachelor,Female,Married,Day,Remote,Supportive,1,0,0,0,1,0,0
645,23,14,62735.0,12,47,26.0,3,49,9,5,5,6,11,7,12,Sales,Analyst,Bachelor,Female,Married,Day,Hybrid,Balanced,0,0,0,0,0,0,0
646,50,18,104964.0,8,10,50.0,10,43,3,1,4,3,5,1,6,Research,Associate,Master,Male,Married,Flexible,Hybrid,Micromanager,1,0,0,1,0,0,0
647,59,0,51760.0,16,13,62.0,14,62,22,5,5,6,18,7,13,Operations,Associate,Master,Female,Married,Day,Remote,Micromanager,0,0,0,0,0,0,0
648,38,6,51362.0,0,28,32.0,2,33,0,4,5,3,3,8,14,Research,Lead,Bachelor,Male,Divorced,Day,Remote,Supportive,1,1,0,0,0,1,0
649,45,12,73949.0,9,26,66.0,1,38,0,5,1,1,8,4,3,Operations,Analyst,Bachelor,Female,Divorced,Day,Hybrid,Micromanager,0,0,0,1,0,1,1
650,53,2,47203.0,17,26,53.0,8,31,0,4,2,3,12,1,9,Engineering,Engineer,Bachelor,Female,Single,Night,Office,Balanced,1,0,0,0,0,0,0
651,57,19,94515.0,16,38,16.0,5,52,12,1,5,0,12,5,14,Finance,Lead,Master,Female,Divorced,Day,Hybrid,Supportive,1,0,0,0,1,1,1
652,24,1,39894.0,13,37,63.0,15,31,0,3,2,3,0,2,13,Research,Analyst,Bachelor,Other,Married,Day,Office,Supportive,1,0,0,0,0,0,0
653,58,10,76556.0,1,47,38.0,8,65,25,4,1,1,15,3,6,Sales,Engineer,Bachelor,Male,Married,Day,Hybrid,Micromanager,1,0,0,1,0,0,1
654,45,15,78197.0,17,1,64.0,1,50,10,5,4,0,9,1,11,Operations,Executive,Bachelor,Male,Married,Flexible,Office,Balanced,1,1,0,1,0,0,0
655,31,11,81113.0,5,25,20.0,10,65,25,1,4,1,13,4,0,,Associate,Master,Female,Single,Day,Hybrid,Supportive,1,0,0,0,0,0,0
656,40,2,25697.0,15,39,43.0,13,44,4,1,1,4,20,7,13,Finance,Engineer,High School,Male,Married,Day,Office,Hands-off,1,1,1,0,0,0,1
657,26,2,51547.0,3,40,19.0,9,30,0,5,2,1,9,6,2,Sales,Analyst,Master,Male,Married,Day,Hybrid,Balanced,0,0,1,0,0,0,0
658,46,8,36636.0,10,22,33.0,9,47,7,3,2,4,17,3,14,Engineering,Manager,Bachelor,Male,Single,Day,Office,,1,0,0,0,1,0,1
659,28,20,106333.0,12,9,5.0,15,52,12,4,4,1,16,8,11,Marketing,Lead,Bachelor,Male,Married,Day,Office,Supportive,0,1,0,1,0,0,0
660,24,1,52445.0,18,33,0.0,12,40,0,1,3,2,6,1,14,Sales,Lead,Bachelor,Male,Single,Day,Office,Balanced,1,0,0,1,0,0,0
661,58,8,69434.0,5,49,80.0,9,53,13,5,1,5,1,9,2,Engineering,Engineer,High School,Female,Married,Flexible,Hybrid,Balanced,1,0,0,1,0,1,1
662,53,4,58751.0,4,40,21.0,4,44,4,1,3,4,12,9,11,Operations,Manager,Bachelor,Male,Single,Day,Hybrid,Micromanager,0,0,0,0,0,0,0
663,42,2,255780.0,7,37,5.0,2,61,21,1,3,4,5,5,1,Sales,Engineer,Bachelor,Female,Married,Day,Office,,1,0,0,1,1,0,0
664,54,14,86570.0,4,32,59.0,12,61,21,1,4,1,0,10,15,,Manager,Master,Male,Married,Day,Office,Balanced,1,0,0,0,0,0,0
665,39,16,111298.0,20,26,50.0,9,65,25,2,1,2,3,3,8,,Engineer,Bachelor,Female,Divorced,Day,Hybrid,Hands-off,0,0,0,1,0,1,0
666,42,10,70971.0,0,15,63.0,8,33,0,2,1,6,17,3,3,Finance,Associate,High School,Male,Single,Night,Office,Hands-off,0,1,0,0,0,1,0
667,32,16,84048.0,1,53,74.0,2,45,5,3,4,0,20,3,7,Finance,Manager,Bachelor,Male,Married,Day,Office,Supportive,1,0,0,0,0,0,0
668,24,11,72253.0,10,4,42.0,9,39,0,3,2,6,20,5,0,Legal,Associate,Bachelor,Male,Married,Flexible,Office,Hands-off,1,0,0,0,1,1,0
669,37,5,52052.0,17,11,12.0,1,66,26,1,3,3,8,5,8,Engineering,Analyst,Bachelor,Male,Single,Day,Office,Balanced,1,0,0,1,0,0,0
670,42,6,52523.0,4,52,38.0,4,39,0,2,2,0,20,7,11,Research,Associate,High School,Male,Divorced,Day,Remote,Micromanager,0,0,0,1,0,1,0
671,57,2,28718.0,11,14,10.0,8,66,26,4,3,7,13,6,7,Sales,Lead,Master,Male,Divorced,Day,Office,,0,0,0,1,0,0,0
672,34,3,68225.0,11,52,22.0,5,37,0,2,1,7,16,9,12,Sales,Executive,Bachelor,Male,Married,Day,Office,Balanced,1,0,0,1,0,1,0
673,53,3,50345.0,2,39,37.0,15,35,0,1,2,4,20,10,3,Engineering,Executive,Bachelor,Female,Married,Flexible,Remote,Hands-off,0,0,0,1,0,0,1
674,35,6,88128.0,11,22,38.0,10,59,19,4,5,1,4,1,8,Marketing,Lead,Bachelor,Male,Single,Day,Remote,Supportive,0,0,0,0,0,1,0
675,35,5,63243.0,10,40,21.0,3,43,3,2,5,7,15,5,0,Engineering,Lead,Bachelor,Male,Single,Flexible,Hybrid,Hands-off,0,0,0,0,0,1,0
676,56,8,56684.0,5,31,80.0,5,65,25,5,3,0,15,2,3,,Manager,PhD,Female,Single,Night,Office,Supportive,1,1,0,0,0,1,0
677,58,0,64467.0,2,6,,13,57,17,1,2,2,19,8,14,Marketing,Associate,Master,Male,Divorced,Day,Hybrid,Balanced,1,0,0,0,0,0,0
678,56,0,23524.0,0,18,3.0,7,56,16,1,4,4,9,8,0,HR,Manager,PhD,Female,Single,Day,Remote,Hands-off,1,0,0,1,0,0,0
679,23,17,91697.0,10,24,33.0,11,31,0,2,2,6,14,5,11,Marketing,Manager,Bachelor,Other,Divorced,Day,Remote,Balanced,1,0,0,1,0,1,0
680,31,10,80809.0,19,11,78.0,14,46,6,2,2,7,11,9,11,Engineering,Manager,Master,Female,Single,Day,Remote,Balanced,0,0,0,0,0,0,0
681,30,1,30596.0,14,48,10.0,12,63,23,4,3,0,17,2,6,HR,Executive,Bachelor,Male,Divorced,Day,Office,Supportive,1,0,0,0,0,1,0
682,49,11,72627.0,12,27,54.0,1,34,0,4,5,4,12,9,14,Sales,Engineer,Bachelor,Other,Single,Night,Remote,Balanced,0,0,0,1,0,1,0
683,30,14,74495.0,1,16,62.0,13,70,30,5,1,5,6,8,15,Engineering,Engineer,Bachelor,Male,Single,Day,Office,Balanced,1,0,1,1,0,0,0
684,23,16,77591.0,6,26,17.0,12,35,0,5,1,5,2,0,11,Research,Executive,Bachelor,Male,Single,Day,Office,Balanced,0,0,0,0,0,0,0
685,29,12,69315.0,2,51,7.0,2,35,0,3,4,4,5,4,11,Sales,Analyst,Bachelor,Male,Married,Day,Hybrid,,0,0,0,0,0,0,0
686,35,3,64490.0,14,36,61.0,11,67,27,4,1,0,2,6,11,Engineering,Associate,Bachelor,Male,Divorced,Flexible,Remote,Supportive,1,0,0,1,0,0,0
687,44,15,82856.0,13,39,16.0,11,60,20,2,1,5,4,1,1,Operations,Analyst,Bachelor,Female,Divorced,Day,Hybrid,Supportive,1,0,0,0,0,0,0
688,32,6,60786.0,6,43,28.0,11,32,0,5,4,1,6,9,4,Engineering,Executive,Master,Female,Single,Night,Hybrid,Micromanager,0,1,0,0,0,0,0
689,42,12,68275.0,20,56,70.0,13,41,1,4,3,7,10,1,15,Sales,Associate,PhD,Female,Divorced,Day,Hybrid,Supportive,0,1,0,0,0,1,0
690,56,1,45395.0,8,46,1.0,5,63,23,3,5,6,3,1,6,Finance,Executive,High School,Female,Divorced,Flexible,Remote,Micromanager,0,1,0,1,1,1,0
691,59,5,74061.0,6,35,73.0,7,31,0,4,4,7,11,2,2,Engineering,Associate,High School,Male,Married,Flexible,Office,Supportive,0,1,0,1,1,0,0
692,34,20,101712.0,17,26,6.0,13,63,23,1,5,6,0,2,3,Operations,Engineer,High School,Male,Married,Day,Hybrid,Micromanager,1,0,0,0,1,1,0
693,30,19,88868.0,0,7,3.0,7,39,0,4,4,7,3,10,5,HR,Lead,Bachelor,Male,Married,Night,Office,Hands-off,1,0,0,0,0,0,1
694,42,17,102876.0,7,6,74.0,13,70,30,2,5,6,14,4,5,Marketing,Executive,Master,Male,Single,Flexible,Hybrid,Micromanager,1,0,0,0,0,0,1
695,60,6,68451.0,15,10,58.0,9,60,20,4,3,0,13,5,3,Research,Associate,Bachelor,Female,Single,Night,Remote,Supportive,0,0,0,0,0,0,0
696,40,3,281090.0,13,49,27.0,5,42,2,1,3,4,15,2,11,Sales,Manager,Bachelor,Female,Divorced,Day,Hybrid,Balanced,1,0,0,0,0,0,0
697,40,15,79474.0,9,51,23.0,11,47,7,3,1,2,19,9,13,Marketing,Engineer,Bachelor,Male,Single,Day,Remote,Micromanager,1,0,0,0,0,1,0
698,59,15,74068.0,14,37,21.0,9,50,10,5,3,5,2,5,7,Engineering,Executive,Bachelor,Female,Divorced,Night,Office,Balanced,0,0,0,1,0,1,0
699,35,11,59496.0,4,20,9.0,3,47,7,1,2,6,1,5,15,Operations,Manager,Master,Male,Divorced,Day,Remote,Balanced,0,0,0,1,0,0,0
700,26,19,104960.0,14,6,34.0,11,37,0,1,2,0,18,2,15,Engineering,Associate,High School,Male,Single,Day,Office,Micromanager,0,0,0,0,1,0,0
701,59,0,20000.0,3,32,57.0,1,42,2,1,4,6,6,6,2,Engineering,Manager,High School,Female,Married,Day,Office,Micromanager,0,1,0,1,0,0,0
702,57,10,86194.0,7,13,16.0,15,62,22,3,3,4,3,10,1,Marketing,Engineer,Bachelor,Male,Married,Day,Office,Balanced,1,0,0,1,1,0,0
703,59,1,37600.0,8,8,74.0,2,30,0,4,4,3,9,10,1,HR,Associate,Bachelor,Male,Single,Day,Remote,Micromanager,1,0,0,0,0,0,0
704,29,8,72631.0,5,56,56.0,12,59,19,4,4,5,13,10,3,Research,Manager,Bachelor,Other,Married,Day,Office,Balanced,0,0,0,0,1,0,0
705,35,11,53185.0,10,35,21.0,10,40,0,1,5,6,11,6,1,Marketing,Executive,Bachelor,Female,Married,Day,Remote,Balanced,0,0,0,0,0,1,0
706,60,10,79134.0,17,24,9.0,12,52,12,5,4,6,5,4,0,Finance,Manager,Bachelor,Male,Single,Day,Hybrid,Balanced,1,0,0,0,0,0,0
707,57,19,86743.0,5,58,47.0,11,46,6,5,2,4,0,4,9,Engineering,Analyst,Master,Female,Married,Day,Office,Supportive,0,0,0,0,1,0,0
708,42,17,78941.0,15,28,69.0,9,31,0,5,1,2,19,1,6,Engineering,Analyst,Bachelor,Female,Married,Day,Hybrid,Micromanager,0,0,0,0,0,0,1
709,54,18,98380.0,2,25,75.0,10,37,0,5,3,1,2,10,6,Marketing,Analyst,High School,Male,Single,Day,Hybrid,,1,0,0,1,0,0,0
710,25,1,60903.0,18,7,38.0,10,46,6,2,3,2,19,5,7,Engineering,Manager,Master,Female,Single,Day,Remote,,0,0,0,0,0,0,1
711,53,7,324765.0,0,21,24.0,5,39,0,4,3,0,15,8,3,Engineering,Executive,Master,Male,Single,Day,Remote,Balanced,1,0,0,0,0,0,0
712,49,20,112028.0,14,3,64.0,15,49,9,2,2,0,8,2,1,Operations,Executive,Bachelor,Female,Single,Flexible,Remote,Micromanager,1,0,0,0,0,0,0
713,37,17,91558.0,6,39,77.0,10,44,4,4,4,7,15,8,1,Research,Lead,Master,Female,Single,Day,Hybrid,Hands-off,1,0,1,0,0,0,0
714,30,14,84547.0,16,11,49.0,9,33,0,1,3,3,16,0,0,Operations,Lead,Master,Female,Divorced,Day,Remote,Balanced,0,0,0,0,0,0,0
715,53,4,72442.0,5,2,76.0,10,40,0,2,5,1,7,7,5,Engineering,Manager,Bachelor,Female,Married,Day,Office,Supportive,1,0,0,1,1,1,1
716,55,9,54485.0,11,18,77.0,10,39,0,2,1,5,14,7,9,Sales,Manager,Master,Female,Divorced,Day,Office,Supportive,1,0,0,0,1,0,0
717,24,3,44188.0,7,17,,2,41,1,1,1,0,11,10,12,Operations,Manager,High School,Male,Single,Day,Office,Supportive,1,0,0,1,1,0,0
718,26,6,73307.0,10,48,24.0,12,59,19,4,2,4,15,5,12,Research,Analyst,Bachelor,Male,Married,Day,Office,Micromanager,1,0,0,0,0,0,0
719,47,15,,5,18,32.0,1,61,21,2,1,5,5,5,3,Engineering,Executive,High School,Male,Divorced,Day,Remote,,1,0,0,0,0,0,0
720,51,20,83463.0,0,52,79.0,12,50,10,3,3,1,5,10,12,Sales,Manager,Bachelor,Female,Single,Day,Remote,Hands-off,1,0,0,0,0,0,0
721,58,19,94115.0,7,12,57.0,9,65,25,2,5,6,7,2,7,,Lead,Bachelor,Male,Married,Day,Hybrid,Hands-off,0,0,0,0,0,0,1
722,30,17,92218.0,6,37,62.0,13,68,28,5,4,5,0,10,12,Research,Executive,Bachelor,Female,Divorced,Night,Office,Balanced,0,0,0,1,0,1,1
723,37,8,57870.0,15,44,59.0,12,34,0,5,5,0,8,5,12,Engineering,Analyst,High School,Female,Single,Night,Office,Balanced,0,0,0,1,0,1,0
724,55,9,62987.0,14,52,,1,53,13,1,3,1,4,8,15,Operations,Manager,Bachelor,Male,Married,Day,Remote,Supportive,1,0,0,0,1,0,1
725,39,2,75803.0,1,11,47.0,10,56,16,2,2,5,13,1,9,Engineering,Analyst,Bachelor,Male,Married,Day,Hybrid,Supportive,1,0,1,0,0,0,0
726,50,8,52943.0,16,3,12.0,12,65,25,2,3,0,0,2,5,Sales,Executive,Bachelor,Male,Single,Day,Hybrid,Balanced,0,1,0,0,0,0,0
727,49,17,89089.0,8,24,55.0,1,51,11,2,5,3,13,8,13,Marketing,Lead,Bachelor,Female,Married,Day,Office,,0,0,0,0,0,0,1
728,58,11,66011.0,5,27,34.0,14,39,0,5,1,3,4,2,4,Research,Lead,Master,Male,Single,Day,Office,Balanced,1,0,0,0,0,0,0
729,54,1,57258.0,18,54,44.0,14,40,0,2,5,2,12,5,8,Research,Lead,PhD,Male,Single,Day,Office,Supportive,1,0,0,0,1,0,0
730,55,16,88303.0,16,35,18.0,9,60,20,1,2,6,14,0,12,,Engineer,Master,Female,Married,Day,Office,,1,0,0,1,0,0,0
731,24,6,63959.0,16,13,0.0,2,47,7,4,5,0,3,1,3,Engineering,Executive,Master,Female,Divorced,Flexible,Office,Balanced,0,0,0,0,0,0,0
732,48,20,510570.0,9,27,50.0,3,44,4,1,3,4,15,6,6,Finance,Analyst,Bachelor,Male,Married,Day,Office,Supportive,0,0,0,0,0,0,0
733,36,2,50407.0,19,5,54.0,9,58,18,5,2,3,7,4,14,HR,Associate,Bachelor,Female,Single,Day,Office,Hands-off,1,0,0,1,1,0,0
734,27,16,80662.0,19,54,10.0,12,54,14,3,2,2,18,9,12,Operations,Associate,Master,Female,Divorced,Night,Hybrid,Supportive,1,0,0,0,0,0,0
735,49,13,84471.0,11,19,61.0,10,69,29,3,4,6,19,3,5,Operations,Associate,Bachelor,Male,Divorced,Night,Hybrid,Micromanager,0,0,0,0,0,0,0
736,32,20,119007.0,15,14,47.0,15,56,16,4,1,0,14,3,3,Research,Manager,Master,Male,Married,Day,Remote,Hands-off,0,0,0,0,1,0,0
737,53,19,85738.0,4,16,47.0,8,42,2,4,1,7,0,4,4,Research,Associate,Bachelor,Male,Single,Day,Hybrid,Micromanager,0,0,0,0,0,0,0
738,54,18,106368.0,15,18,65.0,12,56,16,3,1,7,20,8,11,Marketing,Engineer,PhD,Male,Single,Day,Hybrid,Supportive,1,0,0,0,0,0,0
739,60,7,53242.0,4,21,12.0,9,58,18,1,4,1,18,7,12,Engineering,Associate,Bachelor,Male,Divorced,Flexible,Office,,1,0,0,1,1,0,0
740,59,19,88543.0,12,36,67.0,3,37,0,4,1,0,14,3,5,Sales,Lead,Master,Female,Single,Day,Hybrid,Balanced,1,0,0,0,0,0,0
741,48,6,58769.0,0,33,10.0,14,58,18,1,5,2,11,5,2,Legal,Engineer,Master,Female,Married,Day,Office,Micromanager,1,0,0,0,0,0,0
742,28,8,,18,13,69.0,6,36,0,4,5,5,10,0,2,Operations,Executive,Bachelor,Male,Single,Day,Hybrid,Supportive,1,0,0,0,0,0,0
743,52,3,,8,31,70.0,13,31,0,1,2,6,17,2,7,Engineering,Executive,High School,Male,Single,Flexible,Hybrid,Supportive,0,0,0,0,0,0,0
744,44,4,52138.0,5,45,10.0,8,49,9,2,2,7,1,4,14,Research,Associate,Bachelor,Female,Divorced,Day,Hybrid,Micromanager,0,0,0,1,0,0,0
745,23,3,50482.0,16,5,56.0,8,60,20,5,2,6,16,6,10,Operations,Manager,Bachelor,Female,Divorced,Day,Office,Micromanager,0,1,0,1,0,0,0
746,48,11,74299.0,0,52,61.0,9,50,10,4,3,1,5,2,4,Engineering,Lead,Master,Male,Single,Night,Remote,Balanced,0,0,0,0,0,0,0
747,31,6,57214.0,12,24,79.0,15,38,0,3,1,4,13,8,10,Research,Executive,Master,Male,Married,Day,Office,Balanced,1,0,1,0,0,0,0
748,37,8,62873.0,12,57,12.0,5,43,3,3,1,6,13,8,6,Marketing,Analyst,Master,Female,Single,Day,Remote,Balanced,1,0,0,0,0,0,0
749,50,3,43579.0,20,21,27.0,12,51,11,3,1,6,19,3,9,Engineering,Engineer,High School,Female,Divorced,Day,Office,Hands-off,1,0,0,0,0,1,0
750,45,3,58686.0,16,1,32.0,14,34,0,4,1,0,12,7,15,Engineering,Executive,Bachelor,Male,Single,Day,Office,Supportive,0,0,0,0,0,0,0
751,21,17,82880.0,6,25,43.0,9,40,0,3,5,4,20,1,5,Engineering,Lead,Bachelor,Female,Married,Night,Office,Hands-off,1,1,0,1,1,0,0
752,41,17,104727.0,8,4,40.0,9,63,23,1,1,1,10,5,8,Finance,Executive,Master,Female,Married,Day,Hybrid,Balanced,0,0,1,1,1,0,1
753,44,13,62983.0,9,55,68.0,2,69,29,4,2,3,7,6,2,,Associate,Master,Male,Single,Day,Office,Hands-off,0,0,0,0,1,0,1
754,42,12,85151.0,7,28,44.0,9,59,19,1,1,6,3,10,3,HR,Analyst,Bachelor,Female,Divorced,Night,Hybrid,Micromanager,0,1,0,0,1,0,0
755,28,13,85076.0,0,34,55.0,12,63,23,4,1,4,6,5,5,Operations,Lead,Master,Male,Divorced,Day,Hybrid,Micromanager,0,1,0,0,1,0,0
756,40,8,61526.0,15,27,38.0,13,33,0,5,2,6,10,0,7,Sales,Associate,Bachelor,Female,Divorced,Day,Hybrid,Supportive,0,0,0,0,1,0,0
757,60,18,83679.0,4,28,78.0,13,36,0,3,4,7,11,1,2,Legal,Executive,Bachelor,Male,Divorced,Day,Hybrid,Balanced,0,0,0,0,0,0,0
758,57,17,85410.0,20,53,47.0,4,56,16,2,2,6,3,10,6,Sales,Analyst,PhD,Female,Single,Night,Office,Balanced,0,0,0,0,0,0,0
759,34,13,71693.0,13,40,41.0,2,65,25,4,4,1,7,2,1,Legal,Analyst,Master,Male,Single,Flexible,Hybrid,Supportive,1,0,0,0,1,0,0
760,45,10,70143.0,0,48,47.0,10,46,6,3,2,2,13,4,8,HR,Engineer,Bachelor,Female,Married,Day,Hybrid,Hands-off,1,0,0,0,1,0,0
761,40,3,51264.0,18,35,21.0,14,36,0,1,5,3,11,6,15,Engineering,Manager,Master,Male,Married,Day,Remote,Balanced,0,0,0,1,0,1,0
762,41,4,41284.0,16,19,77.0,10,36,0,5,5,5,18,10,1,Engineering,Analyst,Bachelor,Male,Single,Day,Hybrid,Supportive,1,0,1,0,1,0,0
763,29,1,22656.0,19,17,62.0,3,59,19,5,2,5,2,0,9,Research,Executive,Bachelor,Male,Divorced,Flexible,Hybrid,Supportive,0,1,0,1,0,0,0
764,45,5,57994.0,20,17,16.0,11,62,22,5,4,2,13,10,7,Research,Manager,Master,Female,Divorced,Night,Office,Balanced,0,0,0,1,1,0,0
765,32,16,74591.0,19,8,17.0,9,47,7,2,5,1,11,9,7,HR,Manager,Master,Male,Divorced,Day,Remote,Supportive,1,0,0,0,0,0,0
766,56,8,66086.0,11,48,0.0,8,62,22,4,3,3,13,6,12,Operations,Lead,Master,Female,Divorced,Day,Hybrid,Balanced,1,0,0,1,0,0,0
767,60,10,93497.0,17,51,12.0,12,58,18,5,4,3,7,7,10,Engineering,Analyst,Bachelor,Female,Divorced,Day,Hybrid,Balanced,1,0,0,0,1,0,0
768,24,10,80181.0,16,40,54.0,2,62,22,4,3,3,12,8,2,Sales,Engineer,PhD,Male,Married,Day,Hybrid,Hands-off,0,0,0,0,0,0,0
769,46,14,80479.0,16,1,77.0,4,60,20,4,2,2,6,6,13,HR,Executive,Bachelor,Female,Single,Day,Office,Balanced,1,0,0,0,0,0,1
770,57,18,103044.0,18,27,57.0,13,36,0,3,3,6,11,6,10,Sales,Analyst,High School,Male,Divorced,Day,Hybrid,Micromanager,1,0,0,0,0,0,0
771,26,17,97223.0,8,36,35.0,11,52,12,2,2,5,7,5,1,Operations,Executive,High School,Female,Married,Day,Remote,Supportive,0,0,0,0,0,0,0
772,40,0,45148.0,2,40,43.0,15,52,12,3,3,0,7,7,2,Marketing,Executive,Bachelor,Male,Divorced,Night,Office,Balanced,1,0,0,0,0,0,0
773,57,1,273025.0,5,29,43.0,5,69,29,3,1,1,1,2,12,Engineering,Analyst,Master,Male,Single,Day,Office,Hands-off,0,0,0,0,1,0,0
774,38,15,93859.0,20,4,32.0,14,61,21,4,3,4,3,3,4,Marketing,Manager,Bachelor,Female,Divorced,Day,Remote,Balanced,0,0,0,0,1,0,0
775,40,11,58921.0,13,12,44.0,5,43,3,5,5,6,17,1,12,Finance,Executive,Bachelor,Female,Divorced,Day,Remote,Supportive,1,1,0,0,0,0,0
776,55,6,60189.0,6,16,65.0,8,44,4,3,1,2,9,6,15,HR,Engineer,High School,Male,Divorced,Day,Office,Hands-off,0,0,0,0,1,1,0
777,23,16,80580.0,20,13,51.0,12,65,25,4,3,6,15,3,1,Engineering,Lead,Bachelor,Female,Divorced,Day,Remote,Balanced,0,0,1,1,0,1,0
778,46,20,89235.0,9,31,60.0,6,51,11,4,3,7,13,1,12,Finance,Analyst,Master,Female,Single,Flexible,Office,Hands-off,0,0,0,0,0,0,0
779,45,12,86665.0,13,28,17.0,7,62,22,4,2,6,14,10,3,Finance,Associate,Bachelor,Female,Divorced,Day,Hybrid,Supportive,0,0,0,0,0,0,0
780,31,6,73823.0,7,51,56.0,4,65,25,3,1,0,17,0,13,Engineering,Executive,Master,Male,Married,Day,Office,Balanced,0,0,0,1,0,1,1
781,42,1,63116.0,18,14,9.0,15,42,2,5,2,6,10,2,12,Research,Lead,Bachelor,Female,Divorced,Day,Remote,Supportive,1,0,0,0,0,0,0
782,26,2,20000.0,4,41,55.0,6,45,5,1,2,4,10,8,9,Sales,Associate,Master,Female,Single,Day,Office,Hands-off,1,0,0,1,1,0,1
783,57,13,87439.0,16,24,57.0,11,36,0,1,2,3,11,4,4,Operations,Associate,Bachelor,Female,Divorced,Day,Office,Supportive,0,1,0,0,0,0,0
784,44,6,68022.0,3,25,19.0,1,65,25,2,3,3,4,2,10,Sales,Analyst,PhD,Male,Single,Night,Office,Balanced,0,0,0,0,1,0,0
785,53,14,64517.0,14,29,47.0,14,31,0,3,3,4,12,6,0,Sales,Manager,Master,Male,Married,Night,Hybrid,Hands-off,0,0,0,0,0,1,0
786,41,16,92955.0,13,26,23.0,5,67,27,4,2,2,5,9,13,Operations,Executive,Bachelor,Male,Divorced,Flexible,Office,Balanced,0,0,0,1,0,1,0
787,25,16,97405.0,16,30,,3,37,0,5,2,7,1,9,15,Research,Associate,High School,Male,Single,Day,Hybrid,Balanced,0,1,0,0,0,0,0
788,24,1,70050.0,0,32,43.0,13,66,26,3,4,2,3,0,15,Operations,Manager,Master,Female,Married,Day,Hybrid,Micromanager,1,0,0,0,1,0,1
789,37,18,,7,24,80.0,12,60,20,4,1,1,11,10,13,Sales,Associate,Bachelor,Female,Single,Night,Office,Micromanager,0,0,0,0,0,0,0
790,22,1,48480.0,10,22,4.0,9,49,9,5,1,3,17,2,4,Marketing,Executive,High School,Female,Married,Night,Remote,Balanced,0,0,1,1,0,0,0
791,53,6,54075.0,15,60,56.0,8,51,11,2,4,5,3,7,14,,Executive,Bachelor,Male,Divorced,Day,Remote,Supportive,0,0,0,0,1,1,0
792,60,18,83037.0,6,55,35.0,10,30,0,1,5,4,18,9,12,Sales,Analyst,Bachelor,Female,Divorced,Day,Office,Balanced,0,0,0,0,1,0,0
793,52,19,83270.0,19,5,7.0,11,45,5,2,1,1,15,0,7,Sales,Executive,Bachelor,Male,Married,Day,Office,Supportive,1,0,0,0,1,1,0
794,27,9,56291.0,8,2,39.0,6,60,20,1,4,5,1,6,8,HR,Lead,Master,Male,Single,Flexible,Office,Micromanager,0,0,0,0,0,0,0
795,47,11,64965.0,15,35,61.0,11,38,0,3,5,2,9,3,11,Legal,Lead,High School,Male,Married,Day,Hybrid,Balanced,1,0,0,0,1,0,0
796,55,5,43697.0,18,43,,15,63,23,2,5,7,18,1,14,Marketing,Executive,Bachelor,Female,Married,Day,Hybrid,,1,0,0,0,0,0,0
797,44,20,92925.0,7,55,77.0,11,60,20,4,5,3,1,7,2,Engineering,Lead,Bachelor,Female,Single,Day,Remote,Balanced,1,0,0,0,0,0,1
798,33,10,66733.0,3,36,78.0,11,32,0,3,5,4,1,5,14,HR,Lead,Master,Male,Married,Flexible,Office,Balanced,0,0,0,0,0,0,0
799,46,15,102366.0,5,9,38.0,3,56,16,4,5,0,10,9,13,Engineering,Engineer,Bachelor,Male,Married,Day,Office,Hands-off,0,0,0,0,1,0,0
800,35,2,55674.0,6,29,53.0,6,52,12,3,3,1,7,6,9,Marketing,Associate,Bachelor,Female,Married,Day,Office,Micromanager,1,0,0,1,0,0,0
801,22,15,77932.0,15,33,0.0,7,45,5,1,2,5,2,7,10,Sales,Executive,High School,Male,Married,Flexible,Remote,Balanced,1,0,0,0,0,0,0
802,58,4,51689.0,3,18,56.0,14,52,12,4,5,5,10,1,3,Sales,Associate,Bachelor,Male,Divorced,Day,Hybrid,Supportive,0,0,0,0,1,0,1
803,34,11,80337.0,8,22,47.0,3,66,26,1,4,0,20,8,6,Engineering,Analyst,Bachelor,Male,Single,Night,Office,Micromanager,0,0,0,1,0,0,0
804,37,11,82565.0,19,12,61.0,3,50,10,5,2,1,20,8,4,Sales,Manager,Bachelor,Male,Divorced,Day,Office,Supportive,0,0,1,0,1,0,0
805,31,9,55985.0,14,14,16.0,6,59,19,1,4,7,6,0,9,HR,Executive,Bachelor,Male,Divorced,Day,Hybrid,,1,0,0,0,1,0,0
806,22,8,91500.0,4,36,68.0,8,53,13,5,2,4,4,9,7,Sales,Manager,High School,Female,Married,Day,Remote,Balanced,0,1,0,0,0,0,0
807,33,6,53452.0,19,11,36.0,14,48,8,3,3,2,6,7,6,Research,Manager,Bachelor,Male,Single,Flexible,Hybrid,Micromanager,0,0,0,0,0,0,0
808,39,16,94344.0,8,11,4.0,2,41,1,2,2,3,10,9,11,Marketing,Lead,PhD,Female,Married,Night,Office,Micromanager,1,0,0,1,0,0,0
809,56,18,97770.0,8,3,17.0,15,54,14,2,3,6,16,1,14,Engineering,Engineer,Bachelor,Female,Single,Day,Office,Supportive,1,1,0,0,0,0,0
810,27,8,64751.0,3,23,73.0,2,41,1,3,3,7,18,8,10,Marketing,Manager,High School,Female,Married,Day,Office,Micromanager,0,0,0,0,1,0,0
811,36,14,75697.0,5,59,43.0,6,46,6,2,2,2,19,5,2,Operations,Manager,Master,Male,Single,Day,Office,,0,0,1,1,0,0,1
812,31,12,67726.0,12,38,25.0,15,60,20,4,5,1,18,2,9,Legal,Associate,High School,Female,Married,Day,Remote,Balanced,1,0,0,0,0,0,0
813,46,14,,8,14,35.0,4,67,27,5,4,7,16,3,0,Operations,Manager,Master,Male,Single,Flexible,Office,Balanced,0,0,0,0,0,0,0
814,37,5,,10,51,79.0,8,62,22,2,2,2,13,2,6,Legal,Associate,Bachelor,Female,Divorced,Flexible,Hybrid,Balanced,0,0,0,1,0,0,0
815,60,6,36918.0,8,41,18.0,9,31,0,4,3,7,13,3,7,Engineering,Analyst,Master,Female,Married,Day,Remote,Balanced,0,1,0,1,1,1,1
816,51,2,,8,5,51.0,8,50,10,3,2,6,17,7,15,Operations,Associate,Master,Female,Single,Day,Hybrid,Hands-off,0,0,0,0,0,0,0
817,53,4,63855.0,14,15,39.0,2,43,3,5,5,6,9,6,3,Finance,Executive,Master,Female,Married,Day,Hybrid,,1,0,0,1,0,0,0
818,46,3,44762.0,17,7,26.0,11,66,26,3,4,4,19,7,2,Sales,Manager,Bachelor,Male,Married,Flexible,Hybrid,Supportive,0,0,0,0,0,0,0
819,30,0,45562.0,3,53,68.0,7,68,28,5,4,7,16,0,5,Operations,Engineer,Master,Female,Married,Flexible,Office,Balanced,1,0,0,0,0,0,0
820,41,17,98438.0,9,48,62.0,3,62,22,5,4,2,1,1,8,Marketing,Manager,Bachelor,Female,Married,Day,Office,Micromanager,0,0,0,0,0,0,1
821,27,19,92464.0,2,41,41.0,8,42,2,1,5,4,4,6,6,Sales,Analyst,High School,Male,Single,Day,Remote,Balanced,0,0,1,0,0,0,1
822,55,16,90725.0,14,19,59.0,3,52,12,3,3,4,19,1,6,Operations,Manager,Bachelor,Female,Divorced,Day,Office,Balanced,1,0,0,1,0,1,0
823,37,18,85002.0,20,31,80.0,7,39,0,3,2,1,10,3,5,Sales,Associate,Master,Male,Married,Day,Hybrid,Balanced,0,0,0,0,0,1,0
824,56,19,78418.0,8,37,37.0,3,41,1,5,5,6,17,9,5,Engineering,Analyst,Master,Female,Married,Day,Office,Balanced,0,0,0,1,0,0,0
825,39,20,,16,18,,1,56,16,4,3,0,8,4,13,Operations,Executive,Master,Female,Divorced,Day,Office,Balanced,1,1,0,0,0,0,0
826,40,7,60304.0,11,30,34.0,5,69,29,2,4,6,16,3,1,Research,Engineer,Bachelor,Male,Divorced,Day,Office,Supportive,1,0,1,1,0,0,0
827,33,3,58897.0,4,31,30.0,11,48,8,2,5,7,10,1,0,Engineering,Associate,Master,Male,Divorced,Day,Office,Hands-off,1,0,0,0,0,0,0
828,26,16,102348.0,13,45,71.0,6,38,0,5,3,3,5,5,12,Engineering,Executive,PhD,Male,Married,Night,Office,Supportive,1,0,0,0,0,0,0
829,38,3,51905.0,5,34,,12,56,16,4,4,1,9,6,13,Engineering,Executive,Master,Male,Divorced,Day,Office,Balanced,1,0,0,0,0,1,0
830,37,14,71383.0,7,40,9.0,4,45,5,1,2,2,13,3,3,,Lead,Bachelor,Male,Married,Day,Hybrid,Balanced,0,0,1,0,1,0,0
831,36,17,77519.0,5,3,63.0,10,49,9,2,4,3,12,1,2,Sales,Executive,Bachelor,Male,Married,Day,Office,Supportive,0,0,0,1,1,1,0
832,51,8,35917.0,9,53,50.0,12,34,0,2,1,7,1,1,12,Sales,Associate,High School,Female,Divorced,Day,Remote,,0,0,0,0,0,0,1
833,55,6,53048.0,4,23,33.0,12,61,21,4,4,3,15,4,15,Sales,Lead,High School,Male,Single,Night,Hybrid,Micromanager,1,0,0,1,1,0,0
834,36,17,74166.0,17,23,25.0,13,70,30,5,1,5,12,9,13,,Lead,Bachelor,Male,Single,Flexible,Hybrid,Micromanager,1,0,0,0,0,1,0
835,34,20,555950.0,1,21,37.0,11,62,22,4,2,5,4,10,7,Finance,Associate,Bachelor,Male,Divorced,Day,Remote,Micromanager,0,0,0,0,0,1,0
836,47,11,61309.0,19,57,77.0,10,70,30,2,4,7,9,2,2,Engineering,Executive,Bachelor,Female,Single,Day,Office,Balanced,0,0,0,0,0,0,1
837,51,19,82387.0,9,25,44.0,1,40,0,5,1,6,6,1,2,Marketing,Executive,Bachelor,Female,Single,Day,Remote,Balanced,0,0,0,1,1,0,0
838,58,13,97149.0,4,37,5.0,2,51,11,2,3,1,16,0,8,Engineering,Associate,Bachelor,Male,Divorced,Day,Hybrid,Hands-off,1,0,0,0,1,1,0
839,57,4,57106.0,17,27,12.0,9,41,1,1,2,3,12,3,3,,Associate,Bachelor,Male,Single,Day,Office,Supportive,0,0,0,1,0,0,0
840,54,8,29509.0,2,6,36.0,14,38,0,3,1,0,15,9,5,Legal,Analyst,PhD,Female,Divorced,Day,Hybrid,Supportive,0,0,0,0,0,0,0
841,47,9,57823.0,7,34,3.0,12,60,20,3,5,3,20,3,12,Finance,Lead,Master,Female,Single,Flexible,Remote,Hands-off,1,0,0,1,1,0,0
842,22,4,45388.0,13,13,30.0,3,67,27,1,3,5,12,5,6,,Associate,PhD,Male,Married,Day,Office,Supportive,0,0,0,1,0,0,1
843,54,10,76382.0,6,10,67.0,11,61,21,4,4,5,8,6,1,Legal,Lead,High School,Female,Single,Night,Remote,Supportive,1,0,0,0,0,1,0
844,21,4,47363.0,7,18,35.0,15,30,0,4,4,0,8,5,7,Finance,Executive,Bachelor,Male,Divorced,Day,Office,Hands-off,1,0,0,0,0,0,0
845,28,16,76167.0,8,36,71.0,10,44,4,2,5,0,12,8,2,Operations,Manager,Master,Male,Married,Flexible,Office,Micromanager,1,0,0,0,0,1,0
846,43,15,57019.0,5,59,14.0,2,67,27,5,5,0,15,3,0,Marketing,Engineer,Bachelor,Female,Married,Day,Office,Balanced,0,0,0,0,1,0,0
847,56,0,53723.0,9,20,21.0,2,38,0,3,1,1,18,7,10,Engineering,Manager,Master,Male,Divorced,Flexible,Office,Balanced,0,0,0,1,0,0,0
848,51,1,40610.0,15,1,3.0,15,30,0,4,3,4,17,9,14,Research,Executive,Bachelor,Male,Single,Flexible,Office,Supportive,1,0,0,0,0,1,0
849,35,4,46153.0,20,56,18.0,11,66,26,2,4,4,18,8,7,Operations,Lead,Master,Female,Divorced,Day,Remote,Micromanager,1,0,0,1,0,1,0
850,58,12,76301.0,15,46,6.0,13,54,14,1,2,5,6,2,10,Engineering,Lead,Bachelor,Female,Single,Day,Hybrid,Supportive,1,0,0,0,1,0,0
851,40,1,38045.0,19,32,39.0,13,54,14,5,2,2,1,8,5,Finance,Lead,Master,Male,Divorced,Day,Hybrid,Supportive,1,0,0,1,0,1,0
852,31,0,20000.0,9,41,43.0,10,62,22,3,2,3,1,0,0,Engineering,Analyst,Bachelor,Male,Divorced,Flexible,Office,Hands-off,0,1,0,1,0,0,0
853,29,2,54224.0,13,6,27.0,14,57,17,3,5,1,4,4,4,Research,Analyst,Master,Male,Divorced,Day,Office,Balanced,1,0,0,1,0,0,0
854,57,9,64935.0,16,60,74.0,5,44,4,4,2,6,3,3,9,HR,Associate,Bachelor,Female,Single,Day,Office,Supportive,1,0,0,1,0,0,0
855,60,5,69921.0,8,16,4.0,15,50,10,2,4,4,6,2,3,Finance,Analyst,Bachelor,Female,Single,Day,Hybrid,Balanced,1,0,1,1,1,1,0
856,45,8,59720.0,14,38,38.0,15,31,0,5,4,7,11,10,5,Legal,Executive,Master,Male,Single,Day,Office,Balanced,1,0,0,0,0,0,0
857,60,20,94325.0,20,8,72.0,13,46,6,1,5,0,5,10,9,Finance,Associate,Master,Female,Single,Day,Office,Hands-off,1,0,0,1,0,0,0
858,47,11,,2,55,59.0,2,33,0,2,4,4,13,7,1,Research,Engineer,Bachelor,Female,Single,Day,Hybrid,,0,1,0,1,0,0,0
859,47,20,,14,54,30.0,1,36,0,3,4,1,12,1,5,HR,Manager,Bachelor,Female,Single,Flexible,Office,Balanced,0,0,0,0,1,0,0
860,38,14,62775.0,2,17,33.0,14,48,8,5,1,7,11,10,10,Engineering,Analyst,Master,Female,Divorced,Day,Office,Supportive,1,0,0,0,0,0,0
861,43,20,89269.0,17,9,65.0,2,47,7,1,1,7,1,1,4,HR,Executive,Bachelor,Female,Married,Day,Hybrid,Balanced,0,0,0,0,0,0,0
862,55,12,51458.0,1,13,71.0,15,50,10,1,3,5,20,2,6,Marketing,Lead,Master,Female,Divorced,Day,Hybrid,Balanced,0,0,0,0,0,0,0
863,28,13,,17,14,26.0,9,32,0,3,4,6,17,7,11,Operations,Engineer,Master,Male,Single,Day,Office,Micromanager,1,0,0,1,1,0,0
864,31,1,30740.0,13,4,38.0,9,69,29,1,3,0,12,10,5,Sales,Engineer,Bachelor,Male,Married,Day,Hybrid,Balanced,0,0,1,0,1,1,0
865,31,1,64901.0,6,11,11.0,13,48,8,5,4,5,11,10,1,Research,Lead,Bachelor,Male,Single,Day,Office,,1,0,0,0,1,0,0
866,44,8,80772.0,11,48,46.0,1,59,19,3,1,4,8,2,13,Finance,Lead,Master,Female,Divorced,Day,Hybrid,Supportive,1,0,0,1,0,0,1
867,34,6,76789.0,7,46,72.0,6,70,30,4,3,5,13,4,15,,Associate,Bachelor,Female,Divorced,Day,Office,Supportive,1,0,0,0,1,0,0
868,38,5,64949.0,14,31,15.0,8,66,26,4,4,4,0,3,13,Engineering,Lead,PhD,Female,Divorced,Flexible,Office,Balanced,1,0,0,0,0,0,0
869,44,20,98881.0,9,20,,2,67,27,4,2,0,9,8,8,,Analyst,Master,Male,Single,Day,Remote,Balanced,1,0,0,1,0,1,0
870,49,12,102803.0,1,35,44.0,9,51,11,3,2,4,9,4,0,Operations,Manager,Bachelor,Female,Divorced,Day,Office,Balanced,1,1,0,1,0,1,0
871,52,12,83764.0,16,1,5.0,1,33,0,1,5,0,3,8,8,Research,Associate,Bachelor,Female,Single,Day,Hybrid,Micromanager,1,0,0,0,0,1,0
872,36,18,86651.0,15,59,42.0,12,33,0,4,2,7,6,8,13,Marketing,Associate,Master,Female,Married,Day,Remote,Micromanager,1,0,0,1,0,1,0
873,47,2,67083.0,17,1,,13,34,0,2,1,4,20,9,3,Engineering,Analyst,High School,Male,Married,Day,Hybrid,Hands-off,1,0,0,1,1,0,0
874,37,0,,20,54,48.0,11,51,11,5,4,1,20,7,8,Engineering,Manager,High School,Female,Married,Night,Office,,0,0,0,0,0,0,0
875,37,16,84826.0,0,4,8.0,2,64,24,3,5,6,10,9,2,Operations,Executive,High School,Female,Divorced,Day,Office,Micromanager,1,0,1,0,0,0,1
876,26,18,77878.0,16,23,41.0,5,57,17,4,2,4,4,4,0,,Engineer,Bachelor,Female,Divorced,Night,Hybrid,Balanced,1,0,0,1,1,1,0
877,45,15,63395.0,14,34,60.0,4,65,25,5,5,2,14,0,15,Sales,Engineer,Bachelor,Male,Divorced,Day,Office,Balanced,1,0,0,1,0,0,1
878,56,14,85424.0,7,16,32.0,9,45,5,1,2,1,7,10,5,HR,Manager,Bachelor,Female,Married,Day,Hybrid,Micromanager,1,0,0,1,1,1,1
879,22,9,55426.0,4,26,3.0,10,67,27,4,2,1,15,8,6,Legal,Associate,Master,Male,Single,Flexible,Hybrid,Balanced,0,0,0,0,0,0,0
880,25,0,61534.0,13,25,24.0,9,64,24,5,2,1,9,7,2,Sales,Associate,Master,Male,Married,Day,Remote,Micromanager,1,0,0,1,1,0,0
881,57,18,106814.0,1,22,65.0,4,46,6,4,2,2,0,6,3,Finance,Manager,Bachelor,Male,Married,Day,Remote,Hands-off,1,0,0,0,1,0,0
882,53,0,65199.0,3,13,61.0,4,52,12,5,4,5,0,8,9,Research,Analyst,Bachelor,Female,Divorced,Night,Office,Hands-off,1,0,0,0,1,0,0
883,38,7,77509.0,3,44,39.0,12,37,0,5,3,3,17,8,13,Engineering,Analyst,High School,Female,Divorced,Flexible,Office,Supportive,1,0,0,0,0,0,1
884,28,11,65026.0,3,41,59.0,6,51,11,3,5,2,3,0,5,Finance,Analyst,Bachelor,Male,Single,Day,Hybrid,Supportive,0,0,0,1,1,0,0
885,22,2,47460.0,8,54,40.0,3,34,0,1,2,6,0,8,0,Sales,Lead,Master,Male,Single,Day,Remote,Supportive,0,0,0,0,0,0,1
886,21,0,22610.0,2,53,75.0,6,50,10,5,5,4,20,8,1,Sales,Executive,Bachelor,Male,Divorced,Day,Office,Balanced,1,0,0,0,1,0,0
887,24,18,82578.0,19,21,21.0,2,31,0,5,1,2,4,1,0,Engineering,Analyst,High School,Male,Divorced,Day,Office,Micromanager,0,0,0,1,0,0,0
888,56,1,20000.0,9,45,30.0,3,44,4,1,4,0,19,3,3,Research,Analyst,Master,Male,Married,Flexible,Hybrid,Hands-off,1,0,0,0,0,1,0
889,44,4,52028.0,6,12,52.0,4,59,19,5,3,3,7,7,0,Finance,Lead,Bachelor,Female,Married,Day,Office,Balanced,1,1,0,1,0,0,0
890,44,4,68237.0,19,6,75.0,5,32,0,5,3,5,20,3,0,HR,Analyst,Bachelor,Other,Single,Day,Hybrid,Hands-off,1,0,0,1,1,1,0
891,30,6,64839.0,20,53,75.0,2,52,12,1,5,0,3,4,6,Research,Engineer,Bachelor,Male,Divorced,Day,Office,Balanced,0,0,0,0,1,0,0
892,48,17,,16,41,19.0,7,66,26,5,5,7,14,6,15,Marketing,Analyst,Master,Female,Married,Flexible,Hybrid,Balanced,1,1,0,1,1,0,0
893,49,4,46899.0,15,36,16.0,4,43,3,2,1,7,0,2,5,Engineering,Analyst,Master,Female,Single,Day,Hybrid,Micromanager,0,0,0,1,0,1,0
894,58,19,106869.0,16,57,58.0,7,55,15,3,2,4,9,8,4,Operations,Manager,PhD,Male,Divorced,Flexible,Hybrid,Balanced,0,0,0,0,0,0,1
895,39,6,45374.0,11,58,53.0,10,44,4,3,5,1,4,8,3,Operations,Manager,Bachelor,Male,Divorced,Day,Remote,Balanced,0,0,0,0,0,0,0
896,21,10,61601.0,16,24,46.0,9,36,0,1,2,5,14,6,2,Operations,Lead,Bachelor,Female,Single,Day,Remote,Balanced,1,0,0,1,1,0,0
897,54,18,83273.0,11,12,39.0,12,53,13,3,2,0,3,8,10,HR,Lead,Bachelor,Male,Married,Day,Office,Hands-off,0,0,0,0,0,0,0
898,43,6,80330.0,19,59,47.0,14,48,8,1,4,5,6,1,0,Finance,Manager,Master,Male,Divorced,Day,Remote,Supportive,1,0,0,0,0,0,0
899,51,0,54836.0,9,48,69.0,15,65,25,2,1,7,12,2,12,Operations,Engineer,Bachelor,Male,Single,Day,Hybrid,Micromanager,0,0,0,1,0,0,0
900,36,1,46885.0,2,32,49.0,1,31,0,2,4,0,5,0,1,,Lead,Bachelor,Male,Divorced,Night,Office,Balanced,1,0,0,1,0,0,0
901,23,1,35659.0,9,32,39.0,13,47,7,3,3,6,18,8,6,,Analyst,High School,Female,Married,Day,Hybrid,Supportive,1,0,1,0,1,0,0
902,50,1,44667.0,6,9,75.0,6,58,18,2,3,2,12,9,4,Sales,Associate,Bachelor,Female,Married,Day,Office,Micromanager,1,0,0,0,1,0,0
903,45,0,51712.0,6,16,31.0,13,61,21,2,1,3,12,10,14,Marketing,Engineer,Bachelor,Female,Divorced,Day,Office,Balanced,1,0,0,0,1,0,0
904,42,4,59306.0,15,36,,13,52,12,4,1,0,16,8,15,Marketing,Engineer,Master,Female,Single,Day,Office,Balanced,1,0,0,0,0,0,0
905,59,13,69797.0,3,33,80.0,9,49,9,1,5,1,9,6,1,Engineering,Analyst,Bachelor,Male,Single,Day,Hybrid,Supportive,1,0,1,0,0,0,0
906,32,1,53516.0,15,49,61.0,5,57,17,5,3,5,16,8,8,Engineering,Analyst,Bachelor,Male,Single,Flexible,Remote,Supportive,0,0,0,0,0,1,0
907,58,2,299405.0,20,35,45.0,4,31,0,4,2,1,12,3,15,Sales,Executive,Bachelor,Female,Divorced,Day,Office,Supportive,1,0,0,0,1,0,0
908,31,6,54778.0,0,16,47.0,1,38,0,5,4,7,20,0,6,HR,Manager,Bachelor,Female,Single,Night,Office,Balanced,0,0,0,1,0,0,0
909,31,5,52711.0,12,42,32.0,13,67,27,5,2,7,19,0,10,Legal,Engineer,High School,Male,Single,Day,Hybrid,Supportive,0,0,0,0,0,1,0
910,41,16,89805.0,9,40,,14,51,11,2,5,2,17,9,0,Research,Analyst,Master,Female,Married,Day,Hybrid,,0,0,0,1,0,0,0
911,31,3,58769.0,20,19,46.0,4,61,21,1,3,5,4,7,5,Engineering,Engineer,Bachelor,Female,Single,Day,Hybrid,Balanced,0,0,0,0,0,0,0
912,55,15,78277.0,8,8,58.0,3,34,0,5,5,2,4,4,3,Engineering,Executive,PhD,Male,Single,Day,Remote,Balanced,1,0,1,1,0,0,0
913,29,7,64088.0,5,55,21.0,15,64,24,2,2,7,9,8,13,Research,Executive,High School,Female,Single,Day,Remote,Balanced,1,0,0,0,1,0,0
914,36,1,40975.0,2,35,19.0,10,52,12,4,2,5,2,6,3,Finance,Engineer,Bachelor,Female,Divorced,Day,Hybrid,Micromanager,0,0,0,0,1,0,0
915,40,20,94301.0,9,22,66.0,3,60,20,1,5,4,13,6,4,Engineering,Lead,Master,Female,Divorced,Day,Remote,Supportive,1,1,0,0,1,0,0
916,49,10,84355.0,3,14,57.0,12,47,7,1,3,5,12,4,2,Sales,Analyst,Master,Female,Married,Day,Office,Balanced,1,0,0,1,0,1,0
917,22,18,86240.0,0,19,12.0,14,61,21,1,4,0,4,3,15,Legal,Lead,Master,Male,Divorced,Day,Hybrid,Supportive,0,0,0,0,1,0,0
918,33,8,58491.0,8,52,27.0,15,48,8,2,1,5,5,2,9,Operations,Manager,High School,Female,Married,Day,Remote,Supportive,0,0,1,1,0,0,0
919,31,18,76954.0,2,34,28.0,3,44,4,3,3,7,12,1,3,Operations,Executive,Master,Female,Married,Day,Hybrid,Micromanager,0,0,0,0,0,0,0
920,44,17,64041.0,7,44,4.0,1,69,29,4,5,6,16,3,12,Sales,Analyst,Bachelor,Male,Single,Day,Hybrid,Supportive,0,0,0,1,0,0,0
921,60,5,84428.0,4,12,10.0,10,64,24,1,4,7,10,6,9,HR,Lead,PhD,Male,Married,Day,Hybrid,Balanced,0,0,0,0,1,0,1
922,21,9,68376.0,17,27,53.0,8,32,0,3,3,1,16,4,9,Marketing,Associate,Bachelor,Male,Divorced,Night,Hybrid,Supportive,0,0,0,0,0,1,0
923,58,7,35874.0,4,14,48.0,4,69,29,3,5,4,6,1,7,Finance,Manager,Master,Female,Married,Night,Remote,Supportive,1,0,0,0,1,0,0
924,52,8,63155.0,10,37,69.0,14,69,29,3,2,3,3,8,15,Engineering,Lead,Bachelor,Female,Divorced,Flexible,Office,Micromanager,0,0,0,0,0,0,0
925,52,13,69421.0,12,23,31.0,14,32,0,3,3,5,3,9,12,Finance,Associate,Master,Other,Single,Night,Office,Balanced,0,0,0,0,1,1,1
926,59,11,84796.0,6,10,39.0,1,66,26,4,1,7,10,1,0,Engineering,Analyst,Master,Female,Divorced,Day,Office,Supportive,1,0,0,0,0,1,0
927,30,18,92927.0,3,54,61.0,4,35,0,2,4,7,5,0,12,Sales,Analyst,Bachelor,Male,Single,Day,Office,Supportive,1,0,0,1,0,0,0
928,29,18,88207.0,6,49,39.0,8,32,0,4,5,3,6,10,7,Marketing,Associate,Bachelor,Female,Single,Day,Office,Balanced,1,0,0,0,0,0,1
929,29,3,35666.0,15,13,77.0,6,50,10,1,1,4,3,9,2,Engineering,Associate,Bachelor,Female,Single,Day,Remote,Hands-off,0,0,0,0,0,0,0
930,38,15,93078.0,4,1,73.0,5,42,2,3,2,5,20,10,14,Finance,Analyst,High School,Female,Divorced,Day,Office,Supportive,1,0,0,1,0,0,0
931,56,13,85415.0,5,3,19.0,3,42,2,1,3,7,10,1,1,Engineering,Associate,Master,Male,Married,Flexible,Hybrid,Hands-off,1,0,0,0,1,1,0
932,59,16,86818.0,5,52,43.0,4,42,2,4,5,1,20,1,11,Engineering,Executive,Master,Female,Married,Day,Remote,Hands-off,0,0,0,1,0,0,0
933,35,20,89771.0,9,12,21.0,8,50,10,3,2,2,2,1,15,Marketing,Associate,Master,Male,Single,Day,Remote,Supportive,0,0,0,0,0,0,0
934,36,5,62965.0,10,51,24.0,13,48,8,2,1,6,15,7,7,Finance,Engineer,Master,Female,Married,Day,Hybrid,Micromanager,1,0,1,0,0,1,0
935,43,3,49697.0,12,51,78.0,3,61,21,3,3,1,16,8,1,Engineering,Executive,Master,Male,Married,Night,Office,Balanced,1,0,0,0,0,0,0
936,58,15,96761.0,12,12,21.0,12,31,0,5,5,2,12,8,1,Research,Manager,Bachelor,Female,Divorced,Flexible,Remote,Balanced,1,0,0,0,0,0,0
937,29,8,,17,41,52.0,11,64,24,1,1,3,20,7,3,Engineering,Associate,Bachelor,Female,Divorced,Day,Office,Supportive,0,0,0,0,1,1,1
938,28,7,83949.0,14,19,9.0,8,45,5,3,4,7,15,3,2,Engineering,Manager,Bachelor,Female,Single,Day,Office,Balanced,0,1,0,1,0,0,0
939,53,20,89797.0,11,3,55.0,15,70,30,2,2,1,11,7,1,Marketing,Analyst,Bachelor,Male,Single,Flexible,Office,Micromanager,0,0,0,0,0,0,0
940,50,14,57661.0,18,60,76.0,7,41,1,1,1,4,5,2,15,Engineering,Associate,Master,Male,Single,Day,Hybrid,Supportive,1,0,0,0,0,0,0
941,57,3,46862.0,12,37,75.0,3,63,23,4,4,4,4,3,12,Finance,Manager,Bachelor,Female,Divorced,Day,Remote,Hands-off,1,0,0,1,0,1,0
942,36,9,65836.0,19,28,26.0,12,58,18,5,4,0,9,5,4,Marketing,Executive,Master,Male,Married,Night,Remote,Supportive,1,0,0,1,0,0,0
943,27,20,91869.0,11,12,35.0,13,40,0,5,5,1,14,0,0,Operations,Manager,High School,Male,Single,Day,Hybrid,Hands-off,0,1,0,0,0,0,0
944,39,18,110210.0,18,51,24.0,2,46,6,2,5,5,18,6,1,HR,Manager,Bachelor,Female,Single,Day,Office,Micromanager,0,0,0,1,0,1,0
945,36,0,66501.0,0,46,17.0,2,67,27,1,3,0,17,3,1,Engineering,Executive,Master,Male,Married,Day,Hybrid,Hands-off,1,1,0,0,1,0,0
946,59,15,,7,23,73.0,10,34,0,3,5,5,20,10,3,Engineering,Engineer,PhD,Male,Married,Day,Hybrid,Micromanager,0,0,0,1,0,0,0
947,37,16,91723.0,6,33,16.0,12,46,6,3,3,3,18,1,13,Operations,Lead,Master,Female,Married,Flexible,Office,Balanced,1,1,0,1,0,0,0
948,54,18,108047.0,2,4,10.0,13,47,7,3,4,0,5,2,0,Engineering,Manager,High School,Female,Divorced,Day,Hybrid,Balanced,0,0,0,0,1,0,0
949,41,19,98459.0,6,43,55.0,12,38,0,1,4,1,1,0,4,Finance,Engineer,PhD,Female,Divorced,Day,Hybrid,Balanced,0,0,0,1,1,0,0
950,58,5,51697.0,9,59,28.0,2,32,0,5,4,6,5,0,8,HR,Executive,Master,Male,Single,Day,Remote,Balanced,0,0,0,0,0,1,0
951,39,0,57099.0,9,27,37.0,10,64,24,3,4,7,14,4,11,Marketing,Lead,Master,Female,Married,Night,Remote,Supportive,0,1,1,1,0,1,0
952,39,4,,7,34,65.0,8,43,3,1,2,4,0,1,14,Engineering,Executive,Master,Female,Divorced,Day,Hybrid,Hands-off,1,0,0,1,0,0,0
953,30,14,78409.0,20,10,70.0,7,32,0,1,3,1,4,7,1,Research,Lead,PhD,Female,Married,Day,Hybrid,Micromanager,0,0,0,1,1,1,0
954,33,17,78680.0,15,56,47.0,5,39,0,1,3,2,8,1,2,Operations,Lead,Master,Male,Single,Night,Remote,,0,0,0,0,1,0,1
955,38,11,80575.0,4,1,45.0,2,45,5,5,1,3,18,5,5,Finance,Engineer,Bachelor,Female,Single,Day,Office,Balanced,0,0,0,1,1,1,0
956,40,14,79327.0,17,49,41.0,5,41,1,1,4,7,19,5,11,Research,Analyst,Bachelor,Female,Single,Night,Hybrid,Micromanager,1,1,0,1,1,0,0
957,37,2,61558.0,8,31,4.0,4,45,5,2,1,7,19,5,13,Research,Engineer,Bachelor,Male,Divorced,Day,Remote,Micromanager,0,0,0,0,1,0,1
958,35,15,105443.0,19,35,66.0,11,63,23,2,4,2,8,6,5,Marketing,Engineer,Bachelor,Male,Divorced,Night,Office,Balanced,0,0,0,0,0,1,1
959,22,20,114046.0,4,32,52.0,12,64,24,1,3,2,1,5,7,Operations,Lead,Master,Male,Married,Flexible,Remote,Micromanager,0,0,0,1,1,0,0
960,23,19,80882.0,13,28,,4,44,4,1,5,7,5,9,8,HR,Executive,Bachelor,Male,Married,Day,Hybrid,Balanced,0,0,0,0,0,0,0
961,43,7,37289.0,16,39,25.0,13,51,11,4,3,0,2,8,1,Finance,Lead,Bachelor,Female,Single,Day,Remote,Hands-off,1,0,0,1,1,1,0
962,53,7,,4,54,47.0,4,47,7,5,2,4,15,5,10,Operations,Manager,Bachelor,Female,Single,Day,Office,,0,0,0,1,1,0,0
963,36,5,75646.0,0,15,65.0,12,49,9,4,5,7,13,3,7,Marketing,Executive,High School,Female,Single,Day,Office,Balanced,0,0,0,0,1,0,0
964,57,0,44556.0,17,19,50.0,10,51,11,1,2,0,19,9,2,Marketing,Associate,Master,Male,Divorced,Day,Remote,Balanced,0,0,0,1,1,0,0
965,23,19,83803.0,4,52,,13,50,10,3,5,0,19,4,11,Research,Analyst,Bachelor,Female,Divorced,Flexible,Office,Balanced,1,0,0,1,1,0,0
966,38,12,62823.0,6,35,,6,61,21,3,5,3,11,4,13,Marketing,Lead,PhD,Female,Married,Day,Remote,Balanced,0,0,0,0,0,0,0
967,46,5,48311.0,1,26,13.0,2,67,27,1,3,2,13,7,14,Finance,Associate,Master,Male,Divorced,Day,Hybrid,Micromanager,1,0,0,1,1,1,0
968,36,20,85683.0,2,36,58.0,7,32,0,1,5,1,20,3,11,Sales,Associate,Bachelor,Female,Divorced,Flexible,Remote,Micromanager,0,0,0,1,0,0,0
969,43,9,79277.0,18,12,76.0,1,31,0,4,1,6,20,7,6,Marketing,Associate,Master,Female,Married,Night,Hybrid,Supportive,1,0,0,0,0,0,0
970,39,2,29115.0,15,41,59.0,15,32,0,3,4,6,18,7,2,Finance,Associate,Master,Female,Divorced,Day,Office,Balanced,0,0,0,1,0,0,0
971,23,18,84038.0,17,11,,7,30,0,4,4,0,7,10,13,Sales,Associate,Master,Male,Single,Day,Hybrid,Balanced,0,0,0,1,0,0,0
972,32,4,69063.0,17,40,20.0,3,39,0,1,2,2,1,10,13,Operations,Analyst,Bachelor,Female,Married,Night,Remote,Supportive,1,0,0,0,0,1,0
973,60,13,73447.0,20,9,64.0,12,35,0,1,3,5,12,5,0,Sales,Associate,Bachelor,Female,Married,Day,Hybrid,Supportive,1,0,0,0,0,1,0
974,34,7,52921.0,11,7,37.0,13,51,11,4,1,7,0,6,2,Sales,Lead,High School,Male,Married,Day,Hybrid,Micromanager,0,0,0,1,0,0,0
975,43,12,68147.0,8,28,10.0,15,51,11,1,5,4,3,9,3,HR,Executive,Bachelor,Other,Married,Day,Hybrid,Balanced,1,0,1,1,1,0,0
976,34,0,69571.0,1,60,51.0,1,40,0,4,5,4,11,5,13,Legal,Lead,Bachelor,Female,Married,Night,Remote,Micromanager,1,0,0,1,0,1,0
977,41,0,65658.0,15,30,3.0,2,52,12,5,3,3,3,8,1,Finance,Executive,High School,Male,Married,Day,Office,Hands-off,1,0,0,1,0,0,0
978,21,20,88218.0,20,4,73.0,10,69,29,3,4,1,8,2,3,Research,Lead,PhD,Male,Married,Day,Remote,Balanced,0,0,0,1,1,0,0
979,55,20,84553.0,16,53,42.0,1,48,8,3,1,0,19,5,6,Operations,Associate,Master,Male,Married,Day,Hybrid,Balanced,0,0,0,0,1,0,0
980,22,7,54315.0,11,30,40.0,11,52,12,1,5,0,0,7,12,Research,Lead,Master,Male,Married,Day,Remote,Supportive,1,0,0,1,0,0,0
981,50,2,67591.0,0,38,69.0,11,41,1,3,3,1,8,6,13,Sales,Associate,PhD,Male,Single,Day,Remote,Balanced,1,0,0,1,0,0,0
982,58,4,42815.0,17,26,,6,52,12,3,3,3,14,10,9,Engineering,Executive,Bachelor,Female,Divorced,Day,Remote,Balanced,1,0,0,1,0,1,0
983,32,8,83145.0,0,17,26.0,2,31,0,4,1,1,4,4,8,Marketing,Lead,High School,Female,Married,Day,Office,Supportive,0,0,0,1,1,1,0
984,47,3,61027.0,17,39,,3,54,14,1,1,2,16,10,14,Engineering,Executive,Master,Female,Single,Day,Office,Supportive,1,0,0,1,1,0,0
985,31,17,89025.0,15,24,27.0,9,58,18,5,2,0,6,9,2,Operations,Lead,Master,Female,Single,Day,Remote,Balanced,0,0,0,1,0,0,0
986,24,15,88306.0,17,5,5.0,10,41,1,1,5,5,18,3,15,Engineering,Manager,Bachelor,Female,Married,Day,Office,Hands-off,0,1,0,0,0,0,0
987,47,0,22345.0,6,33,76.0,13,31,0,2,1,6,12,7,10,Operations,Associate,Bachelor,Male,Single,Day,Office,Supportive,0,0,0,0,0,0,0
988,59,1,55930.0,16,1,31.0,3,43,3,2,2,3,13,7,4,Engineering,Associate,Bachelor,Male,Divorced,Day,Office,Micromanager,1,0,0,1,0,0,0
989,48,11,88168.0,19,13,33.0,1,52,12,2,3,5,4,4,11,Operations,Engineer,Bachelor,Male,Married,Day,Office,Micromanager,1,0,0,0,0,1,0
990,28,11,53256.0,20,8,51.0,4,34,0,5,3,5,4,4,12,Finance,Lead,Bachelor,Female,Divorced,Night,Hybrid,Balanced,0,1,0,0,0,0,0
991,45,2,58191.0,12,7,43.0,7,56,16,2,1,3,2,5,10,Marketing,Lead,High School,Female,Married,Day,Office,Supportive,1,0,0,0,0,0,0
992,27,14,87584.0,8,59,60.0,9,56,16,4,2,6,16,5,4,Operations,Lead,Master,Female,Divorced,Day,Office,Balanced,0,0,0,1,1,0,0
993,28,10,87087.0,14,48,2.0,15,54,14,1,3,2,8,5,14,HR,Manager,Master,Male,Divorced,Flexible,Office,Hands-off,1,0,0,1,0,0,0
994,52,0,50383.0,11,36,48.0,7,32,0,1,3,1,5,10,6,Sales,Analyst,High School,Female,Married,Day,Hybrid,Hands-off,1,0,0,1,1,0,0
995,29,8,79725.0,16,4,3.0,11,45,5,2,5,5,9,6,6,Operations,Engineer,Bachelor,Male,Married,Night,Hybrid,Balanced,0,0,0,1,0,1,0
996,33,20,69472.0,10,54,14.0,2,44,4,3,1,3,17,5,14,Engineering,Associate,Master,Female,Married,Day,Remote,Balanced,0,0,0,0,1,0,1
997,32,2,35457.0,17,11,25.0,8,57,17,2,5,3,9,7,14,,Executive,Bachelor,Female,Married,Day,Hybrid,Balanced,0,1,0,1,1,0,0
998,50,1,38187.0,16,59,23.0,6,57,17,1,4,2,6,6,5,Research,Lead,Master,Female,Divorced,Flexible,Hybrid,Balanced,0,0,0,1,1,1,0
999,35,6,43852.0,10,44,50.0,1,35,0,5,4,7,9,10,1,Marketing,Associate,Master,Male,Single,Flexible,Remote,Balanced,0,0,0,0,0,1,0
1000,41,20,106418.0,17,27,28.0,15,41,1,2,1,2,11,6,4,Operations,Engineer,PhD,Female,Married,Night,Office,Supportive,1,0,0,1,0,0,0
1001,45,12,61530.0,4,38,62.0,13,63,23,1,4,2,8,1,11,Engineering,Analyst,Bachelor,Female,Married,Day,Office,Balanced,0,0,0,0,1,0,0
1002,55,17,69844.0,10,6,44.0,11,34,0,2,3,2,16,5,2,Marketing,Analyst,Bachelor,Male,Married,Day,Office,Hands-off,0,0,1,0,1,1,0
1003,46,2,44997.0,13,26,33.0,10,38,0,5,3,6,1,3,9,Research,Lead,Master,Male,Single,Night,Hybrid,Balanced,1,0,1,0,0,1,1
1004,34,8,60071.0,6,39,30.0,2,45,5,3,1,6,5,8,14,Marketing,Analyst,Bachelor,Female,Married,Day,Hybrid,Micromanager,1,0,1,1,0,0,1
1005,58,6,69302.0,14,17,55.0,3,35,0,1,5,6,16,4,15,Finance,Analyst,Master,Female,Single,Flexible,Office,Balanced,0,1,1,1,0,0,0
1006,59,14,94444.0,8,15,11.0,2,35,0,2,1,1,5,2,4,Engineering,Executive,Bachelor,Male,Single,Night,Hybrid,Hands-off,0,0,0,0,1,0,0
1007,51,3,50594.0,10,19,31.0,9,52,12,3,1,3,8,6,4,Sales,Associate,Bachelor,Female,Divorced,Day,Hybrid,Balanced,1,0,0,0,0,0,0
1008,44,17,84053.0,14,37,53.0,1,60,20,1,1,4,3,0,14,Legal,Manager,Bachelor,Female,Divorced,Day,Hybrid,Balanced,1,0,0,1,0,1,0
1009,30,13,72325.0,6,11,15.0,1,70,30,1,4,7,9,2,14,Research,Manager,Master,Female,Married,Day,Hybrid,Balanced,1,0,0,1,0,0,0
1010,25,4,86786.0,4,27,68.0,3,67,27,1,5,3,5,1,1,Marketing,Lead,Master,Female,Married,Day,Office,Hands-off,1,0,0,1,0,0,0
1011,34,12,108430.0,8,35,78.0,8,60,20,3,2,1,8,3,4,Research,Engineer,Bachelor,Female,Divorced,Flexible,Office,Balanced,0,0,0,1,0,0,0
1012,23,0,56781.0,14,47,4.0,6,53,13,3,1,6,0,6,9,Finance,Analyst,High School,Female,Divorced,Day,Office,,1,0,0,0,0,0,0
1013,30,5,54542.0,9,2,43.0,4,39,0,1,1,0,5,10,9,Sales,Engineer,Master,Female,Divorced,Day,Remote,Balanced,1,0,0,0,0,1,0
1014,33,6,60661.0,16,36,38.0,9,63,23,5,1,0,13,9,7,Marketing,Lead,Master,Male,Divorced,Flexible,Hybrid,,1,0,1,0,1,0,0
1015,48,3,47307.0,0,54,3.0,11,55,15,5,3,0,15,3,0,Marketing,Manager,Bachelor,Female,Single,Day,Office,Micromanager,0,0,0,0,0,0,0
1016,48,20,108608.0,20,17,63.0,6,43,3,2,1,5,4,4,8,Engineering,Executive,Bachelor,Female,Divorced,Day,Remote,Micromanager,0,0,0,1,0,1,0
1017,51,18,90037.0,4,12,64.0,2,39,0,2,1,1,17,0,15,Engineering,Associate,Bachelor,Male,Married,Flexible,Hybrid,Hands-off,1,0,0,1,0,0,0
1018,33,3,58856.0,20,10,11.0,14,56,16,3,4,1,18,10,4,Marketing,Engineer,High School,Female,Married,Night,Remote,,0,0,0,0,0,0,0
1019,55,8,43664.0,20,47,1.0,12,69,29,5,1,7,9,4,7,Sales,Analyst,Bachelor,Female,Single,Day,Office,Balanced,1,0,0,0,0,0,0
1020,55,14,77310.0,14,50,53.0,7,66,26,1,2,5,0,10,13,Legal,Manager,Bachelor,Female,Single,Night,Office,Hands-off,1,0,0,1,0,0,0
1021,48,11,78165.0,14,54,6.0,13,48,8,3,2,4,1,0,15,Sales,Associate,Master,Male,Married,Day,Office,Balanced,0,0,0,1,1,0,0
1022,24,19,94170.0,13,28,13.0,1,61,21,3,5,0,17,4,9,Research,Manager,High School,Female,Married,Flexible,Office,Micromanager,0,1,0,0,0,0,0
1023,48,19,87795.0,8,8,72.0,5,46,6,1,1,7,4,10,11,Research,Lead,Bachelor,Female,Single,Flexible,Hybrid,Supportive,1,0,0,0,0,0,0
1024,43,11,75037.0,19,20,62.0,13,41,1,3,1,3,8,0,10,Operations,Analyst,Bachelor,Male,Divorced,Day,Hybrid,Balanced,0,0,0,1,0,0,0
1025,21,0,44825.0,8,4,51.0,3,66,26,5,4,5,9,6,15,Engineering,Lead,High School,Male,Single,Flexible,Hybrid,Balanced,0,0,0,1,0,0,0
1026,40,8,61518.0,17,7,28.0,5,64,24,1,4,2,17,5,6,Engineering,Engineer,Master,Male,Married,Night,Remote,Micromanager,0,0,0,0,0,0,0
1027,25,17,,8,35,,4,69,29,4,1,3,3,4,8,Legal,Lead,Bachelor,Female,Single,Day,Office,Micromanager,1,0,0,0,0,0,1
1028,40,1,34133.0,18,45,21.0,6,50,10,3,5,0,20,7,15,HR,Analyst,Master,Female,Married,Day,Office,Balanced,1,0,0,0,1,0,0
1029,53,14,70173.0,4,3,52.0,5,70,30,2,3,1,10,2,8,Sales,Manager,Bachelor,Female,Married,Day,Office,Balanced,0,0,0,1,0,0,0
1030,49,7,50323.0,18,24,55.0,12,30,0,4,5,5,16,2,2,HR,Lead,Bachelor,Female,Divorced,Day,Hybrid,Supportive,1,0,0,1,0,0,0
1031,32,12,64879.0,12,24,37.0,11,38,0,5,1,7,10,6,10,Research,Executive,Bachelor,Female,Married,Day,Remote,Balanced,1,0,0,0,1,0,0
1032,34,4,55400.0,4,59,,12,33,0,2,5,4,2,3,2,Sales,Manager,PhD,Male,Divorced,Day,Office,Hands-off,0,0,0,0,1,1,0
1033,37,5,70579.0,9,10,40.0,15,51,11,4,3,4,6,1,1,Sales,Engineer,Master,Male,Divorced,Day,Hybrid,Balanced,1,0,0,1,0,0,0
1034,37,9,79855.0,4,19,41.0,3,51,11,2,2,3,8,4,4,Sales,Analyst,Master,Female,Single,Day,Office,Balanced,0,0,0,0,1,0,0
1035,60,3,61966.0,11,43,,15,35,0,5,3,2,1,7,5,Sales,Manager,Master,Other,Single,Day,Office,Balanced,1,0,0,0,1,1,0
1036,54,19,105805.0,8,19,65.0,4,70,30,4,4,4,3,7,13,Marketing,Associate,High School,Male,Married,Day,Office,Supportive,1,0,0,0,0,0,0
1037,45,16,476575.0,10,10,80.0,12,45,5,4,4,0,4,8,5,Engineering,Manager,High School,Female,Married,Flexible,Hybrid,Micromanager,0,0,1,0,0,0,0
1038,58,0,37292.0,9,55,7.0,14,68,28,1,1,1,10,10,12,Finance,Manager,Bachelor,Male,Divorced,Day,Office,Supportive,0,0,0,0,0,0,0
1039,51,8,62017.0,6,34,55.0,13,39,0,1,1,6,6,5,6,Engineering,Manager,Bachelor,Female,Single,Day,Office,Balanced,0,0,0,0,1,0,0
1040,60,20,106761.0,1,16,3.0,2,34,0,1,2,5,13,3,6,Engineering,Engineer,High School,Female,Married,Day,Office,Balanced,0,0,0,1,1,0,0
1041,43,12,69635.0,11,36,61.0,13,56,16,1,3,6,17,10,8,Engineering,Analyst,High School,Female,Married,Day,Hybrid,Micromanager,0,0,0,0,0,0,0
1042,26,11,74343.0,1,29,60.0,4,36,0,1,1,5,10,10,5,Marketing,Executive,Bachelor,Male,Divorced,Flexible,Remote,Hands-off,0,0,0,0,0,0,0
1043,49,19,91768.0,17,3,38.0,3,48,8,5,4,6,9,5,0,Research,Lead,Master,Male,Married,Day,Hybrid,Balanced,0,1,0,0,0,0,0
1044,57,17,101619.0,6,35,,15,69,29,4,4,2,4,2,12,Operations,Manager,PhD,Male,Single,Day,Office,Balanced,0,0,0,0,0,1,0
1045,43,5,57673.0,2,13,58.0,6,69,29,5,3,2,12,2,5,Research,Engineer,Bachelor,Male,Divorced,Flexible,Hybrid,Balanced,1,0,0,0,1,1,0
1046,24,15,55027.0,18,10,47.0,1,34,0,5,5,2,16,2,4,Legal,Associate,Master,Male,Divorced,Day,Hybrid,Balanced,0,0,0,1,1,0,0
1047,54,11,76218.0,11,28,43.0,6,59,19,2,2,2,14,9,9,Engineering,Lead,PhD,Female,Married,Night,Hybrid,Balanced,0,0,0,0,1,0,0
1048,41,1,41732.0,19,36,38.0,1,54,14,3,2,5,20,3,8,Engineering,Manager,Master,Male,Divorced,Day,Remote,Micromanager,0,0,1,0,0,1,1
1049,25,6,75340.0,14,5,3.0,14,49,9,5,2,0,11,5,7,Operations,Analyst,Master,Male,Single,Day,Remote,Supportive,1,0,0,1,0,0,0
1050,55,19,82468.0,5,3,56.0,2,51,11,2,3,2,9,3,0,Legal,Analyst,Bachelor,Male,Divorced,Flexible,Office,Balanced,0,0,0,1,0,1,0
1051,51,6,50073.0,11,57,45.0,1,53,13,2,2,0,8,9,6,Research,Executive,Bachelor,Female,Divorced,Day,Office,Hands-off,0,0,0,0,1,0,1
1052,29,10,60965.0,14,9,28.0,11,39,0,2,4,1,4,2,5,Engineering,Manager,Master,Male,Single,Day,Office,Balanced,0,0,1,0,0,0,0
1053,59,13,72318.0,13,46,68.0,11,61,21,3,5,3,14,4,6,Research,Associate,Master,Female,Divorced,Night,Office,Supportive,1,1,0,0,0,0,0
1054,21,2,39654.0,7,48,38.0,2,70,30,3,2,7,20,0,4,Engineering,Engineer,Master,Male,Single,Flexible,Office,Hands-off,0,0,0,1,1,1,0
1055,39,15,69218.0,15,20,18.0,10,42,2,4,1,6,3,0,10,Operations,Manager,Bachelor,Male,Divorced,Flexible,Office,Balanced,0,1,0,1,0,1,0
1056,41,15,81263.0,16,15,12.0,1,34,0,3,4,0,11,6,14,Operations,Executive,Bachelor,Female,Married,Flexible,Remote,Supportive,0,0,1,0,1,0,0
1057,47,3,,9,47,12.0,8,44,4,3,2,4,19,3,0,Operations,Analyst,Master,Male,Married,Night,Office,Micromanager,0,0,0,0,1,0,0
1058,57,9,99257.0,11,10,32.0,13,47,7,3,4,2,9,9,8,,Manager,Bachelor,Male,Married,Day,Hybrid,Supportive,0,0,0,0,0,0,0
1059,38,18,97204.0,5,32,71.0,9,49,9,1,5,7,20,8,5,Sales,Associate,Master,Female,Divorced,Day,Remote,Balanced,0,0,0,1,1,1,1
1060,52,19,118805.0,3,49,37.0,2,38,0,1,1,2,5,0,11,Engineering,Manager,Master,Female,Divorced,Day,Office,Hands-off,1,0,0,1,1,0,0
1061,24,17,87201.0,15,45,26.0,9,34,0,3,2,2,5,10,6,Operations,Lead,Bachelor,Male,Divorced,Day,Hybrid,Supportive,1,0,1,1,0,1,0
1062,47,6,67192.0,17,3,68.0,7,42,2,4,3,5,12,0,14,Engineering,Associate,Master,Female,Single,Day,Hybrid,Balanced,0,0,0,0,0,0,0
1063,45,13,59393.0,16,31,18.0,2,67,27,5,5,4,6,5,11,Sales,Analyst,Bachelor,Male,Single,Day,Office,Micromanager,1,0,1,0,0,0,1
1064,39,7,57527.0,17,31,36.0,5,68,28,5,1,2,16,2,3,Marketing,Lead,PhD,Female,Married,Day,Hybrid,Supportive,0,0,0,1,0,0,0
1065,49,11,71644.0,10,57,42.0,9,65,25,2,5,3,13,4,0,Legal,Manager,Master,Male,Divorced,Day,Hybrid,Balanced,1,0,0,1,0,0,0
1066,21,6,74915.0,17,34,50.0,8,39,0,2,2,7,9,10,13,,Executive,Bachelor,Female,Single,Day,Remote,Supportive,1,0,0,0,1,1,1
1067,58,2,31769.0,19,54,66.0,11,37,0,3,2,6,13,2,12,Operations,Analyst,Bachelor,Male,Married,Day,Hybrid,Hands-off,1,0,0,1,0,0,0
1068,54,9,68630.0,9,4,67.0,8,35,0,1,3,6,17,4,5,Legal,Executive,High School,Female,Single,Day,Hybrid,Balanced,1,1,0,0,1,0,0
1069,49,10,66334.0,8,52,60.0,1,56,16,1,1,7,4,4,9,HR,Lead,Bachelor,Male,Divorced,Day,Hybrid,Balanced,1,0,0,0,0,0,1
1070,53,13,86132.0,17,12,50.0,7,54,14,4,5,3,12,1,13,,Associate,Bachelor,Female,Married,Night,Office,Balanced,0,0,0,0,0,0,0
1071,33,4,39325.0,0,18,61.0,8,46,6,2,4,0,19,7,11,,Associate,Master,Female,Single,Day,Remote,Hands-off,0,0,0,0,0,1,0
1072,25,7,42756.0,11,38,23.0,4,56,16,5,3,4,7,4,4,Engineering,Lead,Master,Male,Single,Day,Hybrid,Micromanager,0,0,0,1,0,0,0
1073,25,11,63540.0,16,60,50.0,15,56,16,2,3,7,8,9,5,Finance,Manager,High School,Female,Divorced,Day,Office,Balanced,0,0,0,0,0,0,0
1074,51,15,79938.0,12,27,60.0,10,68,28,5,1,2,6,1,5,Marketing,Analyst,Bachelor,Male,Married,Day,Office,Balanced,1,0,0,0,1,0,0
1075,44,18,93255.0,0,51,46.0,5,61,21,1,5,3,8,3,7,HR,Manager,Bachelor,Male,Divorced,Day,Office,,1,0,0,1,0,0,1
1076,25,19,103877.0,5,37,80.0,2,33,0,5,2,7,4,3,8,Engineering,Lead,High School,Female,Divorced,Day,Office,Balanced,0,0,0,0,0,0,0
1077,24,17,82328.0,20,40,,3,35,0,5,2,5,8,3,13,Engineering,Analyst,High School,Female,Married,Day,Remote,Balanced,0,0,0,1,0,0,0
1078,56,16,71890.0,8,30,51.0,15,49,9,4,2,3,12,3,1,Finance,Manager,Master,Male,Married,Flexible,Office,Micromanager,1,0,0,0,0,1,1
1079,55,7,62525.0,0,2,8.0,13,58,18,2,2,5,6,1,13,Engineering,Executive,Bachelor,Female,Married,Night,Hybrid,Balanced,0,0,1,0,0,0,1
1080,41,4,62647.0,10,43,8.0,11,66,26,1,1,6,9,10,7,Legal,Manager,Master,Male,Married,Day,Hybrid,Micromanager,0,1,1,0,0,0,0
1081,54,4,56982.0,15,47,65.0,14,64,24,4,2,5,19,3,14,Sales,Lead,Bachelor,Male,Divorced,Night,Hybrid,Micromanager,0,0,0,1,0,1,0
1082,44,20,114498.0,4,20,11.0,4,49,9,4,5,3,10,10,15,Research,Analyst,Bachelor,Female,Single,Night,Hybrid,Supportive,0,0,0,0,0,1,0
1083,38,14,97526.0,6,10,58.0,8,61,21,1,1,0,20,6,5,Engineering,Executive,PhD,Female,Single,Night,Office,Balanced,1,0,0,1,0,0,1
1084,24,19,106442.0,14,29,4.0,7,69,29,4,1,5,4,10,14,HR,Executive,High School,Male,Married,Day,Office,Hands-off,0,0,0,1,0,0,0
1085,40,8,80111.0,9,24,4.0,14,46,6,3,3,3,16,8,1,Sales,Associate,High School,Female,Married,Night,Hybrid,Supportive,1,0,0,0,1,0,0
1086,33,2,65244.0,14,15,34.0,4,48,8,3,5,6,9,1,10,Operations,Analyst,Bachelor,Male,Single,Flexible,Office,Balanced,1,0,0,1,0,1,0
1087,37,17,84184.0,12,20,15.0,14,32,0,2,3,5,19,2,2,Marketing,Engineer,Master,Female,Single,Day,Office,Supportive,1,0,1,0,0,1,0
1088,51,20,92307.0,6,28,24.0,3,33,0,2,1,6,20,6,2,Engineering,Associate,Bachelor,Male,Divorced,Flexible,Office,Hands-off,0,0,0,1,0,0,0
1089,55,2,71589.0,2,20,43.0,9,38,0,4,1,3,17,9,0,Engineering,Executive,High School,Female,Married,Day,Office,Balanced,0,0,0,1,0,0,0
1090,41,16,87407.0,4,6,73.0,11,31,0,4,5,2,20,3,11,Sales,Lead,Master,Male,Divorced,Day,Office,Balanced,0,0,0,0,1,0,0
1091,58,12,84605.0,0,43,66.0,6,70,30,3,5,1,10,3,12,HR,Associate,High School,Male,Divorced,Day,Hybrid,Balanced,0,0,0,0,1,0,0
1092,55,15,82789.0,17,14,24.0,15,55,15,4,3,4,8,4,6,Sales,Engineer,Bachelor,Female,Married,Day,Hybrid,Supportive,0,0,0,0,0,0,0
1093,45,12,73239.0,19,59,38.0,13,70,30,2,2,5,0,6,12,Engineering,Analyst,Master,Male,Single,Day,Office,Supportive,0,0,0,0,1,0,0
1094,27,4,341215.0,18,25,,1,70,30,5,2,7,14,2,0,Marketing,Executive,Master,Male,Single,Day,Office,Balanced,1,0,0,0,0,0,0
1095,28,0,54145.0,0,56,3.0,4,37,0,3,2,6,2,8,4,Legal,Lead,Bachelor,Male,Single,Day,Hybrid,Balanced,0,0,0,0,0,0,0
1096,23,15,72875.0,19,36,33.0,4,46,6,3,4,7,18,4,0,Research,Associate,Master,Male,Divorced,Day,Hybrid,Supportive,1,1,0,1,0,0,0
1097,46,17,95488.0,15,6,47.0,4,53,13,2,3,2,4,1,2,Sales,Manager,Bachelor,Male,Single,Flexible,Hybrid,Balanced,0,0,0,0,0,1,0
1098,44,20,104683.0,4,37,3.0,9,57,17,5,5,7,1,7,2,Finance,Associate,Master,Female,Divorced,Day,Office,Hands-off,1,0,1,1,1,0,0
1099,59,0,20000.0,16,27,28.0,11,68,28,5,1,5,4,1,13,Sales,Analyst,Master,Male,Divorced,Night,Remote,Supportive,0,0,0,1,0,0,0
1100,21,19,85815.0,20,19,29.0,7,56,16,5,3,1,2,1,9,Marketing,Lead,Master,Male,Single,Night,Office,Balanced,1,0,0,0,1,0,0
1101,41,5,58867.0,19,5,8.0,6,39,0,3,1,3,10,6,13,Engineering,Manager,High School,Female,Married,Night,Remote,Hands-off,0,0,1,1,0,1,0
1102,31,10,79248.0,18,43,9.0,8,37,0,3,1,6,19,2,4,Engineering,Executive,Master,Female,Married,Flexible,Remote,Balanced,0,0,0,0,0,0,0
1103,36,12,88476.0,16,57,76.0,13,38,0,1,5,0,20,3,1,Research,Engineer,High School,Male,Married,Day,Hybrid,Micromanager,0,0,0,0,0,0,0
1104,47,13,82577.0,12,26,13.0,10,50,10,4,1,2,10,10,11,Operations,Associate,Bachelor,Male,Married,Flexible,Office,Balanced,0,0,0,0,0,0,0
1105,34,20,82787.0,16,34,57.0,9,64,24,1,5,1,5,6,9,Engineering,Manager,Master,Male,Divorced,Day,Hybrid,Micromanager,0,0,0,0,1,0,0
1106,41,8,88365.0,12,41,52.0,12,66,26,5,5,7,5,10,12,Sales,Associate,Master,Female,Married,Flexible,Hybrid,Hands-off,0,0,0,1,1,0,0
1107,34,6,58744.0,0,35,1.0,3,61,21,4,2,6,4,7,7,Operations,Associate,Master,Female,Single,Flexible,Office,Supportive,1,0,0,1,0,0,0
1108,26,20,86810.0,10,55,72.0,14,51,11,2,1,6,5,2,13,Engineering,Analyst,High School,Male,Divorced,Day,Office,Balanced,1,0,0,0,0,1,0
1109,24,2,58830.0,8,48,2.0,10,30,0,1,1,3,11,0,15,,Lead,High School,Female,Single,Day,Office,Micromanager,0,0,0,0,0,0,1
1110,30,14,83512.0,12,47,33.0,6,42,2,4,1,6,3,1,3,Research,Lead,Master,Male,Divorced,Day,Hybrid,Balanced,1,0,0,0,1,1,0
1111,55,3,68743.0,0,51,58.0,5,43,3,4,5,3,16,9,12,Research,Associate,PhD,Female,Married,Day,Office,Balanced,1,0,0,0,0,0,0
1112,35,10,70003.0,8,2,43.0,4,59,19,5,1,7,5,8,8,Finance,Manager,Bachelor,Male,Divorced,Day,Office,Supportive,0,0,0,0,0,1,0
1113,56,14,93022.0,20,54,8.0,8,61,21,3,2,0,10,4,6,Legal,Engineer,High School,Female,Single,Day,Office,Balanced,1,0,0,1,1,1,0
1114,48,1,43239.0,5,54,18.0,12,54,14,5,1,3,2,7,7,Operations,Executive,Bachelor,Male,Single,Night,Office,Supportive,0,0,1,0,0,0,0
1115,51,15,93360.0,3,35,74.0,11,63,23,2,3,3,16,5,9,Sales,Manager,Bachelor,Female,Single,Night,Office,Hands-off,1,0,1,0,0,0,1
1116,25,7,56765.0,4,56,71.0,15,34,0,5,4,0,8,1,0,Research,Lead,Master,Female,Divorced,Flexible,Office,Micromanager,0,0,0,0,0,0,0
1117,24,1,39598.0,8,57,53.0,13,69,29,5,3,4,13,7,15,HR,Lead,Master,Female,Single,Day,Office,Micromanager,0,0,0,0,0,0,0
1118,59,17,107139.0,3,48,10.0,2,36,0,5,1,2,4,1,8,HR,Lead,Bachelor,Female,Single,Day,Hybrid,,0,0,0,0,0,0,0
1119,38,4,72082.0,13,13,17.0,4,51,11,4,5,1,8,4,0,Sales,Executive,Bachelor,Female,Divorced,Day,Hybrid,Supportive,1,0,0,1,0,0,0
1120,48,5,63375.0,5,37,,9,42,2,1,1,0,13,7,8,Research,Engineer,Bachelor,Female,Married,Day,Hybrid,Supportive,0,0,0,0,1,1,0
1121,30,7,65070.0,12,48,39.0,15,41,1,1,1,0,18,0,7,HR,Executive,Master,Female,Single,Flexible,Office,Supportive,1,0,0,1,1,0,0
1122,35,19,72781.0,8,51,29.0,12,57,17,3,3,2,2,5,10,Sales,Lead,High School,Female,Divorced,Day,Hybrid,Hands-off,1,0,0,0,1,0,0
1123,36,16,,16,5,0.0,3,53,13,5,4,3,0,0,7,Sales,Lead,PhD,Male,Married,Day,Office,Balanced,1,0,0,0,0,0,0
1124,39,10,72723.0,0,40,,11,47,7,3,2,1,6,0,8,Marketing,Engineer,Master,Female,Single,Day,Office,Balanced,1,1,0,0,0,0,0
1125,60,8,51830.0,14,45,71.0,2,64,24,3,1,2,20,8,6,Sales,Lead,Master,Male,Married,Flexible,Office,Micromanager,0,0,0,1,0,0,0
1126,52,8,80570.0,15,9,15.0,15,31,0,2,1,1,12,1,12,Finance,Associate,Bachelor,Male,Divorced,Night,Office,Hands-off,1,0,1,1,0,1,0
1127,60,4,55383.0,13,14,63.0,13,63,23,2,1,6,2,2,2,Sales,Engineer,Bachelor,Male,Married,Day,Office,Supportive,1,0,0,1,0,1,0
1128,53,14,,12,7,33.0,6,49,9,3,4,2,6,8,3,Engineering,Lead,High School,Male,Married,Day,Office,Balanced,0,1,0,1,0,0,0
1129,52,13,44274.0,16,49,24.0,5,59,19,5,5,2,17,2,0,Finance,Lead,Master,Female,Divorced,Flexible,Hybrid,Supportive,0,0,0,0,0,1,0
1130,40,6,67444.0,10,5,28.0,2,37,0,3,2,6,9,1,2,Engineering,Engineer,Master,Male,Divorced,Day,Hybrid,Hands-off,0,0,0,0,1,0,0
1131,39,1,44829.0,4,32,47.0,2,34,0,1,3,7,2,2,14,Engineering,Manager,Master,Female,Married,Night,Remote,Supportive,0,0,0,0,0,0,0
1132,51,10,68725.0,5,50,19.0,15,70,30,3,2,6,5,9,10,Research,Engineer,Master,Female,Divorced,Night,Hybrid,Micromanager,0,0,0,0,1,0,0
1133,30,15,,0,29,80.0,13,35,0,2,4,0,6,4,0,Research,Lead,Bachelor,Other,Single,Day,Office,Supportive,1,0,0,0,0,0,0
1134,60,10,69346.0,7,10,58.0,11,57,17,1,2,7,5,9,15,Marketing,Lead,Bachelor,Female,Married,Day,Office,Supportive,1,0,0,1,0,0,0
1135,40,1,65898.0,17,52,53.0,8,58,18,4,5,7,18,0,1,Engineering,Engineer,Bachelor,Female,Married,Day,Remote,Hands-off,0,0,0,0,0,0,1
1136,37,12,79984.0,13,41,72.0,11,49,9,4,2,5,4,1,6,,Associate,Master,Male,Single,Day,Office,Balanced,0,0,0,0,0,0,0
1137,44,2,66695.0,0,4,63.0,14,44,4,5,4,7,3,9,10,Engineering,Lead,Master,Female,Divorced,Flexible,Office,Balanced,1,0,0,1,0,0,0
1138,29,14,80328.0,6,2,67.0,4,53,13,2,3,4,7,5,3,Sales,Associate,Bachelor,Female,Divorced,Day,Office,Supportive,0,0,0,0,0,0,0
1139,43,5,74713.0,5,45,30.0,15,69,29,5,5,3,19,3,11,Finance,Manager,Bachelor,Female,Divorced,Day,Remote,Supportive,0,0,0,1,1,1,0
1140,47,8,51351.0,6,5,60.0,14,56,16,2,1,1,6,8,14,Engineering,Engineer,Bachelor,Female,Divorced,Flexible,Office,Balanced,0,1,0,1,0,1,0
1141,27,3,40571.0,18,52,21.0,5,47,7,2,3,2,5,0,10,Engineering,Manager,Master,Female,Single,Day,Remote,Supportive,1,0,0,1,0,0,0
1142,24,11,86709.0,16,24,12.0,12,33,0,3,2,1,8,9,12,Operations,Manager,Bachelor,Female,Married,Day,Office,Balanced,0,0,0,0,1,0,0
1143,46,10,64618.0,18,26,75.0,9,70,30,2,5,0,17,9,0,Marketing,Engineer,High School,Male,Married,Day,Office,Balanced,0,0,0,0,0,0,1
1144,25,3,63279.0,12,52,16.0,10,49,9,1,2,3,10,7,0,Engineering,Engineer,PhD,Female,Divorced,Flexible,Office,,0,0,0,0,0,0,0
1145,31,6,,13,20,72.0,13,56,16,2,1,7,19,3,4,Engineering,Engineer,PhD,Male,Married,Day,Remote,Hands-off,0,0,1,1,1,0,0
1146,37,10,72126.0,1,25,40.0,3,67,27,1,4,2,1,9,9,Sales,Analyst,Bachelor,Female,Single,Day,Remote,Balanced,1,1,0,0,0,0,0
1147,40,3,51995.0,0,58,20.0,15,32,0,1,3,3,11,8,1,Legal,Analyst,Master,Male,Divorced,Day,Hybrid,Balanced,1,0,0,0,0,0,0
1148,42,18,89793.0,9,55,69.0,10,32,0,4,3,3,5,0,1,Operations,Engineer,PhD,Other,Married,Day,Hybrid,Micromanager,0,1,0,0,0,0,0
1149,31,2,44087.0,4,28,57.0,5,57,17,2,3,7,20,8,12,Finance,Executive,Master,Female,Single,Night,Remote,Micromanager,0,0,0,1,0,0,0
1150,22,15,71120.0,1,36,,1,67,27,2,3,6,20,2,10,Engineering,Analyst,Bachelor,Male,Single,Day,Office,,0,0,0,1,1,0,0
1151,40,12,66191.0,15,45,39.0,2,52,12,4,5,3,17,1,2,,Executive,Master,Female,Married,Day,Hybrid,Balanced,0,0,0,0,0,0,0
1152,45,9,48343.0,1,15,67.0,3,33,0,1,1,4,9,8,2,Sales,Manager,Master,Female,Married,Night,Remote,Micromanager,0,0,0,0,0,0,1
1153,23,18,68169.0,6,36,75.0,4,67,27,4,5,5,19,3,1,Engineering,Lead,Bachelor,Male,Married,Day,Office,,0,0,0,0,1,1,0
1154,44,13,78548.0,14,28,2.0,13,42,2,2,4,4,6,6,15,Research,Lead,Master,Male,Divorced,Day,Hybrid,Hands-off,0,0,0,0,0,0,0
1155,23,6,46867.0,11,53,73.0,13,70,30,5,3,1,3,7,6,Finance,Associate,Bachelor,Male,Divorced,Day,Hybrid,Balanced,1,0,0,0,0,0,1
1156,60,5,68665.0,10,48,3.0,2,42,2,1,5,1,12,9,6,Sales,Engineer,Bachelor,Female,Single,Day,Hybrid,Balanced,0,0,0,0,1,0,0
1157,53,3,31184.0,15,2,71.0,13,59,19,1,4,0,6,9,2,Sales,Executive,High School,Female,Single,Day,Hybrid,,0,0,0,1,0,0,1
1158,29,3,33948.0,19,8,26.0,4,38,0,3,5,0,7,9,3,Engineering,Executive,Master,Male,Single,Day,Hybrid,Micromanager,0,0,0,0,1,0,0
1159,58,2,49741.0,5,13,,15,55,15,1,4,0,14,2,11,,Engineer,Master,Male,Divorced,Flexible,Remote,Supportive,0,0,0,0,1,0,0
1160,59,19,109770.0,2,37,11.0,11,49,9,4,2,5,15,7,6,,Executive,High School,Female,Single,Night,Hybrid,Micromanager,0,0,0,0,0,0,0
1161,25,15,85087.0,2,33,29.0,4,38,0,1,3,7,5,0,14,Engineering,Engineer,Bachelor,Male,Divorced,Day,Office,Balanced,1,0,0,0,0,1,0
1162,57,1,50778.0,20,17,55.0,4,53,13,5,4,2,7,8,4,Sales,Associate,Master,Female,Divorced,Day,Hybrid,Balanced,0,0,0,0,0,0,0
1163,35,10,52789.0,5,46,74.0,10,39,0,4,3,7,17,10,5,Research,Lead,High School,Female,Married,Day,Hybrid,Hands-off,0,0,0,0,0,0,0
1164,29,15,98848.0,7,46,60.0,4,68,28,1,4,7,15,10,1,Legal,Manager,Master,Male,Divorced,Day,Office,Supportive,0,0,1,0,1,1,1
1165,59,14,72299.0,15,18,48.0,4,31,0,1,1,6,1,5,1,Marketing,Associate,Bachelor,Female,Divorced,Flexible,Hybrid,Balanced,0,1,0,0,0,0,0
1166,60,19,302670.0,15,42,6.0,15,38,0,4,4,3,14,2,9,Sales,Lead,High School,Female,Divorced,Day,Remote,Hands-off,0,0,0,1,1,0,0
1167,40,19,107188.0,3,34,65.0,9,38,0,3,5,4,17,1,9,Marketing,Executive,High School,Female,Divorced,Night,Office,Supportive,0,0,0,1,0,1,0
1168,46,1,,1,41,30.0,15,50,10,4,2,1,14,1,5,Engineering,Executive,Bachelor,Male,Divorced,Day,Hybrid,Balanced,0,0,0,0,0,0,1
1169,26,20,95808.0,14,39,50.0,15,48,8,2,1,2,2,6,15,Sales,Executive,Bachelor,Male,Single,Day,Hybrid,Supportive,1,0,0,0,1,0,0
1170,38,10,71122.0,13,44,24.0,7,66,26,3,2,6,12,7,12,Sales,Executive,High School,Male,Divorced,Day,Office,Balanced,1,0,0,0,0,1,1
1171,42,14,,12,20,32.0,2,67,27,5,2,4,10,1,12,Research,Associate,Master,Male,Divorced,Day,Hybrid,Hands-off,0,0,0,0,0,0,0
1172,22,5,52966.0,15,58,40.0,10,44,4,3,4,0,15,5,3,,Executive,Bachelor,Male,Divorced,Day,Hybrid,Balanced,0,0,0,1,0,0,0
1173,50,4,52331.0,12,8,79.0,1,44,4,2,2,5,1,4,2,HR,Analyst,Bachelor,Female,Single,Day,Remote,Supportive,0,1,0,1,0,0,0
1174,32,15,77730.0,14,7,71.0,7,33,0,4,2,2,6,10,10,Finance,Associate,Bachelor,Female,Married,Day,Hybrid,Supportive,1,0,1,1,1,1,0
1175,38,14,77892.0,11,23,16.0,12,36,0,5,5,3,20,6,9,Engineering,Manager,High School,Female,Married,Day,Remote,Micromanager,0,0,0,0,1,0,0
1176,35,17,109254.0,17,49,64.0,14,49,9,4,1,7,19,5,14,,Engineer,Bachelor,Male,Single,Day,Remote,Supportive,1,0,0,0,0,0,0
1177,59,15,85448.0,8,48,60.0,14,36,0,5,4,3,5,5,14,HR,Executive,Master,Female,Divorced,Night,Hybrid,Supportive,0,0,0,0,0,1,0
1178,33,20,89490.0,11,48,72.0,7,39,0,3,2,1,20,3,10,,Associate,Master,Female,Single,Day,Remote,Balanced,1,0,1,1,0,1,0
1179,21,11,66516.0,13,49,50.0,7,55,15,3,3,4,0,8,14,Legal,Engineer,Bachelor,Male,Single,Day,Remote,Hands-off,0,0,0,0,0,0,0
1180,32,7,50116.0,3,58,57.0,8,52,12,5,3,0,20,2,1,Research,Manager,Master,Female,Married,Day,Hybrid,Micromanager,1,0,0,1,0,0,0
1181,32,16,75702.0,18,45,23.0,9,64,24,1,5,5,11,0,4,HR,Engineer,Bachelor,Male,Single,Day,Hybrid,Balanced,1,0,0,1,0,0,0
1182,54,0,38470.0,10,5,5.0,3,34,0,4,1,3,18,4,6,Marketing,Executive,Bachelor,Female,Married,Day,Remote,Hands-off,0,1,0,0,1,0,0
1183,38,15,84966.0,11,46,62.0,9,36,0,4,4,1,10,6,2,Marketing,Manager,Bachelor,Male,Single,Day,Office,Supportive,0,0,0,1,0,0,0
1184,42,13,90402.0,4,24,25.0,2,63,23,1,3,6,2,5,2,HR,Analyst,Master,Male,Single,Day,Remote,Supportive,1,0,0,1,0,1,0
1185,40,10,60896.0,9,15,11.0,4,46,6,2,1,1,14,8,8,Sales,Executive,Bachelor,Male,Divorced,Day,Hybrid,Hands-off,1,0,0,0,0,1,0
1186,46,16,80190.0,7,5,0.0,15,65,25,4,5,2,2,10,3,,Engineer,High School,Male,Single,Day,Hybrid,Supportive,0,0,0,1,0,0,0
1187,36,14,92274.0,2,24,8.0,12,59,19,4,3,1,2,2,1,Engineering,Analyst,Bachelor,Male,Single,Flexible,Remote,Hands-off,0,0,0,1,0,0,0
1188,38,12,88815.0,8,27,2.0,6,38,0,2,1,0,9,5,15,Marketing,Analyst,Bachelor,Female,Single,Flexible,Hybrid,Micromanager,0,0,0,0,0,0,0
1189,28,17,90623.0,8,28,45.0,1,65,25,1,2,1,5,9,14,,Manager,Master,Female,Single,Day,Remote,Supportive,0,0,0,1,1,0,0
1190,53,8,75455.0,19,55,,11,65,25,5,4,5,20,1,8,Sales,Manager,Bachelor,Female,Single,Flexible,Office,Balanced,0,0,0,1,0,0,0
1191,40,14,,17,13,43.0,2,57,17,2,4,4,10,1,10,Engineering,Manager,Bachelor,Male,Divorced,Flexible,Hybrid,Hands-off,0,0,0,1,1,0,0
1192,59,6,81316.0,13,26,17.0,7,53,13,1,3,3,18,8,8,HR,Engineer,Bachelor,Male,Single,Day,Office,Balanced,0,0,0,0,0,1,0
1193,22,11,75554.0,10,10,9.0,8,35,0,4,2,4,3,9,8,Finance,Engineer,Master,Male,Divorced,Night,Hybrid,Hands-off,0,0,0,0,0,1,0
1194,41,12,67197.0,17,53,74.0,13,37,0,4,3,3,1,8,5,Marketing,Analyst,Master,Female,Single,Flexible,Office,Supportive,0,0,0,1,1,0,0
1195,31,10,82769.0,20,21,27.0,6,47,7,2,3,4,19,10,9,Sales,Lead,Bachelor,Male,Married,Day,Office,Balanced,0,0,0,0,0,1,0
1196,28,17,79425.0,4,12,,15,66,26,1,4,6,11,1,7,Finance,Executive,Master,Male,Divorced,Flexible,Office,Hands-off,1,0,0,0,0,0,1
1197,36,20,101639.0,17,23,76.0,1,68,28,4,4,1,12,0,6,,Associate,High School,Female,Divorced,Day,Office,Supportive,0,0,0,0,0,0,0
1198,26,3,49827.0,17,5,74.0,13,64,24,3,4,2,10,4,10,Sales,Engineer,Master,Male,Married,Day,Office,Balanced,1,0,0,1,1,0,0
1199,25,4,33813.0,6,22,23.0,15,40,0,3,2,6,9,9,4,Operations,Lead,Master,Male,Divorced,Day,Office,Micromanager,0,0,0,1,0,1,0
1200,47,4,64355.0,0,43,68.0,15,58,18,1,3,0,4,7,3,Finance,Associate,PhD,Female,Divorced,Day,Hybrid,Micromanager,1,0,0,1,0,1,0
1201,39,7,71174.0,14,53,41.0,1,70,30,5,3,6,2,2,15,Sales,Engineer,High School,Male,Divorced,Day,Office,Micromanager,0,0,0,0,0,0,1
1202,34,16,78282.0,18,54,59.0,13,32,0,2,1,0,6,4,3,Marketing,Executive,PhD,Female,Divorced,Day,Office,Balanced,1,0,0,1,0,0,0
1203,35,17,81273.0,18,12,59.0,15,62,22,5,2,1,2,2,9,Sales,Analyst,Master,Female,Divorced,Day,Hybrid,Supportive,0,0,0,1,0,0,0
1204,48,7,75027.0,20,8,4.0,13,36,0,5,5,4,12,3,12,Marketing,Lead,Bachelor,Female,Married,Flexible,Remote,Supportive,1,0,0,1,0,0,0
1205,22,7,60345.0,10,53,52.0,8,45,5,5,5,3,16,5,1,,Analyst,Bachelor,Female,Divorced,Day,Remote,,1,0,0,0,1,0,0
1206,29,0,54899.0,7,7,39.0,11,53,13,1,3,6,5,1,4,Sales,Manager,Bachelor,Other,Single,Day,Remote,Balanced,0,0,0,0,0,0,0
1207,29,9,80889.0,7,49,10.0,6,54,14,2,1,3,5,9,9,Research,Analyst,Bachelor,Male,Single,Day,Remote,Balanced,0,1,0,0,0,1,0
1208,29,12,87877.0,12,37,27.0,14,59,19,1,5,3,2,8,14,Sales,Engineer,High School,Female,Married,Night,Office,Supportive,0,0,0,1,0,0,0
1209,31,7,87108.0,7,14,2.0,2,51,11,1,3,4,5,7,6,Research,Lead,Master,Male,Divorced,Day,Remote,Micromanager,1,0,0,0,0,1,1
1210,34,5,56584.0,6,46,30.0,6,45,5,3,4,6,15,3,6,Engineering,Associate,High School,Male,Divorced,Night,Hybrid,Balanced,1,0,0,1,1,0,0
1211,25,15,77689.0,13,1,40.0,9,61,21,4,5,7,10,10,2,Marketing,Associate,Bachelor,Female,Divorced,Day,Hybrid,Supportive,0,0,0,0,1,1,0
1212,39,13,,4,51,49.0,14,52,12,2,3,6,11,7,11,Research,Analyst,Bachelor,Male,Divorced,Night,Office,Balanced,0,0,0,1,1,0,0
1213,59,5,79390.0,13,20,34.0,7,50,10,1,5,0,10,5,6,Finance,Executive,Bachelor,Male,Divorced,Day,Office,Supportive,1,0,0,1,1,1,0
1214,36,17,77457.0,5,25,33.0,4,34,0,5,1,4,13,4,12,Sales,Lead,Bachelor,Female,Divorced,Day,Office,Micromanager,1,0,0,1,0,1,0
1215,60,19,89309.0,16,1,33.0,5,60,20,3,2,5,1,0,8,Legal,Associate,PhD,Male,Married,Day,Hybrid,Supportive,0,0,0,0,0,1,0
1216,60,10,81754.0,15,58,2.0,15,60,20,3,3,6,5,3,5,Sales,Lead,Master,Female,Single,Day,Office,Supportive,0,0,0,0,0,1,1
1217,21,1,63963.0,14,24,49.0,5,69,29,5,5,4,13,7,13,Legal,Lead,Bachelor,Male,Married,Day,Office,Supportive,1,0,0,1,0,0,0
1218,44,18,96292.0,9,19,,11,32,0,3,3,5,10,7,10,Research,Associate,Bachelor,Male,Divorced,Night,Remote,Supportive,0,0,0,1,1,0,0
1219,53,4,46083.0,14,9,58.0,9,36,0,1,3,2,5,4,15,HR,Manager,Master,Female,Divorced,Day,Hybrid,Micromanager,0,0,1,1,0,0,0
1220,58,0,64327.0,5,13,76.0,13,49,9,4,5,4,8,0,2,Sales,Manager,Master,Female,Divorced,Flexible,Remote,Supportive,0,0,0,0,0,0,0
1221,29,16,98281.0,10,31,79.0,15,62,22,5,1,2,18,3,6,Marketing,Lead,High School,Male,Married,Day,Remote,Micromanager,0,0,0,0,0,0,0
1222,55,9,76339.0,12,37,44.0,11,30,0,1,3,1,2,0,2,Sales,Associate,Master,Female,Married,Night,Remote,Supportive,0,0,0,0,1,0,0
1223,36,18,77723.0,5,14,28.0,10,55,15,2,4,4,20,5,8,Legal,Executive,Master,Female,Single,Flexible,Remote,Micromanager,1,0,1,1,1,1,0
1224,29,7,65324.0,1,21,23.0,8,36,0,4,3,7,12,9,4,Sales,Manager,High School,Female,Divorced,Day,Remote,Balanced,1,0,0,1,1,0,0
1225,31,14,91051.0,4,4,55.0,15,53,13,3,3,3,12,0,12,HR,Executive,High School,Male,Single,Night,Remote,Micromanager,1,0,0,0,0,0,0
1226,54,6,30167.0,0,52,25.0,9,61,21,4,4,2,15,3,15,HR,Engineer,Bachelor,Male,Married,Day,Office,Balanced,0,0,0,1,0,0,1
1227,25,13,88021.0,12,51,4.0,15,65,25,4,2,7,18,3,5,Operations,Analyst,Master,Male,Divorced,Night,Office,Micromanager,1,0,0,0,1,0,0
1228,39,14,61381.0,16,53,26.0,5,42,2,3,5,7,13,9,15,Engineering,Analyst,High School,Female,Divorced,Day,Remote,Micromanager,1,0,0,0,0,0,0
1229,28,19,112714.0,9,23,32.0,11,70,30,3,3,3,4,4,0,Engineering,Engineer,Master,Female,Divorced,Flexible,Office,Micromanager,0,0,0,0,0,0,0
1230,47,11,55824.0,6,7,32.0,13,39,0,2,4,2,2,10,5,Engineering,Manager,Master,Female,Single,Day,Hybrid,Hands-off,1,0,0,0,1,0,0
1231,60,9,55888.0,10,10,6.0,3,67,27,3,2,7,18,10,8,,Lead,Bachelor,Male,Divorced,Day,Hybrid,Balanced,0,0,0,0,1,0,0
1232,29,3,43229.0,10,20,52.0,15,67,27,3,1,0,10,5,5,HR,Associate,Bachelor,Male,Single,Flexible,Office,Micromanager,0,0,0,1,0,0,0
1233,21,4,48977.0,0,8,43.0,13,63,23,2,2,7,20,8,8,Sales,Lead,Bachelor,Male,Divorced,Night,Remote,Micromanager,1,1,0,1,0,0,0
1234,26,9,48963.0,13,33,76.0,8,55,15,5,1,5,12,6,13,Legal,Engineer,PhD,Male,Married,Day,Office,Balanced,0,0,0,0,0,1,0
1235,40,12,71748.0,20,51,8.0,10,39,0,4,5,3,0,1,0,Legal,Associate,PhD,Female,Single,Flexible,Office,Balanced,0,0,0,1,0,1,0
1236,35,2,63941.0,8,27,29.0,11,53,13,2,1,1,14,1,4,Sales,Manager,Bachelor,Male,Married,Day,Hybrid,Balanced,0,0,0,1,0,0,0
1237,59,16,96477.0,16,46,46.0,15,44,4,3,3,1,20,9,4,Operations,Engineer,Bachelor,Male,Single,Day,Hybrid,,0,1,0,0,1,0,0
1238,34,11,79269.0,18,9,59.0,7,45,5,4,4,6,13,7,10,Sales,Associate,Bachelor,Female,Divorced,Night,Hybrid,Micromanager,0,0,1,0,1,0,0
1239,34,14,88539.0,17,54,38.0,4,30,0,1,1,2,18,5,6,HR,Associate,Bachelor,Male,Married,Day,Hybrid,Micromanager,0,0,1,0,0,0,1
1240,24,7,74165.0,7,24,5.0,8,35,0,2,2,4,14,2,5,Sales,Lead,Bachelor,Female,Married,Day,Office,Hands-off,1,0,1,1,0,0,0
1241,56,19,87527.0,3,42,0.0,1,66,26,1,3,0,2,2,12,Sales,Analyst,High School,Male,Divorced,Day,Office,Hands-off,0,0,0,0,0,1,0
1242,49,10,49482.0,20,6,23.0,8,39,0,3,4,5,19,5,3,Finance,Engineer,Bachelor,Female,Married,Day,Hybrid,Balanced,1,1,0,0,0,1,0
1243,58,5,57480.0,13,2,25.0,15,46,6,3,2,7,17,4,5,Operations,Engineer,Bachelor,Male,Divorced,Day,Remote,Supportive,0,0,0,0,1,0,0
1244,23,14,77138.0,3,26,47.0,14,46,6,1,3,3,11,0,8,Engineering,Executive,Master,Female,Married,Day,Office,Balanced,1,0,0,0,1,0,0
1245,45,5,57020.0,20,6,71.0,1,32,0,4,2,5,7,7,6,Marketing,Associate,Bachelor,Male,Divorced,Day,Hybrid,Balanced,0,0,0,0,1,0,0
1246,34,17,80487.0,17,44,62.0,8,58,18,2,4,7,19,7,13,Marketing,Associate,Master,Female,Married,Day,Hybrid,Balanced,0,0,0,1,1,0,0
1247,42,8,42040.0,15,42,10.0,10,41,1,5,1,3,12,5,10,Operations,Analyst,High School,Female,Single,Night,Office,Balanced,0,0,0,1,0,0,0
1248,39,4,71385.0,11,6,,12,46,6,3,5,0,10,1,4,Engineering,Engineer,Master,Female,Divorced,Night,Remote,Supportive,0,1,0,1,1,0,0
1249,54,17,101126.0,9,28,72.0,6,39,0,3,5,7,12,8,11,Operations,Associate,Master,Female,Married,Day,Office,Hands-off,1,0,0,0,1,1,0
1250,40,13,79050.0,14,2,17.0,12,68,28,3,3,6,14,6,7,Sales,Manager,Master,Female,Married,Day,Office,Supportive,0,0,0,1,0,0,0
1251,49,8,65477.0,7,17,36.0,3,33,0,3,3,1,1,7,6,Engineering,Analyst,High School,Female,Single,Day,Hybrid,Hands-off,1,0,0,1,0,1,0
1252,42,0,34361.0,20,45,19.0,9,56,16,5,3,0,12,3,0,Operations,Manager,Bachelor,Male,Married,Night,Remote,Supportive,1,1,0,0,1,0,0
1253,57,0,43573.0,11,44,80.0,11,31,0,5,1,2,13,4,4,Operations,Analyst,High School,Female,Divorced,Flexible,Office,Supportive,1,0,0,0,0,0,0
1254,37,17,,4,48,29.0,10,45,5,3,4,6,8,10,15,Marketing,Executive,Bachelor,Female,Married,Day,Office,Supportive,0,0,0,1,0,0,0
1255,28,13,63175.0,3,55,23.0,10,51,11,2,4,7,6,9,14,Finance,Associate,Bachelor,Male,Divorced,Day,Office,Micromanager,0,0,0,0,0,0,1
1256,42,20,113423.0,9,4,24.0,8,42,2,1,1,6,14,2,3,Sales,Manager,Bachelor,Male,Married,Flexible,Hybrid,Balanced,1,0,0,0,0,1,0
1257,55,8,56159.0,10,8,53.0,14,30,0,2,4,3,1,8,1,Engineering,Associate,PhD,Female,Married,Day,Hybrid,Balanced,0,0,0,0,1,0,0
1258,58,16,85706.0,0,2,32.0,8,58,18,4,2,6,8,4,13,Marketing,Manager,PhD,Female,Married,Day,Remote,Balanced,0,0,0,1,1,1,0
1259,47,8,,7,56,35.0,5,42,2,1,3,0,2,8,4,Engineering,Executive,Master,Female,Single,Day,Office,Balanced,1,0,0,1,1,0,0
1260,30,10,70122.0,1,16,54.0,3,33,0,1,4,6,15,2,1,Research,Engineer,Bachelor,Male,Divorced,Day,Office,Micromanager,0,0,0,0,1,1,1
1261,38,4,51334.0,20,48,58.0,6,49,9,4,5,5,10,4,8,Research,Executive,Bachelor,Female,Single,Day,Remote,Micromanager,0,0,0,1,0,0,0
1262,41,5,74520.0,10,11,47.0,14,56,16,3,4,2,3,4,5,Operations,Analyst,Bachelor,Female,Divorced,Day,Office,Balanced,0,0,0,1,0,0,1
1263,27,2,34014.0,12,26,34.0,11,49,9,4,5,0,17,10,10,Sales,Manager,Bachelor,Female,Married,Day,Office,Supportive,1,0,0,1,0,0,0
1264,41,15,73714.0,2,44,38.0,1,44,4,4,5,1,7,5,4,,Lead,Master,Male,Married,Day,Remote,Balanced,1,0,0,1,0,0,0
1265,59,8,82130.0,9,33,42.0,14,39,0,4,3,1,9,0,1,Marketing,Lead,Bachelor,Female,Divorced,Day,Remote,Balanced,1,0,0,0,1,0,0
1266,35,4,36856.0,20,46,47.0,15,40,0,2,2,3,14,10,10,Research,Manager,Bachelor,Female,Married,Night,Hybrid,Supportive,0,0,0,0,0,1,0
1267,21,0,47153.0,19,50,75.0,11,52,12,1,4,2,10,1,11,Marketing,Engineer,High School,Male,Divorced,Flexible,Remote,Supportive,1,0,0,1,0,0,0
1268,32,14,65361.0,9,60,29.0,2,53,13,5,5,3,8,1,2,Operations,Manager,Master,Female,Married,Day,Office,Balanced,1,0,0,1,0,0,0
1269,40,0,50438.0,10,13,67.0,9,35,0,1,5,7,12,5,5,Engineering,Executive,Bachelor,Male,Divorced,Night,Office,Balanced,0,0,0,0,0,0,0
1270,36,15,95957.0,11,41,,12,55,15,3,1,7,16,3,0,HR,Analyst,Master,Male,Divorced,Flexible,Office,Balanced,0,0,0,0,1,0,0
1271,48,16,83404.0,9,18,2.0,13,42,2,2,5,1,15,3,2,Sales,Associate,High School,Female,Married,Day,Office,,0,0,0,0,0,0,0
1272,58,11,88390.0,0,39,11.0,15,68,28,1,4,6,11,5,3,Sales,Engineer,Bachelor,Female,Single,Flexible,Office,Supportive,0,0,0,1,0,1,1
1273,27,1,44595.0,1,39,22.0,13,68,28,4,1,3,2,3,8,Engineering,Engineer,Bachelor,Female,Married,Night,Office,Supportive,0,0,0,0,1,0,0
1274,55,11,62596.0,3,42,65.0,12,57,17,3,2,4,11,1,6,Engineering,Engineer,Master,Female,Married,Flexible,Office,,1,0,0,1,1,0,0
1275,46,2,60252.0,5,40,24.0,15,46,6,4,5,6,8,9,13,Sales,Analyst,Master,Male,Single,Night,Office,Hands-off,0,0,0,0,1,1,0
1276,59,16,99448.0,7,2,53.0,7,49,9,3,1,3,10,2,2,Engineering,Associate,Master,Male,Single,Night,Office,Micromanager,1,0,0,0,1,0,0
1277,34,10,66263.0,9,39,15.0,4,41,1,4,2,5,19,5,15,Operations,Manager,Bachelor,Male,Divorced,Day,Remote,Balanced,0,0,0,0,0,0,0
1278,53,17,87447.0,13,54,,12,38,0,4,3,1,0,10,10,Operations,Analyst,Bachelor,Male,Divorced,Day,Office,Micromanager,1,0,0,0,0,0,0
1279,52,9,67783.0,0,35,13.0,5,67,27,1,4,7,4,7,11,Marketing,Analyst,Bachelor,Male,Single,Night,Hybrid,Hands-off,1,0,0,1,0,0,1
1280,41,0,45454.0,7,39,74.0,5,51,11,1,1,2,4,9,6,Engineering,Engineer,Bachelor,Female,Married,Day,Remote,Balanced,0,0,0,0,0,1,0
1281,29,1,42203.0,16,39,9.0,11,54,14,4,2,3,11,0,2,Engineering,Executive,Bachelor,Male,Single,Day,Office,Micromanager,0,0,0,1,1,1,0
1282,42,20,93388.0,8,43,59.0,13,46,6,4,5,6,16,5,9,,Engineer,Bachelor,Female,Single,Day,Office,Micromanager,0,1,0,0,0,0,1
1283,59,15,107389.0,14,25,14.0,11,49,9,5,3,3,5,3,4,Engineering,Manager,High School,Female,Married,Day,Remote,Balanced,0,0,0,1,0,0,0
1284,51,12,81766.0,4,7,15.0,2,43,3,1,5,4,9,5,1,Engineering,Analyst,Master,Female,Divorced,Day,Hybrid,,0,0,0,0,1,1,0
1285,26,9,73473.0,2,59,42.0,3,36,0,3,2,0,3,9,13,Engineering,Executive,Bachelor,Male,Single,Day,Office,Micromanager,1,0,1,0,0,0,0
1286,48,17,97478.0,3,42,66.0,10,60,20,5,4,6,4,4,3,Finance,Lead,PhD,Female,Divorced,Day,Office,Supportive,1,0,0,0,0,0,0
1287,25,3,73750.0,20,7,,7,51,11,4,2,5,19,5,8,Sales,Manager,Master,Female,Single,Day,Hybrid,Micromanager,0,0,0,0,0,0,0
1288,35,11,74588.0,7,44,40.0,7,51,11,4,2,2,1,3,4,,Analyst,Bachelor,Male,Single,Day,Office,Hands-off,0,0,0,1,0,0,0
1289,34,12,101684.0,0,1,66.0,15,70,30,5,4,3,5,1,8,Sales,Engineer,Bachelor,Female,Single,Night,Office,Balanced,0,0,0,0,0,1,0
1290,32,2,64292.0,20,40,64.0,2,42,2,5,1,4,12,10,13,,Associate,High School,Male,Divorced,Flexible,Hybrid,Micromanager,1,0,0,0,1,0,0
1291,55,2,37344.0,17,32,68.0,6,63,23,1,4,5,14,3,3,HR,Analyst,Master,Female,Divorced,Day,Remote,Supportive,0,0,0,1,1,1,0
1292,51,9,59297.0,6,37,35.0,1,55,15,4,5,0,16,0,0,Sales,Engineer,Bachelor,Female,Divorced,Day,Hybrid,,1,0,0,1,1,0,0
1293,57,20,91398.0,8,14,67.0,7,67,27,5,3,2,20,6,13,Research,Associate,Bachelor,Female,Single,Day,Hybrid,Hands-off,1,1,0,1,1,0,0
1294,28,8,56766.0,4,34,17.0,13,44,4,5,5,6,0,8,5,Marketing,Associate,Bachelor,Female,Single,Night,Office,Balanced,1,0,1,0,0,1,0
1295,40,4,63474.0,3,57,60.0,8,54,14,5,2,7,16,5,9,Engineering,Lead,Master,Female,Single,Day,Office,Balanced,0,0,0,0,1,0,0
1296,25,9,70932.0,19,38,36.0,2,70,30,5,2,7,5,4,4,Engineering,Engineer,Bachelor,Male,Married,Day,Office,Balanced,0,0,0,0,0,0,0
1297,29,11,75711.0,20,48,71.0,12,46,6,3,4,7,13,10,8,Marketing,Lead,High School,Female,Divorced,Night,Office,Micromanager,0,0,0,0,0,1,0
1298,34,16,82782.0,19,53,65.0,7,33,0,1,2,0,0,3,0,HR,Associate,Bachelor,Female,Married,Day,Hybrid,Balanced,1,0,0,0,0,0,0
1299,53,13,75594.0,4,52,5.0,3,41,1,2,5,2,13,0,13,Sales,Associate,Master,Male,Married,Night,Hybrid,,1,1,0,1,0,0,0
1300,26,3,36807.0,16,30,38.0,2,51,11,2,1,4,3,10,2,Sales,Engineer,Bachelor,Female,Divorced,Flexible,Remote,Balanced,0,0,0,1,0,0,0
1301,53,14,94235.0,18,3,72.0,7,31,0,1,4,7,1,2,5,Operations,Lead,Bachelor,Male,Divorced,Flexible,Office,Micromanager,0,0,0,0,1,0,0
1302,26,18,65621.0,19,49,77.0,11,34,0,5,4,1,18,9,12,Operations,Executive,Master,Female,Single,Day,Remote,Supportive,0,0,0,1,0,0,0
1303,48,18,108306.0,11,27,57.0,11,69,29,1,4,6,14,6,11,Engineering,Analyst,High School,Male,Married,Day,Office,Balanced,1,0,0,0,1,0,0
1304,29,13,83493.0,14,51,72.0,10,46,6,1,3,0,15,9,0,Operations,Lead,Master,Male,Single,Day,Office,Micromanager,0,0,0,1,0,0,0
1305,47,14,94404.0,20,44,49.0,7,45,5,4,3,5,5,5,9,Engineering,Engineer,Bachelor,Male,Married,Day,Office,Supportive,1,0,0,1,0,0,0
1306,26,7,61282.0,6,39,43.0,11,45,5,3,1,4,18,0,7,Finance,Engineer,Bachelor,Female,Divorced,Day,Remote,Micromanager,0,0,0,1,1,1,0
1307,31,7,26456.0,17,54,30.0,1,64,24,1,4,1,5,1,11,Research,Executive,High School,Female,Married,Night,Office,Balanced,0,0,0,0,1,0,0
1308,34,9,60265.0,10,4,46.0,4,59,19,1,4,3,19,1,12,Sales,Associate,Bachelor,Male,Married,Day,Hybrid,Balanced,0,0,0,0,1,1,0
1309,50,4,68133.0,9,25,49.0,13,59,19,3,4,6,13,1,11,Operations,Engineer,High School,Male,Married,Day,Office,,1,0,0,0,0,0,0
1310,31,0,43536.0,6,22,4.0,5,30,0,5,4,5,16,7,7,Research,Executive,Bachelor,Male,Divorced,Day,Hybrid,Supportive,1,0,0,1,0,0,0
1311,48,6,60427.0,14,55,20.0,13,54,14,5,1,2,18,10,8,Marketing,Analyst,Bachelor,Male,Married,Day,Office,Supportive,0,0,0,0,0,1,0
1312,59,2,49373.0,20,59,16.0,15,31,0,5,4,0,13,6,8,Engineering,Analyst,Bachelor,Female,Single,Day,Hybrid,Supportive,1,0,0,0,0,0,0
1313,27,13,68605.0,10,45,5.0,6,43,3,4,4,2,0,9,0,Sales,Executive,Master,Male,Married,Day,Remote,Hands-off,0,1,0,1,1,1,0
1314,22,11,67596.0,12,3,42.0,10,69,29,3,2,6,11,5,11,Engineering,Engineer,Master,Male,Divorced,Day,Hybrid,Supportive,0,0,0,1,0,0,0
1315,47,6,49837.0,5,15,5.0,9,65,25,2,1,2,16,1,3,Research,Executive,PhD,Female,Married,Day,Office,Balanced,0,0,0,0,0,0,1
1316,55,17,78278.0,16,11,36.0,6,36,0,2,2,4,6,1,1,Marketing,Executive,Bachelor,Male,Single,Day,Remote,Supportive,1,0,0,0,1,0,0
1317,25,1,60341.0,0,13,59.0,2,43,3,4,1,5,17,2,8,,Lead,Master,Female,Single,Day,Office,Supportive,0,0,0,0,1,0,0
1318,34,11,69534.0,14,8,57.0,5,38,0,4,3,6,11,10,15,Sales,Manager,Master,Male,Single,Day,Office,Micromanager,1,0,0,0,1,0,0
1319,34,19,81899.0,4,40,67.0,12,35,0,1,2,7,3,3,9,Marketing,Manager,Bachelor,Male,Married,Night,Hybrid,Micromanager,1,0,1,0,1,0,0
1320,37,5,62989.0,12,52,25.0,4,34,0,3,4,1,13,9,15,Engineering,Manager,Bachelor,Male,Married,Day,Office,Hands-off,0,0,0,0,0,0,0
1321,56,18,81449.0,14,22,69.0,4,53,13,2,1,5,17,3,3,Sales,Associate,Bachelor,Female,Single,Day,Office,Balanced,1,0,0,0,0,1,0
1322,39,0,33630.0,12,47,15.0,14,32,0,5,2,3,14,8,13,Sales,Lead,High School,Female,Single,Day,Office,Hands-off,1,0,0,1,0,1,0
1323,41,6,56269.0,5,36,48.0,8,66,26,2,2,7,18,6,1,Legal,Associate,Bachelor,Female,Married,Day,Remote,Supportive,1,0,0,1,0,0,0
1324,49,12,68314.0,3,15,15.0,5,48,8,2,4,4,5,4,10,Engineering,Engineer,Master,Male,Married,Day,Office,Micromanager,1,0,0,0,0,1,0
1325,28,15,88764.0,19,51,56.0,14,47,7,5,1,2,0,4,11,Sales,Executive,Bachelor,Female,Single,Day,Office,Balanced,1,0,0,0,0,0,0
1326,46,14,85163.0,16,35,14.0,1,40,0,4,5,7,20,5,10,Sales,Associate,Master,Male,Married,Day,Hybrid,,0,1,0,0,0,0,0
1327,60,0,64383.0,12,29,54.0,13,33,0,4,4,7,5,6,14,Finance,Associate,Master,Male,Married,Day,Hybrid,Hands-off,0,0,0,0,1,1,0
1328,49,6,67073.0,19,50,17.0,6,65,25,1,5,7,3,7,2,Engineering,Lead,Master,Female,Married,Day,Office,Micromanager,0,0,0,1,0,0,1
1329,21,12,68998.0,11,30,,11,60,20,5,5,1,5,6,0,Engineering,Manager,Master,Male,Single,Day,Hybrid,Supportive,0,0,0,1,0,1,0
1330,42,10,87639.0,10,60,67.0,1,47,7,4,2,3,9,5,7,,Lead,High School,Female,Single,Day,Hybrid,Balanced,1,1,0,1,0,1,0
1331,60,0,35551.0,6,47,,11,62,22,1,1,4,11,6,8,Operations,Analyst,Master,Female,Married,Flexible,Remote,Supportive,1,0,0,1,0,0,0
1332,54,9,,5,16,,15,50,10,4,2,2,20,8,11,Sales,Associate,Master,Male,Single,Day,Remote,Balanced,0,0,0,0,0,0,0
1333,57,10,92457.0,20,18,44.0,5,68,28,4,2,4,13,5,15,Engineering,Engineer,High School,Male,Divorced,Flexible,Office,Balanced,1,0,1,0,0,0,0
1334,56,3,59070.0,9,17,79.0,5,57,17,5,2,6,14,8,6,Research,Manager,High School,Male,Married,Day,Remote,Balanced,0,0,0,1,1,0,0
1335,58,8,55168.0,6,29,65.0,4,33,0,4,2,7,2,1,8,Finance,Executive,High School,Female,Single,Day,Remote,Micromanager,1,0,0,0,0,1,0
1336,32,3,67550.0,8,10,66.0,1,58,18,2,3,4,2,2,13,Engineering,Lead,Master,Female,Single,Day,Office,Hands-off,1,0,0,0,1,1,0
1337,55,3,34700.0,10,44,59.0,7,35,0,3,5,5,13,6,9,HR,Associate,Master,Female,Married,Day,Office,Supportive,0,0,0,1,0,0,0
1338,52,9,66216.0,1,10,42.0,7,66,26,3,4,6,1,1,0,Marketing,Analyst,Master,Male,Single,Night,Remote,Balanced,1,0,0,1,0,0,0
1339,33,4,70584.0,4,4,33.0,5,70,30,1,1,7,3,7,13,Sales,Engineer,PhD,Male,Divorced,Day,Remote,Supportive,1,1,0,1,0,0,0
1340,37,2,47160.0,2,3,35.0,13,56,16,2,4,4,1,8,6,Finance,Analyst,Bachelor,Female,Divorced,Day,Office,Balanced,1,0,0,0,0,0,0
1341,22,20,100138.0,7,15,,7,64,24,4,2,1,6,8,15,Sales,Analyst,Bachelor,Female,Married,Night,Remote,Micromanager,1,1,0,1,0,0,0
1342,58,6,57692.0,15,49,32.0,15,70,30,4,1,7,14,5,8,Marketing,Executive,Bachelor,Male,Married,Day,Office,Micromanager,1,0,0,1,0,0,0
1343,57,14,81561.0,1,18,46.0,7,49,9,2,5,1,8,10,0,Operations,Executive,Bachelor,Female,Single,Day,Hybrid,Supportive,1,0,0,1,0,1,0
1344,29,2,219395.0,13,36,43.0,14,39,0,5,5,7,16,0,2,Operations,Analyst,Bachelor,Male,Married,Day,Remote,Hands-off,0,1,0,1,0,1,0
1345,36,5,58525.0,10,1,68.0,15,70,30,2,4,1,5,10,12,Operations,Engineer,Master,Male,Married,Day,Office,Hands-off,0,0,0,0,0,1,1
1346,48,5,68269.0,3,30,56.0,15,47,7,3,4,6,11,3,0,Engineering,Lead,Bachelor,Female,Single,Day,Office,Balanced,1,0,0,1,1,0,0
1347,26,8,64916.0,12,43,71.0,10,38,0,1,1,4,6,9,1,Operations,Lead,Bachelor,Female,Divorced,Day,Office,Supportive,0,0,0,1,0,0,0
1348,44,1,39768.0,7,39,59.0,5,65,25,3,2,3,9,0,12,Engineering,Executive,Bachelor,Female,Single,Day,Office,Balanced,1,0,0,0,0,1,0
1349,51,17,88667.0,5,45,28.0,4,38,0,3,5,7,10,9,10,Sales,Manager,Master,Male,Divorced,Night,Hybrid,Supportive,1,0,0,0,0,0,0
1350,32,0,34526.0,20,15,42.0,2,46,6,3,5,2,12,9,15,Marketing,Analyst,Master,Male,Single,Day,Office,Supportive,0,0,0,0,1,0,0
1351,48,18,99633.0,13,32,8.0,3,40,0,3,4,0,16,7,9,Finance,Associate,Master,Male,Single,Night,Remote,Micromanager,0,1,0,1,0,1,0
1352,32,2,48070.0,3,47,74.0,2,47,7,3,2,5,5,1,0,Engineering,Engineer,PhD,Male,Divorced,Day,Hybrid,Balanced,1,0,0,0,0,0,0
1353,26,7,248330.0,9,59,,8,61,21,1,1,2,11,10,5,Engineering,Associate,Master,Male,Married,Day,Remote,Hands-off,0,0,0,1,0,1,0
1354,52,9,74183.0,9,44,53.0,7,47,7,2,3,2,0,0,9,Research,Manager,Bachelor,Female,Married,Day,Hybrid,Balanced,1,0,0,0,0,0,0
1355,31,13,80522.0,3,40,42.0,15,52,12,4,5,1,18,9,9,Research,Engineer,Bachelor,Female,Single,Flexible,Office,Supportive,0,1,0,0,0,0,0
1356,22,17,99050.0,16,51,31.0,15,69,29,1,3,1,16,5,6,Finance,Lead,Master,Female,Married,Day,Office,Balanced,0,1,1,1,1,0,0
1357,31,19,101808.0,7,31,73.0,6,46,6,5,3,2,12,9,9,Engineering,Executive,PhD,Female,Married,Night,Office,Hands-off,1,0,0,1,0,1,0
1358,30,5,52365.0,9,42,43.0,8,33,0,5,2,1,15,2,5,,Engineer,Bachelor,Male,Married,Flexible,Remote,Balanced,1,0,0,0,1,0,0
1359,22,12,90285.0,3,7,2.0,9,38,0,1,2,7,17,7,10,Engineering,Associate,Bachelor,Male,Divorced,Day,Office,Balanced,1,0,0,0,0,0,0
1360,30,16,57995.0,0,58,17.0,6,67,27,1,2,6,3,7,3,Operations,Manager,Master,Male,Divorced,Day,Office,Supportive,1,0,0,1,0,0,0
1361,43,13,,15,20,71.0,1,67,27,2,5,0,7,8,8,Marketing,Lead,Master,Female,Married,Day,Office,Supportive,1,0,0,1,0,0,1
1362,28,17,84206.0,2,55,33.0,11,57,17,5,1,5,6,2,1,HR,Engineer,Bachelor,Female,Divorced,Day,Hybrid,Balanced,0,0,0,0,1,0,0
1363,48,19,108169.0,12,47,44.0,5,60,20,2,2,6,8,2,13,,Analyst,Bachelor,Female,Single,Flexible,Remote,Hands-off,0,0,1,0,0,0,1
1364,51,13,59922.0,18,4,8.0,10,42,2,1,2,5,0,7,12,Legal,Analyst,High School,Female,Single,Day,Hybrid,Balanced,0,0,1,1,1,1,0
1365,45,2,62434.0,10,29,79.0,7,58,18,5,3,2,2,7,6,Engineering,Associate,Master,Female,Divorced,Day,Office,Balanced,0,0,0,0,1,0,0
1366,43,13,81742.0,11,55,12.0,10,36,0,5,4,4,1,7,9,Operations,Manager,Master,Male,Single,Day,Remote,Micromanager,1,0,0,0,0,1,0
1367,30,5,48747.0,20,12,25.0,2,33,0,4,4,4,12,6,13,Operations,Executive,Master,Male,Married,Day,Hybrid,Hands-off,0,0,0,0,0,1,0
1368,50,9,61810.0,11,9,78.0,13,47,7,4,1,2,7,6,15,Marketing,Manager,Master,Female,Married,Flexible,Hybrid,Balanced,1,0,0,1,0,1,0
1369,25,6,60447.0,8,29,22.0,15,65,25,4,3,5,3,3,7,Marketing,Executive,Bachelor,Female,Married,Day,Hybrid,Micromanager,1,0,0,0,1,0,0
1370,29,2,39575.0,2,11,19.0,7,59,19,5,4,3,11,3,2,Sales,Engineer,High School,Female,Divorced,Flexible,Office,Balanced,0,0,1,0,1,0,0
1371,43,1,36709.0,3,18,65.0,5,40,0,4,4,6,13,4,15,Operations,Analyst,Bachelor,Male,Single,Day,Office,Supportive,0,0,0,0,0,0,0
1372,31,1,42969.0,8,29,63.0,10,48,8,2,3,6,12,8,11,Engineering,Associate,Master,Female,Single,Day,Office,Balanced,0,0,0,0,0,0,0
1373,57,1,29813.0,5,36,65.0,7,43,3,3,3,2,1,0,2,Legal,Engineer,Bachelor,Male,Single,Day,Remote,Micromanager,0,0,0,0,1,0,0
1374,58,16,94369.0,16,55,74.0,12,36,0,5,1,4,6,8,5,Sales,Analyst,Bachelor,Male,Married,Day,Office,Balanced,0,0,0,0,0,0,0
1375,40,11,76782.0,5,3,37.0,7,32,0,5,5,3,7,1,6,Engineering,Associate,Bachelor,Female,Divorced,Night,Hybrid,Micromanager,0,0,0,0,0,0,1
1376,32,17,79421.0,7,12,61.0,8,58,18,2,5,5,3,8,4,Engineering,Lead,Bachelor,Female,Single,Day,Office,Balanced,1,0,0,0,0,1,0
1377,54,7,64546.0,19,56,66.0,11,64,24,3,4,1,12,10,15,Finance,Associate,Master,Male,Married,Day,Remote,Supportive,1,0,0,0,0,0,0
1378,49,6,75077.0,14,19,57.0,14,47,7,2,3,5,8,4,14,Sales,Associate,Bachelor,Female,Single,Day,Office,Supportive,0,0,0,1,0,0,0
1379,36,18,75071.0,0,50,27.0,15,50,10,4,3,6,13,10,5,Finance,Engineer,High School,Male,Single,Day,Hybrid,,0,0,0,0,0,0,1
1380,54,19,90839.0,18,6,42.0,1,38,0,5,5,7,3,3,12,Sales,Associate,Bachelor,Male,Married,Day,Hybrid,Hands-off,1,0,0,0,1,1,0
1381,48,17,75659.0,10,9,,14,62,22,4,5,0,13,8,5,Marketing,Manager,Master,Male,Divorced,Night,Office,Balanced,0,0,0,0,1,0,0
1382,41,1,50356.0,20,3,,3,59,19,2,1,2,11,6,11,Engineering,Lead,Master,Male,Single,Day,Remote,,1,0,0,1,0,1,0
1383,31,9,,6,27,52.0,9,68,28,1,1,5,0,2,15,Research,Associate,Bachelor,Female,Divorced,Day,Hybrid,Hands-off,0,0,0,1,0,0,0
1384,24,9,57043.0,11,2,1.0,9,63,23,2,3,6,15,5,10,Marketing,Executive,Bachelor,Male,Divorced,Day,Remote,Micromanager,1,0,0,0,0,0,1
1385,28,18,74991.0,2,36,44.0,1,59,19,4,5,3,9,9,6,Operations,Executive,Bachelor,Male,Married,Day,Hybrid,Hands-off,1,0,0,1,0,0,0
1386,38,10,74450.0,9,10,57.0,1,49,9,2,3,4,1,9,10,Research,Analyst,Master,Female,Married,Day,Office,Supportive,1,0,1,1,1,0,0
1387,24,14,74273.0,11,44,,4,64,24,3,1,1,19,8,14,Engineering,Lead,Master,Female,Divorced,Day,Office,Supportive,0,0,0,0,0,0,0
1388,24,4,43856.0,6,51,62.0,3,37,0,1,3,0,8,3,6,,Analyst,Bachelor,Male,Divorced,Day,Remote,Micromanager,1,0,0,0,0,0,1
1389,51,12,70387.0,13,4,39.0,12,42,2,1,1,0,1,2,4,HR,Executive,Bachelor,Female,Married,Day,Office,,1,0,0,0,0,1,0
1390,37,14,71529.0,20,29,66.0,13,39,0,5,3,4,3,8,13,Sales,Lead,Bachelor,Female,Married,Day,Office,Balanced,0,0,0,0,0,0,0
1391,37,7,64984.0,3,13,79.0,15,42,2,5,4,6,8,4,3,HR,Engineer,Bachelor,Male,Single,Day,Office,Balanced,0,0,0,0,0,1,0
1392,33,10,62590.0,11,33,52.0,9,36,0,1,5,1,5,10,6,Engineering,Manager,Bachelor,Male,Married,Day,Office,Supportive,1,0,0,0,1,1,0
1393,55,15,95966.0,18,36,47.0,6,46,6,4,1,7,17,9,1,Sales,Lead,Master,Female,Married,Night,Office,Balanced,0,0,0,0,0,0,0
1394,36,6,66193.0,11,26,35.0,5,57,17,4,4,1,3,6,7,Engineering,Lead,Bachelor,Male,Married,Day,Hybrid,Balanced,1,1,0,0,0,0,0
1395,47,7,56575.0,8,12,50.0,14,69,29,2,4,1,14,7,15,Marketing,Manager,Master,Female,Married,Day,Office,Balanced,0,0,0,0,0,0,1
1396,35,7,64708.0,0,35,18.0,14,38,0,3,2,0,2,1,8,Operations,Lead,High School,Male,Single,Flexible,Office,Balanced,0,0,0,0,1,0,0
1397,48,9,66864.0,3,44,31.0,12,33,0,4,5,7,13,2,1,Engineering,Engineer,Master,Female,Married,Day,Office,Supportive,1,0,0,0,0,0,0
1398,48,17,93946.0,7,41,55.0,7,60,20,3,4,4,8,8,3,Sales,Manager,Bachelor,Male,Divorced,Day,Office,Hands-off,0,0,0,1,0,0,0
1399,59,19,89855.0,14,20,11.0,5,46,6,2,5,7,8,3,3,HR,Associate,Master,Male,Married,Day,Office,Hands-off,1,0,0,0,1,0,0
1400,40,3,63653.0,0,58,52.0,12,55,15,2,2,3,4,7,1,Research,Engineer,Bachelor,Female,Married,Flexible,Hybrid,Hands-off,0,0,0,1,1,1,0
1401,52,9,61414.0,11,40,17.0,9,63,23,5,2,5,0,1,6,Engineering,Associate,Bachelor,Female,Divorced,Night,Hybrid,Micromanager,1,0,0,1,0,0,0
1402,57,7,48739.0,17,5,22.0,9,39,0,1,3,0,2,0,6,Sales,Manager,Bachelor,Male,Married,Day,Hybrid,Supportive,1,0,0,0,0,0,0
1403,43,3,34618.0,11,30,59.0,11,66,26,4,3,7,14,5,12,Operations,Manager,Master,Female,Single,Day,Office,Balanced,1,1,0,0,0,0,0
1404,42,15,83398.0,17,42,60.0,1,69,29,3,3,1,11,7,2,Research,Engineer,Bachelor,Male,Married,Day,Office,Balanced,0,0,0,1,0,0,0
1405,32,1,58749.0,15,34,,2,58,18,3,3,5,2,8,15,Research,Associate,Bachelor,Female,Married,Day,Office,Supportive,0,0,0,0,0,1,1
1406,21,10,66688.0,12,50,52.0,4,54,14,4,5,1,2,0,9,Finance,Associate,Master,Other,Divorced,Flexible,Office,Hands-off,1,0,0,0,1,1,1
1407,37,0,36971.0,10,42,69.0,15,70,30,1,4,6,4,6,5,Engineering,Manager,Master,Female,Divorced,Night,Office,Balanced,0,0,0,1,1,1,0
1408,41,15,92730.0,19,26,14.0,5,41,1,4,3,6,0,4,11,Marketing,Engineer,Bachelor,Male,Single,Day,Office,Balanced,0,0,0,0,0,1,0
1409,28,12,86386.0,13,18,0.0,1,40,0,5,5,4,19,5,4,Engineering,Associate,Master,Female,Divorced,Day,Office,Supportive,0,0,0,0,1,0,0
1410,36,2,50874.0,3,44,31.0,13,68,28,2,5,5,1,2,10,Finance,Associate,Bachelor,Male,Single,Day,Hybrid,Balanced,1,0,0,0,0,0,1
1411,38,9,,11,49,66.0,4,41,1,4,2,2,8,3,13,Research,Lead,High School,Male,Married,Day,Hybrid,Balanced,0,0,0,0,1,1,0
1412,43,11,47483.0,6,13,39.0,11,42,2,1,3,7,18,4,15,,Engineer,Bachelor,Female,Divorced,Day,Hybrid,Micromanager,0,0,0,0,0,0,0
1413,26,3,51721.0,19,22,66.0,8,48,8,3,3,1,9,10,15,Marketing,Lead,Bachelor,Other,Married,Day,Office,Supportive,0,0,0,0,0,0,0
1414,24,12,74120.0,4,31,75.0,14,39,0,2,4,5,19,3,11,Legal,Associate,Bachelor,Male,Married,Day,Office,Supportive,1,0,0,1,0,0,0
1415,60,6,57075.0,6,11,80.0,9,54,14,1,5,4,14,2,14,Engineering,Manager,Bachelor,Male,Divorced,Day,Office,Hands-off,0,0,0,1,0,0,0
1416,22,11,67097.0,3,32,19.0,7,66,26,2,1,3,4,5,5,Engineering,Associate,Master,Female,Divorced,Day,Office,Balanced,0,1,0,1,0,0,0
1417,48,2,65283.0,17,49,32.0,15,53,13,4,4,1,18,7,5,Sales,Engineer,Bachelor,Female,Married,Day,Remote,,0,0,0,0,1,0,0
1418,47,12,63144.0,6,27,38.0,6,37,0,4,2,6,14,0,9,Research,Associate,PhD,Female,Divorced,Flexible,Office,Balanced,0,0,0,0,0,0,0
1419,26,5,55967.0,2,10,49.0,14,38,0,4,4,1,10,7,2,Marketing,Engineer,PhD,Other,Divorced,Day,Hybrid,,0,0,0,0,1,1,0
1420,54,2,49681.0,7,20,46.0,8,47,7,1,3,2,1,4,1,Finance,Engineer,PhD,Male,Married,Day,Hybrid,Micromanager,1,0,0,0,0,0,0
1421,21,8,58150.0,8,7,35.0,6,67,27,2,2,2,4,0,4,Research,Engineer,Bachelor,Female,Divorced,Flexible,Office,Micromanager,1,0,0,0,0,0,1
1422,56,8,63324.0,15,12,19.0,7,37,0,5,2,6,10,7,4,Engineering,Associate,Bachelor,Female,Married,Night,Office,Micromanager,0,0,0,1,1,0,0
1423,23,18,97132.0,20,22,67.0,12,52,12,5,4,6,10,6,12,Engineering,Engineer,Master,Male,Single,Day,Hybrid,Supportive,0,0,0,1,0,0,0
1424,24,5,279260.0,10,44,23.0,12,70,30,2,1,4,2,10,12,Sales,Lead,Master,Male,Divorced,Night,Office,Supportive,1,0,0,1,0,0,1
1425,33,0,46272.0,9,21,32.0,9,66,26,1,2,5,2,6,2,Marketing,Engineer,Bachelor,Other,Single,Day,Remote,Balanced,1,0,0,1,0,0,0
1426,42,11,89039.0,11,37,6.0,10,53,13,5,1,5,20,6,1,Marketing,Executive,High School,Male,Single,Day,Remote,Supportive,1,1,0,1,1,0,0
1427,60,5,42948.0,2,50,41.0,14,43,3,5,3,1,9,6,0,Legal,Lead,Master,Female,Married,Flexible,Office,Supportive,1,0,0,0,0,0,0
1428,57,8,83100.0,5,7,59.0,7,54,14,3,3,3,6,5,3,Operations,Lead,PhD,Male,Single,Day,Office,Supportive,1,0,0,1,0,1,0
1429,37,6,44481.0,17,15,55.0,10,51,11,2,1,2,8,8,5,Finance,Manager,Bachelor,Male,Single,Day,Remote,Balanced,1,0,0,0,0,1,0
1430,59,7,61185.0,20,31,62.0,3,62,22,2,5,0,10,1,4,Operations,Manager,Master,Other,Divorced,Day,Hybrid,Balanced,0,0,0,0,0,1,0
1431,21,19,92505.0,8,1,14.0,13,44,4,5,2,0,5,8,14,Engineering,Executive,Bachelor,Female,Divorced,Day,Office,Supportive,0,0,0,0,0,0,0
1432,55,13,61527.0,12,17,9.0,3,33,0,1,5,2,5,0,2,Engineering,Lead,Bachelor,Male,Divorced,Day,Office,Balanced,1,1,0,0,0,1,0
1433,41,7,55661.0,3,26,59.0,7,70,30,2,4,7,18,6,12,Operations,Executive,Bachelor,Male,Single,Day,Hybrid,Supportive,0,0,0,0,0,0,0
1434,40,4,37966.0,16,52,3.0,15,47,7,4,2,7,10,7,12,Finance,Executive,Master,Female,Married,Flexible,Office,Micromanager,0,1,0,1,0,0,0
1435,59,7,65960.0,3,3,9.0,11,54,14,4,2,2,18,2,1,Operations,Associate,Bachelor,Male,Married,Day,Hybrid,Micromanager,0,0,0,0,0,0,1
1436,26,19,87676.0,11,24,50.0,12,51,11,2,2,6,14,3,5,Sales,Engineer,Bachelor,Male,Divorced,Day,Hybrid,Balanced,1,0,0,0,0,0,0
1437,49,14,91418.0,9,52,37.0,3,54,14,5,1,1,8,1,8,,Engineer,Bachelor,Female,Single,Day,Office,Supportive,1,0,0,0,0,0,0
1438,41,9,69725.0,13,25,69.0,9,57,17,4,1,5,3,8,12,Marketing,Lead,Bachelor,Female,Single,Flexible,Hybrid,Balanced,0,0,0,1,0,1,0
1439,37,3,61624.0,3,17,46.0,6,46,6,5,1,1,2,10,0,HR,Lead,Master,Male,Divorced,Day,Hybrid,Balanced,1,0,0,0,0,0,0
1440,46,13,79545.0,6,18,20.0,4,37,0,3,4,1,20,2,3,Finance,Manager,Master,Male,Divorced,Day,Remote,Balanced,1,1,0,1,0,0,0
1441,51,12,77285.0,4,12,1.0,10,36,0,3,2,5,6,5,9,Legal,Analyst,Master,Male,Married,Day,Hybrid,Balanced,0,1,0,0,0,1,0
1442,23,5,42825.0,12,48,38.0,2,32,0,2,1,4,8,10,14,Engineering,Manager,Master,Male,Single,Day,Hybrid,Micromanager,0,0,0,0,0,1,0
1443,46,15,84616.0,5,47,58.0,3,50,10,5,5,6,2,3,13,Marketing,Engineer,Master,Female,Divorced,Day,Hybrid,Balanced,0,0,0,0,0,1,0
1444,54,16,84412.0,10,29,33.0,12,66,26,2,1,7,12,4,4,Engineering,Executive,Bachelor,Male,Single,Flexible,Office,Balanced,0,0,0,0,1,1,1
1445,42,8,56299.0,9,23,4.0,7,55,15,4,3,2,5,1,13,Legal,Engineer,High School,Female,Married,Flexible,Office,Supportive,1,1,0,0,0,0,0
1446,38,11,,16,51,16.0,4,58,18,1,1,2,11,10,12,Operations,Lead,Master,Male,Married,Day,Hybrid,Supportive,1,1,1,0,0,1,0
1447,22,4,44281.0,17,22,58.0,8,55,15,5,4,5,2,10,3,,Analyst,Bachelor,Male,Married,Day,Office,Balanced,0,0,0,0,1,0,0
1448,56,6,49654.0,1,1,,10,39,0,1,5,0,8,3,8,Engineering,Associate,Master,Male,Divorced,Day,Remote,Hands-off,1,0,0,0,1,0,0
1449,49,9,55524.0,1,24,42.0,6,37,0,1,2,2,18,8,13,Sales,Manager,Master,Male,Single,Flexible,Hybrid,Hands-off,0,0,0,0,0,0,0
1450,27,18,69914.0,6,42,71.0,5,56,16,5,3,0,12,7,12,Finance,Lead,PhD,Male,Married,Day,Remote,Balanced,0,0,0,0,0,0,0
1451,28,3,63314.0,17,16,59.0,2,42,2,1,3,0,1,2,5,Finance,Lead,Master,Male,Divorced,Day,Office,Balanced,1,0,0,1,0,0,0
1452,24,11,79584.0,2,24,30.0,11,32,0,3,5,0,5,10,1,Sales,Executive,Master,Female,Married,Day,Hybrid,Supportive,1,0,0,1,0,0,0
1453,46,12,72971.0,16,52,61.0,6,67,27,5,2,2,15,1,1,HR,Engineer,High School,Female,Divorced,Night,Office,Supportive,0,1,0,1,0,0,0
1454,51,10,68245.0,14,58,48.0,15,52,12,1,4,3,3,4,15,Engineering,Manager,Bachelor,Male,Single,Day,Office,Balanced,1,0,1,0,0,0,0
1455,24,13,74983.0,2,18,42.0,12,43,3,1,4,1,12,7,7,Sales,Manager,Bachelor,Male,Married,Day,Office,Balanced,0,0,0,0,0,0,0
1456,43,20,101378.0,12,21,7.0,9,62,22,2,4,6,17,8,8,,Analyst,High School,Female,Married,Night,Hybrid,Hands-off,0,1,0,0,0,0,1
1457,60,14,81340.0,8,34,63.0,10,66,26,5,1,5,9,9,9,Sales,Engineer,High School,Female,Divorced,Day,Hybrid,Micromanager,0,0,0,1,0,0,0
1458,25,14,49741.0,19,24,43.0,4,61,21,3,4,2,5,0,1,Engineering,Manager,Bachelor,Female,Divorced,Day,Office,Balanced,0,0,0,0,0,0,1
1459,43,8,47256.0,17,34,41.0,3,48,8,2,2,2,8,10,14,Engineering,Manager,Bachelor,Female,Divorced,Day,Hybrid,Balanced,1,0,0,0,0,0,0
1460,39,0,33861.0,18,36,76.0,11,43,3,3,3,4,10,8,5,,Engineer,High School,Male,Single,Day,Remote,Hands-off,0,0,1,0,0,0,0
1461,21,15,90665.0,5,38,13.0,15,66,26,3,1,3,9,0,4,Sales,Associate,Master,Male,Married,Flexible,Hybrid,Balanced,1,1,1,0,0,0,0
1462,58,16,88548.0,10,10,26.0,8,33,0,5,5,5,12,9,2,Sales,Executive,Master,Female,Married,Day,Office,Balanced,1,0,0,1,0,0,0
1463,41,10,69029.0,3,14,74.0,4,55,15,3,1,4,5,8,3,Finance,Engineer,Bachelor,Female,Married,Flexible,Office,Supportive,0,0,0,1,1,0,0
1464,46,9,86313.0,13,5,56.0,6,40,0,5,4,7,17,10,3,Engineering,Analyst,Master,Male,Divorced,Night,Hybrid,Balanced,0,1,0,1,1,0,0
1465,39,7,71894.0,4,26,51.0,2,62,22,4,1,2,6,2,14,Research,Engineer,Master,Female,Divorced,Day,Office,Balanced,0,0,0,1,0,1,0
1466,36,1,28465.0,1,49,53.0,11,51,11,4,5,1,9,10,2,Engineering,Associate,Bachelor,Female,Single,Night,Office,Micromanager,0,0,0,1,1,0,0
1467,53,2,78269.0,2,7,13.0,2,59,19,5,3,4,1,6,12,HR,Executive,High School,Female,Divorced,Flexible,Remote,Balanced,1,0,0,1,1,0,0
1468,37,5,40174.0,15,34,17.0,11,41,1,5,2,5,17,5,5,Engineering,Analyst,Master,Female,Married,Day,Hybrid,Balanced,0,0,0,1,1,1,0
1469,51,15,52446.0,6,27,1.0,12,30,0,2,3,4,17,5,5,Engineering,Lead,Bachelor,Female,Married,Night,Hybrid,Balanced,1,0,0,1,1,1,0
1470,48,8,,4,53,47.0,3,70,30,1,4,7,2,6,6,Finance,Associate,Bachelor,Male,Married,Day,Office,Supportive,0,0,0,1,1,0,1
1471,50,13,,3,34,0.0,13,37,0,4,2,3,12,4,8,Engineering,Executive,Bachelor,Female,Single,Day,Office,,1,0,0,0,0,0,1
1472,44,14,61945.0,14,5,48.0,6,51,11,3,5,1,14,1,10,Engineering,Analyst,Master,Male,Single,Day,Remote,Supportive,1,1,0,1,0,0,0
1473,22,3,66556.0,5,52,64.0,13,32,0,4,5,4,9,9,2,Legal,Manager,Master,Male,Single,Night,Hybrid,Micromanager,1,0,0,0,0,0,0
1474,56,12,71206.0,12,58,33.0,10,57,17,3,2,2,18,0,2,HR,Manager,Bachelor,Female,Single,Day,Office,Supportive,1,0,0,1,1,1,0
1475,27,3,62396.0,6,17,32.0,2,47,7,1,5,0,6,9,1,Marketing,Manager,PhD,Male,Divorced,Night,Office,Micromanager,1,0,1,0,0,0,1
1476,36,19,106289.0,14,22,41.0,2,33,0,2,3,1,13,7,4,Finance,Associate,Bachelor,Female,Single,Day,Hybrid,Balanced,0,0,0,1,0,0,0
1477,52,13,66067.0,4,31,78.0,12,46,6,5,5,2,9,1,0,Engineering,Analyst,High School,Male,Divorced,Day,Office,Balanced,1,0,0,1,0,0,0
1478,52,6,80807.0,20,58,60.0,7,56,16,4,3,4,18,4,5,Engineering,Manager,Bachelor,Male,Married,Day,Office,Balanced,1,0,0,0,0,0,0
1479,49,3,51354.0,14,43,60.0,10,32,0,3,1,1,16,6,0,Engineering,Executive,High School,Female,Divorced,Day,Office,Micromanager,1,0,0,1,0,0,1
1480,21,0,61205.0,20,46,,2,31,0,4,4,1,14,10,11,Sales,Executive,Master,Male,Divorced,Day,Office,Supportive,0,1,0,1,0,0,0
1481,22,2,32745.0,14,43,21.0,2,47,7,3,2,3,13,6,14,HR,Lead,High School,Male,Single,Day,Office,Micromanager,1,0,0,0,0,0,0
1482,46,15,86061.0,20,28,44.0,4,33,0,4,2,4,12,3,13,Research,Analyst,Bachelor,Female,Divorced,Flexible,Office,Balanced,0,0,0,1,1,1,0
1483,46,11,58938.0,10,23,73.0,6,40,0,2,1,3,3,4,13,Sales,Engineer,PhD,Male,Single,Day,Hybrid,Balanced,1,1,0,0,0,0,0
1484,28,13,84424.0,5,24,21.0,15,49,9,3,4,5,8,7,14,Operations,Lead,High School,Male,Single,Day,Office,Supportive,1,0,0,1,1,1,0
1485,39,7,64781.0,12,42,5.0,1,59,19,3,4,0,15,4,14,Sales,Analyst,Bachelor,Male,Married,Flexible,Hybrid,Supportive,1,1,1,1,0,0,0
1486,43,17,67401.0,18,17,7.0,2,36,0,3,3,1,18,7,11,Engineering,Analyst,Bachelor,Male,Single,Flexible,Remote,Hands-off,1,0,0,1,1,0,0
1487,56,19,122081.0,12,27,49.0,5,54,14,4,3,0,8,0,7,,Engineer,High School,Male,Married,Day,Hybrid,Balanced,1,1,0,0,0,1,0
1488,55,7,75772.0,3,27,15.0,2,36,0,3,3,7,19,5,7,Operations,Associate,Master,Female,Single,Day,Office,Supportive,1,0,0,0,1,0,0
1489,24,19,86717.0,4,21,20.0,12,45,5,1,2,3,17,0,12,Engineering,Executive,High School,Male,Married,Day,Hybrid,Supportive,1,0,0,0,1,1,0
1490,28,9,67519.0,10,41,57.0,1,32,0,1,4,1,17,0,13,Engineering,Associate,Bachelor,Female,Divorced,Day,Office,Balanced,1,0,0,0,0,0,0
1491,39,19,88654.0,5,11,18.0,3,69,29,2,5,5,0,3,0,Finance,Associate,Bachelor,Female,Married,Day,Office,Supportive,0,0,0,0,0,1,1
1492,56,16,66433.0,13,29,16.0,1,49,9,1,2,0,0,9,11,Research,Analyst,Bachelor,Male,Married,Day,Hybrid,Micromanager,0,0,0,0,1,1,0
1493,38,0,58024.0,9,16,5.0,9,69,29,2,2,4,19,5,1,Operations,Executive,High School,Female,Single,Night,Remote,Balanced,0,1,0,0,1,0,0
1494,34,12,88609.0,14,15,44.0,4,65,25,5,3,3,19,3,6,Sales,Analyst,High School,Male,Married,Day,Hybrid,Micromanager,0,0,0,0,1,0,0
1495,59,18,,19,49,48.0,8,39,0,4,1,5,11,10,9,Engineering,Lead,Master,Male,Divorced,Day,Office,Balanced,0,0,0,0,0,0,0
1496,56,18,112951.0,19,10,14.0,13,47,7,5,1,5,16,8,15,Engineering,Associate,PhD,Female,Single,Day,Office,Micromanager,0,0,0,1,1,1,0
1497,50,1,38547.0,5,10,8.0,12,61,21,5,3,2,9,10,15,Marketing,Executive,Bachelor,Female,Divorced,Day,Office,Supportive,0,0,0,1,1,0,0
1498,30,4,48054.0,8,39,61.0,9,67,27,3,1,2,10,1,1,Engineering,Associate,Bachelor,Male,Married,Day,Hybrid,Micromanager,0,0,0,1,0,0,0
1499,52,3,35962.0,13,13,65.0,6,68,28,4,4,1,10,10,4,Operations,Engineer,Bachelor,Male,Married,Day,Office,Balanced,0,0,0,0,0,0,0
1500,33,4,65400.0,10,29,4.0,4,66,26,2,5,1,0,3,6,Finance,Analyst,PhD,Female,Married,Flexible,Office,Micromanager,0,0,0,0,0,0,0
1501,27,18,105281.0,10,45,33.0,3,40,0,1,1,7,12,7,1,Research,Manager,Bachelor,Female,Divorced,Day,Office,Balanced,0,0,0,1,0,0,0
1502,29,1,52676.0,4,20,58.0,1,54,14,3,2,7,19,10,12,Operations,Associate,Bachelor,Male,Single,Flexible,Hybrid,Balanced,0,0,0,1,0,0,0
1503,59,15,74181.0,12,33,70.0,10,51,11,3,1,0,7,9,3,Engineering,Associate,Bachelor,Male,Married,Night,Hybrid,Balanced,0,0,1,0,0,0,0
1504,31,14,69546.0,0,41,64.0,10,46,6,2,2,5,16,3,15,Engineering,Associate,Master,Male,Divorced,Night,Office,Hands-off,1,1,0,1,0,0,0
1505,46,3,50513.0,13,28,54.0,11,51,11,5,3,7,12,9,2,Engineering,Manager,High School,Male,Single,Flexible,Office,Supportive,0,0,0,1,0,0,0
1506,43,9,64234.0,5,6,20.0,5,58,18,3,5,5,2,4,14,Operations,Lead,Bachelor,Male,Divorced,Day,Office,Balanced,0,0,0,1,0,0,0
1507,35,6,52323.0,20,48,42.0,2,57,17,2,1,6,11,2,5,Research,Associate,High School,Female,Married,Flexible,Office,Micromanager,1,0,0,0,0,0,0
1508,50,2,48948.0,9,12,61.0,11,58,18,2,1,4,7,8,8,Marketing,Executive,High School,Female,Divorced,Flexible,Hybrid,Supportive,0,0,0,0,0,0,0
1509,49,19,71213.0,2,36,,4,61,21,4,1,4,6,3,7,Finance,Executive,Master,Male,Married,Day,Hybrid,Supportive,0,0,0,1,0,0,0
1510,49,0,37903.0,16,27,71.0,10,35,0,1,2,0,3,2,0,Engineering,Analyst,Bachelor,Male,Divorced,Day,Hybrid,Hands-off,0,0,0,0,0,1,0
1511,46,9,63316.0,6,35,10.0,9,52,12,4,4,0,19,9,1,Sales,Associate,Master,Female,Married,Day,Office,Balanced,0,0,0,0,0,1,0
1512,45,9,76926.0,2,21,5.0,5,37,0,5,2,6,18,4,3,Operations,Associate,Master,Other,Married,Flexible,Office,Hands-off,1,0,0,1,0,1,0
1513,43,0,43123.0,20,56,59.0,7,64,24,5,2,6,11,4,2,Marketing,Executive,Bachelor,Male,Divorced,Day,Remote,Supportive,1,0,0,1,0,0,0
1514,50,1,45704.0,12,22,5.0,9,53,13,5,5,6,2,6,12,Operations,Lead,Master,Female,Divorced,Day,Office,Micromanager,0,0,0,1,0,0,0
1515,25,3,54840.0,9,5,13.0,8,57,17,5,5,2,7,3,13,Marketing,Manager,Master,Female,Married,Night,Hybrid,Micromanager,1,0,0,1,1,1,0
1516,54,16,86009.0,15,19,54.0,14,35,0,1,1,6,5,8,12,,Executive,Master,Female,Married,Day,Office,Hands-off,0,0,1,0,1,1,1
1517,44,3,59951.0,13,33,80.0,6,61,21,3,3,6,12,7,6,Sales,Associate,Master,Male,Divorced,Night,Hybrid,Supportive,0,0,0,0,0,0,0
1518,37,0,31831.0,4,15,0.0,1,67,27,3,2,1,11,6,14,Engineering,Analyst,Bachelor,Female,Divorced,Day,Office,Supportive,0,0,0,1,0,1,0
1519,30,19,98305.0,20,58,45.0,11,32,0,1,2,1,7,3,15,Sales,Manager,PhD,Other,Single,Night,Office,Supportive,0,0,0,0,0,0,0
1520,52,6,54261.0,9,12,54.0,12,69,29,3,4,4,11,6,4,HR,Executive,Bachelor,Female,Divorced,Flexible,Office,Balanced,0,0,0,0,1,1,0
1521,57,20,96630.0,19,34,71.0,4,59,19,5,5,5,11,6,10,Engineering,Associate,Master,Female,Divorced,Flexible,Office,Supportive,0,0,0,0,0,0,0
1522,25,15,79660.0,8,53,47.0,9,41,1,2,4,0,17,1,9,Sales,Manager,Bachelor,Male,Divorced,Night,Hybrid,Balanced,0,0,0,1,1,0,1
1523,54,2,29597.0,0,9,6.0,11,32,0,5,1,1,18,10,1,Sales,Lead,Bachelor,Female,Married,Day,Hybrid,Supportive,1,0,0,0,0,0,0
1524,50,12,80437.0,16,53,19.0,6,60,20,3,3,5,1,9,12,Sales,Executive,High School,Male,Single,Flexible,Office,Hands-off,0,0,0,1,0,0,0
1525,60,8,70281.0,2,3,12.0,4,66,26,2,5,6,16,8,3,Operations,Lead,Master,Male,Married,Day,Hybrid,Balanced,1,0,1,0,0,1,0
1526,33,13,94831.0,11,55,27.0,6,49,9,3,3,5,14,4,13,Sales,Executive,Master,Male,Married,Day,Remote,Hands-off,0,0,0,0,0,1,0
1527,31,17,111427.0,15,10,33.0,1,39,0,2,4,1,9,8,1,Finance,Engineer,High School,Male,Married,Day,Office,Hands-off,0,0,0,1,0,0,0
1528,22,9,69392.0,18,28,46.0,8,52,12,5,4,6,12,6,4,Sales,Executive,Bachelor,Male,Married,Flexible,Office,Micromanager,1,0,0,0,0,0,0
1529,39,3,53210.0,3,46,58.0,14,70,30,3,3,6,20,9,15,Marketing,Analyst,Master,Male,Married,Night,Office,Balanced,1,0,0,1,1,0,0
1530,58,17,63732.0,14,48,76.0,2,49,9,4,5,5,7,5,13,Engineering,Executive,Bachelor,Female,Divorced,Flexible,Office,Hands-off,1,0,0,0,0,0,0
1531,54,12,54778.0,2,24,25.0,8,66,26,2,2,3,3,7,1,Operations,Executive,Bachelor,Male,Married,Day,Hybrid,Supportive,0,0,0,1,0,0,0
1532,45,16,73022.0,18,37,66.0,8,47,7,1,2,4,10,8,9,,Analyst,Bachelor,Female,Single,Day,Office,Balanced,0,0,0,0,0,0,1
1533,22,11,92308.0,6,33,16.0,15,37,0,2,1,7,9,1,3,Sales,Analyst,Bachelor,Male,Divorced,Day,Office,Supportive,0,0,0,0,1,1,0
1534,57,5,50921.0,11,24,78.0,8,41,1,1,3,3,4,8,5,Engineering,Lead,Master,Female,Married,Day,Office,Balanced,0,0,0,0,1,1,0
1535,28,20,94604.0,4,32,57.0,8,56,16,2,5,0,17,6,9,Finance,Associate,Master,Male,Married,Night,Office,Micromanager,1,0,0,1,0,0,0
1536,40,9,60900.0,13,47,73.0,6,61,21,2,2,4,8,2,2,Sales,Analyst,Bachelor,Female,Single,Day,Hybrid,,0,0,0,0,0,1,1
1537,25,12,72834.0,18,16,15.0,10,32,0,2,4,6,8,2,7,Marketing,Analyst,Bachelor,Male,Married,Night,Office,Supportive,1,0,0,0,0,0,0
1538,49,12,88828.0,0,29,49.0,5,30,0,4,5,4,15,6,1,Legal,Engineer,Bachelor,Male,Married,Day,Remote,Balanced,0,0,0,0,0,0,0
1539,59,12,76701.0,20,26,3.0,12,37,0,2,1,2,12,5,10,Engineering,Manager,Bachelor,Male,Single,Day,Office,Balanced,1,0,1,0,0,0,0
1540,43,18,,16,27,62.0,7,33,0,1,4,1,19,7,7,Marketing,Associate,Master,Female,Divorced,Flexible,Office,Hands-off,1,0,0,0,0,0,0
1541,35,6,65867.0,2,39,21.0,5,70,30,4,3,4,18,1,0,Legal,Manager,High School,Male,Single,Day,Office,Micromanager,0,0,0,0,1,1,0
1542,54,15,78938.0,15,54,30.0,7,56,16,5,1,5,20,10,10,,Associate,Master,Female,Divorced,Day,Remote,Balanced,1,0,0,1,1,0,0
1543,40,7,47008.0,5,2,73.0,10,38,0,3,2,3,7,8,9,Research,Engineer,Bachelor,Female,Divorced,Day,Hybrid,Balanced,0,1,0,0,1,0,0
1544,24,6,62016.0,19,11,1.0,7,70,30,2,5,0,20,2,3,Sales,Executive,Bachelor,Male,Single,Day,Office,Hands-off,1,0,0,1,0,0,1
1545,54,12,73570.0,1,43,71.0,6,47,7,5,3,7,5,8,5,Marketing,Lead,Bachelor,Female,Single,Day,Office,Supportive,0,0,0,1,0,0,0
1546,50,16,77433.0,18,29,65.0,12,37,0,1,2,5,2,9,7,Marketing,Engineer,Bachelor,Male,Divorced,Flexible,Hybrid,Supportive,0,0,0,0,0,0,0
1547,32,18,101830.0,17,40,26.0,13,37,0,3,3,4,6,1,7,Sales,Engineer,Master,Female,Divorced,Day,Office,Micromanager,1,0,0,0,0,0,0
1548,53,7,55290.0,10,33,,1,65,25,2,4,2,0,9,12,Finance,Analyst,High School,Male,Divorced,Day,Office,Balanced,0,0,0,0,0,0,0
1549,44,14,83668.0,9,10,,6,59,19,4,1,0,2,9,1,Marketing,Lead,Bachelor,Female,Married,Night,Hybrid,Supportive,1,0,0,0,0,1,0
1550,27,17,80324.0,7,27,13.0,2,30,0,4,5,0,18,6,6,,Manager,Bachelor,Male,Divorced,Day,Office,Supportive,1,0,0,0,1,0,0
1551,45,18,71256.0,5,56,72.0,4,30,0,2,3,5,15,3,5,Sales,Executive,Bachelor,Male,Divorced,Day,Office,Balanced,1,0,1,0,0,0,1
1552,48,11,83453.0,16,13,32.0,15,48,8,1,1,6,1,3,6,Engineering,Analyst,Bachelor,Female,Divorced,Night,Hybrid,Balanced,1,0,0,0,0,1,0
1553,56,3,48936.0,17,57,63.0,14,54,14,5,2,4,7,5,4,HR,Associate,Bachelor,Male,Divorced,Night,Hybrid,Balanced,0,0,0,1,1,0,0
1554,39,19,101099.0,9,44,0.0,4,69,29,1,2,5,13,2,15,Finance,Executive,Master,Male,Single,Day,Office,Hands-off,1,0,1,0,0,1,0
1555,56,14,75165.0,17,14,12.0,9,60,20,5,3,7,12,8,0,Sales,Associate,PhD,Male,Single,Day,Hybrid,,0,0,0,1,0,0,0
1556,25,5,66699.0,18,43,41.0,13,54,14,2,1,0,7,7,6,Engineering,Analyst,Master,Male,Single,Day,Office,Balanced,0,0,0,1,1,0,0
1557,49,1,,4,50,20.0,3,55,15,1,5,2,8,9,7,Engineering,Executive,Bachelor,Male,Single,Day,Hybrid,Supportive,0,0,0,0,0,0,0
1558,46,15,101373.0,14,46,28.0,2,39,0,4,2,4,12,6,9,HR,Lead,Bachelor,Female,Married,Day,Hybrid,Balanced,0,1,0,1,0,0,0
1559,30,18,91473.0,1,60,10.0,4,52,12,5,3,0,9,7,5,Engineering,Lead,Bachelor,Male,Single,Day,Office,Micromanager,0,0,0,1,0,0,0
1560,22,19,85696.0,4,34,4.0,11,37,0,1,5,5,4,3,2,HR,Engineer,Master,Male,Married,Day,Office,Hands-off,1,0,0,1,1,0,0
1561,33,19,96352.0,4,35,37.0,8,56,16,2,2,3,1,10,9,Finance,Executive,Master,Male,Married,Day,Hybrid,Micromanager,1,0,0,0,0,1,0
1562,22,15,80727.0,7,58,0.0,2,70,30,2,4,4,20,2,7,Research,Executive,High School,Female,Married,Night,Remote,Supportive,1,1,0,0,1,0,0
1563,24,6,58707.0,18,18,27.0,15,46,6,1,5,7,20,0,8,Finance,Associate,Bachelor,Male,Divorced,Day,Office,Balanced,0,0,0,0,0,0,0
1564,24,14,,15,43,2.0,12,41,1,3,5,4,20,9,9,Finance,Manager,Master,Male,Single,Flexible,Hybrid,Balanced,1,0,1,1,0,0,0
1565,42,3,52382.0,13,51,10.0,9,42,2,1,2,6,19,1,7,Operations,Engineer,Master,Male,Divorced,Day,Hybrid,Balanced,1,0,1,0,0,1,0
1566,56,1,52664.0,18,28,44.0,12,50,10,5,2,7,2,0,12,Marketing,Manager,Master,Female,Divorced,Day,Office,Supportive,0,0,1,0,0,1,0
1567,43,15,67117.0,17,10,1.0,1,60,20,1,3,7,0,3,12,Marketing,Engineer,Bachelor,Male,Divorced,Day,Hybrid,Hands-off,0,1,0,0,0,1,0
1568,34,18,106932.0,9,35,51.0,11,56,16,3,4,6,4,10,14,Engineering,Executive,Master,Male,Divorced,Night,Office,Balanced,0,0,0,0,0,1,0
1569,49,12,95581.0,6,41,47.0,15,54,14,3,5,6,10,7,4,Finance,Associate,Bachelor,Female,Married,Day,Remote,Balanced,1,0,0,0,0,0,1
1570,25,16,83166.0,6,6,78.0,9,39,0,2,4,3,8,0,0,Engineering,Manager,Bachelor,Male,Single,Night,Office,Balanced,1,0,0,0,1,1,0
1571,39,3,61978.0,3,24,80.0,12,55,15,2,3,4,4,1,10,Engineering,Associate,Bachelor,Female,Married,Day,Office,Balanced,0,0,0,1,0,0,0
1572,24,16,86648.0,16,19,50.0,10,53,13,4,4,3,13,5,8,Research,Analyst,High School,Female,Single,Day,Office,Balanced,1,1,0,0,0,1,0
1573,55,4,42462.0,6,2,55.0,1,69,29,4,1,0,4,7,3,Marketing,Engineer,High School,Female,Married,Day,Office,Balanced,0,0,0,0,0,0,0
1574,23,19,92927.0,8,53,51.0,13,62,22,5,5,6,5,3,9,Research,Associate,Bachelor,Female,Single,Night,Office,Supportive,1,0,0,0,0,0,0
1575,52,4,60702.0,2,28,67.0,2,64,24,4,3,1,0,9,1,Finance,Engineer,Bachelor,Female,Divorced,Day,Office,Micromanager,0,0,0,1,0,0,0
1576,48,17,98310.0,2,50,78.0,1,32,0,2,1,1,8,7,5,Sales,Analyst,PhD,Female,Single,Night,Office,Micromanager,1,0,0,1,0,0,0
1577,23,11,72821.0,19,46,4.0,11,38,0,5,1,3,0,0,3,Marketing,Associate,Master,Male,Married,Day,Hybrid,Micromanager,1,0,0,0,0,0,0
1578,34,8,72409.0,19,16,57.0,1,46,6,2,2,5,10,2,13,Marketing,Engineer,Bachelor,Female,Married,Day,Office,,0,0,0,1,0,0,0
1579,58,16,52156.0,13,19,49.0,8,61,21,1,1,0,13,2,11,Engineering,Analyst,Bachelor,Female,Single,Day,Hybrid,Micromanager,1,0,1,0,0,0,1
1580,27,13,68872.0,3,21,,2,52,12,2,2,7,19,0,6,Research,Analyst,PhD,Female,Married,Night,Hybrid,Balanced,1,0,0,1,0,0,0
1581,49,16,76885.0,15,51,79.0,11,43,3,5,2,7,16,8,13,Marketing,Manager,High School,Male,Single,Day,Hybrid,Balanced,0,0,0,0,1,0,0
1582,52,20,116027.0,1,25,55.0,14,66,26,1,1,4,3,4,8,Legal,Executive,Bachelor,Male,Divorced,Day,Hybrid,Micromanager,0,1,0,0,1,0,0
1583,47,9,59154.0,17,11,43.0,14,69,29,4,2,5,5,9,2,Sales,Engineer,Bachelor,Male,Divorced,Night,Remote,Hands-off,0,0,0,0,0,1,0
1584,55,18,101226.0,2,51,50.0,7,58,18,5,4,5,13,7,1,Finance,Executive,PhD,Female,Divorced,Night,Office,Micromanager,1,0,0,0,0,1,1
1585,30,20,76716.0,8,38,12.0,5,54,14,2,5,5,9,8,4,Marketing,Executive,Bachelor,Female,Single,Day,Office,Micromanager,0,0,0,0,0,0,0
1586,36,6,62606.0,2,10,79.0,5,41,1,1,1,7,6,10,0,Engineering,Lead,Bachelor,Male,Married,Day,Remote,Hands-off,1,0,0,1,0,0,0
1587,34,11,68785.0,6,41,22.0,8,57,17,2,5,6,6,7,11,Research,Analyst,Master,Female,Single,Day,Hybrid,Balanced,1,0,0,0,0,1,0
1588,57,16,75403.0,17,27,0.0,14,43,3,1,4,6,6,7,11,Sales,Associate,Master,Female,Married,Day,Office,Hands-off,0,0,0,1,0,0,0
1589,49,1,57906.0,3,55,24.0,9,62,22,2,1,5,15,4,10,Research,Engineer,Master,Male,Married,Night,Hybrid,Supportive,0,0,0,1,0,0,0
1590,52,17,95866.0,9,55,72.0,9,54,14,1,1,7,5,4,6,Engineering,Associate,Master,Male,Single,Day,Hybrid,Micromanager,0,1,0,0,1,1,0
1591,48,7,50687.0,5,21,60.0,7,43,3,1,3,5,8,9,3,Engineering,Lead,Master,Female,Married,Day,Office,Hands-off,0,0,0,0,0,0,0
1592,58,11,62806.0,11,38,67.0,10,42,2,4,5,2,10,10,9,Research,Manager,High School,Male,Single,Night,Remote,Balanced,1,1,0,1,0,0,0
1593,31,8,73185.0,5,20,73.0,10,60,20,2,2,0,20,4,2,HR,Manager,Bachelor,Male,Divorced,Day,Hybrid,Balanced,0,0,0,0,0,0,0
1594,59,0,47171.0,9,47,60.0,14,33,0,4,5,0,14,8,2,Engineering,Manager,Master,Male,Married,Day,Hybrid,Balanced,1,0,0,0,1,0,0
1595,36,4,31413.0,20,51,,12,56,16,2,2,3,12,6,2,Engineering,Analyst,Bachelor,Male,Divorced,Day,Hybrid,Supportive,0,0,0,1,1,1,0
1596,50,18,84158.0,3,42,3.0,4,34,0,3,2,7,8,5,11,Engineering,Manager,Bachelor,Male,Married,Night,Remote,Balanced,0,0,0,1,0,1,0
1597,34,10,52320.0,15,44,1.0,7,50,10,2,4,0,2,2,12,Engineering,Associate,Master,Female,Divorced,Day,Hybrid,Supportive,1,0,0,1,1,0,0
1598,40,0,30260.0,20,7,8.0,6,31,0,5,3,3,5,10,4,Finance,Associate,Master,Male,Married,Flexible,Remote,Micromanager,1,0,0,1,0,1,0
1599,29,6,32936.0,2,44,77.0,14,38,0,4,1,3,14,6,3,HR,Manager,High School,Female,Divorced,Day,Office,Balanced,1,0,0,0,0,0,0
1600,41,0,41103.0,7,60,40.0,1,33,0,5,2,0,18,6,15,Sales,Associate,Bachelor,Female,Single,Night,Hybrid,Hands-off,0,1,0,0,0,0,0
1601,56,14,86238.0,1,23,57.0,3,57,17,2,1,1,4,8,3,Operations,Lead,High School,Male,Divorced,Day,Office,Supportive,0,0,0,1,0,0,0
1602,49,8,72567.0,8,23,,13,30,0,4,2,5,11,3,1,,Lead,Bachelor,Female,Divorced,Day,Office,Balanced,1,0,0,0,0,0,0
1603,30,7,67797.0,17,14,44.0,13,44,4,3,5,3,18,7,13,HR,Associate,Bachelor,Female,Divorced,Flexible,Office,,0,0,0,0,0,0,1
1604,39,19,84425.0,20,3,39.0,5,52,12,5,1,2,18,9,9,Operations,Manager,Bachelor,Female,Married,Night,Remote,Balanced,0,0,0,0,0,0,0
1605,56,19,91890.0,3,56,10.0,3,56,16,4,2,5,5,1,6,Marketing,Executive,Bachelor,Male,Divorced,Night,Hybrid,Hands-off,1,1,0,1,0,0,0
1606,30,5,55790.0,5,11,80.0,11,31,0,1,2,4,20,5,3,Operations,Analyst,High School,Male,Married,Day,Office,Balanced,0,0,0,0,0,0,0
1607,36,7,204700.0,12,11,18.0,7,46,6,5,5,5,17,1,8,Engineering,Engineer,Bachelor,Female,Divorced,Day,Remote,Micromanager,1,0,1,1,1,0,0
1608,31,16,84976.0,13,2,38.0,15,47,7,1,5,1,0,0,5,Research,Engineer,Master,Male,Divorced,Night,Office,Balanced,1,1,0,1,1,0,0
1609,42,17,82602.0,12,30,8.0,9,60,20,1,3,0,8,4,12,HR,Lead,Bachelor,Male,Married,Day,Remote,Micromanager,1,1,0,0,1,0,0
1610,26,14,70782.0,16,12,31.0,6,65,25,1,3,1,18,4,0,,Engineer,Master,Male,Married,Day,Office,Balanced,1,0,0,1,0,0,0
1611,38,13,68780.0,16,40,,1,69,29,5,4,4,14,6,14,Engineering,Lead,Bachelor,Female,Single,Day,Remote,Micromanager,0,0,0,0,0,0,0
1612,46,4,56666.0,4,56,26.0,5,37,0,1,5,2,20,2,14,Sales,Executive,High School,Female,Married,Night,Hybrid,Balanced,1,0,0,0,0,0,0
1613,30,11,,18,47,63.0,14,53,13,1,2,4,6,9,12,Operations,Analyst,Bachelor,Male,Married,Day,Hybrid,,1,0,0,0,0,1,0
1614,44,3,63124.0,8,40,15.0,11,66,26,5,3,1,11,8,0,Engineering,Manager,Bachelor,Male,Married,Day,Remote,Balanced,0,0,1,1,0,1,0
1615,50,14,105171.0,17,35,51.0,6,43,3,2,5,0,15,7,5,HR,Engineer,Bachelor,Female,Married,Night,Hybrid,Micromanager,1,0,0,0,0,0,0
1616,21,15,,9,15,68.0,11,46,6,1,1,1,5,9,9,Engineering,Engineer,Master,Male,Married,Day,Office,Balanced,0,0,0,1,1,0,0
1617,56,15,75273.0,17,21,72.0,11,48,8,1,1,4,17,5,2,Sales,Lead,Bachelor,Male,Divorced,Flexible,Hybrid,Balanced,0,1,0,0,0,0,0
1618,21,18,85479.0,19,46,73.0,2,40,0,1,5,5,17,9,5,Finance,Lead,Bachelor,Male,Single,Day,Hybrid,Balanced,0,0,0,1,0,0,1
1619,21,2,56130.0,3,24,42.0,7,36,0,5,5,3,17,0,12,Sales,Associate,Bachelor,Other,Single,Day,Office,Micromanager,0,0,0,1,0,0,0
1620,47,17,82026.0,9,29,52.0,1,32,0,4,4,1,7,5,8,Research,Lead,High School,Male,Divorced,Day,Hybrid,Supportive,1,1,0,0,0,0,0
1621,59,2,47607.0,14,4,36.0,12,38,0,3,3,0,8,3,0,Engineering,Analyst,High School,Male,Single,Flexible,Hybrid,Hands-off,1,0,0,0,0,0,0
1622,55,12,39005.0,16,53,9.0,9,46,6,2,3,6,17,2,13,Engineering,Executive,Bachelor,Female,Married,Flexible,Remote,Balanced,1,0,0,0,0,1,1
1623,43,5,51147.0,13,18,20.0,11,54,14,4,3,5,7,8,13,,Associate,Master,Male,Divorced,Day,Office,Balanced,1,0,0,1,0,0,0
1624,27,2,36743.0,4,3,17.0,3,38,0,1,1,0,9,1,5,Operations,Engineer,Bachelor,Female,Married,Day,Office,Balanced,0,0,0,0,0,0,0
1625,41,0,36663.0,5,6,33.0,6,37,0,5,1,2,17,6,5,HR,Lead,Bachelor,Female,Single,Flexible,Office,Micromanager,1,0,0,0,0,0,0
1626,27,9,64594.0,4,48,50.0,12,39,0,5,5,1,2,3,12,Operations,Analyst,Bachelor,Female,Divorced,Night,Office,Supportive,0,0,0,1,0,0,0
1627,38,16,93092.0,1,39,,6,59,19,4,4,6,12,6,6,Engineering,Engineer,High School,Female,Single,Day,Hybrid,Balanced,1,0,0,1,0,0,0
1628,37,15,74336.0,1,5,61.0,5,42,2,5,3,7,0,10,6,Research,Manager,Master,Male,Single,Day,Office,Supportive,1,0,0,0,0,0,0
1629,48,18,87569.0,11,24,64.0,12,45,5,5,2,1,2,9,9,HR,Associate,PhD,Male,Married,Day,Hybrid,Micromanager,1,1,1,0,1,0,0
1630,31,8,73045.0,13,34,20.0,10,34,0,1,1,2,13,1,11,HR,Lead,Master,Female,Divorced,Day,Hybrid,Micromanager,1,0,1,1,0,0,0
1631,49,2,51220.0,5,28,9.0,12,31,0,3,1,7,2,7,14,Operations,Executive,Master,Female,Divorced,Day,Remote,Balanced,0,0,1,1,0,0,0
1632,48,3,57300.0,20,56,68.0,10,52,12,4,1,1,19,1,8,Engineering,Lead,Bachelor,Female,Married,Day,Office,Hands-off,1,0,0,1,0,0,0
1633,28,18,84056.0,18,18,50.0,7,30,0,3,4,2,2,9,10,Legal,Analyst,High School,Male,Single,Flexible,Remote,Balanced,1,0,0,1,0,1,0
1634,55,6,64707.0,1,34,24.0,6,33,0,2,1,6,6,6,7,Engineering,Manager,Bachelor,Male,Single,Day,Office,,1,1,0,0,1,1,0
1635,30,7,383040.0,0,55,17.0,12,39,0,5,1,5,8,9,13,Marketing,Associate,Bachelor,Male,Divorced,Day,Hybrid,Balanced,1,0,0,1,0,0,0
1636,42,0,48673.0,4,58,49.0,7,39,0,4,2,0,20,10,9,Operations,Associate,High School,Male,Married,Day,Office,,1,0,0,0,1,0,0
1637,27,2,76038.0,16,4,6.0,14,46,6,2,5,6,8,6,2,,Executive,Bachelor,Male,Divorced,Flexible,Hybrid,Balanced,1,1,0,1,0,0,0
1638,44,20,90930.0,16,23,27.0,6,32,0,1,1,5,18,3,12,Sales,Executive,Bachelor,Female,Married,Day,Office,Hands-off,1,0,0,0,0,0,0
1639,54,13,65991.0,0,22,32.0,12,47,7,4,2,1,1,5,3,Engineering,Lead,Bachelor,Male,Divorced,Day,Remote,Micromanager,0,0,0,1,1,1,0
1640,21,18,,10,27,12.0,1,57,17,1,4,1,3,1,15,Operations,Lead,Bachelor,Female,Single,Day,Office,Hands-off,0,0,0,0,0,0,0
1641,35,4,56747.0,10,25,25.0,3,33,0,2,3,4,10,10,3,Engineering,Engineer,Master,Other,Married,Day,Hybrid,Balanced,1,0,0,0,0,0,0
1642,42,5,59132.0,7,24,19.0,6,38,0,5,2,6,18,6,1,Finance,Analyst,Bachelor,Male,Single,Day,Hybrid,Micromanager,0,0,0,0,1,0,0
1643,45,16,79395.0,17,46,34.0,10,52,12,5,4,0,9,2,15,Sales,Associate,Master,Male,Single,Day,Remote,Balanced,0,0,0,0,1,1,0
1644,28,17,492215.0,4,38,65.0,9,51,11,4,3,3,15,0,15,Sales,Analyst,Master,Female,Single,Day,Office,,0,1,0,1,0,0,0
1645,45,15,89864.0,13,4,71.0,6,62,22,3,1,3,2,6,10,Engineering,Analyst,Bachelor,Female,Single,Day,Office,Balanced,0,0,0,0,0,0,0
1646,40,13,78829.0,2,19,77.0,8,68,28,5,3,0,18,8,0,Operations,Associate,Bachelor,Male,Married,Day,Hybrid,Balanced,1,0,0,1,0,0,0
1647,48,4,48506.0,12,45,,14,30,0,2,3,0,5,8,2,Operations,Engineer,Bachelor,Male,Divorced,Day,Hybrid,Balanced,0,0,0,0,1,0,0
1648,60,6,56172.0,19,3,54.0,1,52,12,3,3,1,16,10,4,Marketing,Associate,Bachelor,Male,Divorced,Night,Office,Supportive,1,0,0,0,0,0,0
1649,31,16,92169.0,14,58,78.0,7,49,9,4,3,5,2,9,5,Engineering,Manager,Bachelor,Male,Single,Night,Remote,Balanced,1,1,0,1,0,0,0
1650,45,5,52106.0,13,41,56.0,6,70,30,5,3,4,10,4,14,Engineering,Associate,Master,Female,Divorced,Day,Hybrid,Hands-off,0,1,0,1,0,1,0
1651,46,1,56889.0,4,4,20.0,1,70,30,3,2,2,2,6,1,Finance,Analyst,Bachelor,Female,Single,Day,Hybrid,Micromanager,0,0,0,1,0,0,0
1652,28,2,36346.0,13,51,74.0,13,67,27,4,2,3,0,1,6,Engineering,Associate,Master,Female,Married,Day,Remote,Balanced,0,1,0,0,0,0,0
1653,42,2,49906.0,6,55,52.0,8,66,26,3,3,1,13,4,11,,Engineer,PhD,Female,Single,Day,Remote,Hands-off,0,0,0,1,0,1,0
1654,41,2,49789.0,5,46,43.0,8,63,23,1,1,2,19,5,10,Finance,Executive,Bachelor,Female,Divorced,Day,Hybrid,Supportive,1,0,0,1,1,0,0
1655,31,18,75560.0,1,4,28.0,4,30,0,4,2,5,12,7,5,Engineering,Analyst,Bachelor,Male,Married,Day,Office,Balanced,0,0,0,0,1,1,1
1656,31,15,75160.0,17,53,8.0,3,65,25,4,3,1,12,0,11,Engineering,Manager,Bachelor,Female,Single,Day,Remote,Supportive,1,0,0,0,0,0,0
1657,38,10,61494.0,15,46,40.0,6,70,30,5,5,2,11,0,5,Research,Executive,Bachelor,Male,Single,Day,Remote,Supportive,1,1,0,0,0,0,0
1658,58,15,103424.0,19,4,4.0,6,42,2,4,5,1,16,7,1,Finance,Manager,Bachelor,Male,Married,Day,Hybrid,Balanced,0,0,0,0,0,1,0
1659,39,3,45677.0,14,10,60.0,3,37,0,3,1,6,8,6,7,HR,Analyst,High School,Female,Married,Day,Remote,Micromanager,0,0,0,0,1,0,0
1660,57,8,54179.0,0,29,15.0,5,66,26,3,1,1,10,5,10,Finance,Associate,Bachelor,Male,Single,Day,Remote,Micromanager,0,0,0,1,0,0,0
1661,59,3,198460.0,10,49,,7,56,16,3,5,1,20,7,12,Marketing,Engineer,High School,Female,Married,Day,Hybrid,Supportive,1,0,0,0,1,0,1
1662,24,14,94129.0,17,9,63.0,1,59,19,3,5,5,6,9,8,,Lead,Bachelor,Female,Married,Night,Office,Hands-off,0,0,0,0,0,0,0
1663,53,5,66161.0,5,25,26.0,9,65,25,4,4,5,13,9,10,Sales,Lead,Bachelor,Male,Single,Day,Hybrid,,0,0,0,1,1,0,0
1664,28,16,345105.0,5,16,77.0,11,39,0,3,4,0,1,0,15,Research,Executive,Master,Male,Divorced,Day,Hybrid,Balanced,0,0,0,0,0,0,0
1665,41,16,65338.0,3,3,32.0,7,34,0,2,1,0,14,2,2,Operations,Engineer,Bachelor,Male,Married,Day,Remote,Balanced,0,0,0,0,1,1,0
1666,25,17,91446.0,19,11,36.0,6,61,21,4,5,3,0,5,10,Legal,Engineer,Bachelor,Other,Divorced,Day,Remote,Balanced,0,0,0,1,1,0,0
1667,54,16,88284.0,5,6,27.0,6,43,3,5,5,0,9,6,2,Engineering,Associate,Master,Male,Married,Day,Hybrid,Supportive,0,0,0,0,1,0,0
1668,52,20,94987.0,20,27,10.0,1,48,8,3,2,2,1,9,13,Marketing,Lead,High School,Male,Single,Flexible,Hybrid,Micromanager,1,0,0,0,0,1,0
1669,22,16,,9,24,11.0,11,44,4,1,2,7,6,3,2,Research,Executive,Bachelor,Female,Single,Day,Remote,Balanced,1,0,0,0,1,0,0
1670,36,10,76277.0,3,8,79.0,14,67,27,3,4,7,15,6,15,Finance,Executive,Master,Female,Single,Day,Office,Supportive,0,0,0,0,0,1,0
1671,51,6,61230.0,6,45,21.0,7,49,9,4,5,3,3,8,5,Sales,Lead,High School,Female,Divorced,Day,Hybrid,Balanced,0,0,0,1,1,0,0
1672,25,8,36885.0,14,21,19.0,6,69,29,4,5,1,16,9,11,Marketing,Analyst,Bachelor,Male,Divorced,Day,Office,Supportive,0,0,0,0,0,0,0
1673,34,12,98668.0,10,51,75.0,9,33,0,2,4,6,5,7,10,Finance,Manager,Master,Female,Divorced,Day,Office,Balanced,1,0,0,0,0,1,0
1674,49,9,74487.0,20,32,72.0,9,45,5,3,2,4,9,2,6,Sales,Executive,High School,Female,Married,Day,Office,Micromanager,0,0,0,1,1,0,0
1675,26,8,69049.0,12,36,48.0,12,35,0,1,1,2,11,0,1,Sales,Lead,Bachelor,Male,Married,Day,Office,Supportive,1,0,0,0,1,0,0
1676,24,11,83894.0,20,17,50.0,2,67,27,1,2,2,11,10,15,Engineering,Executive,Bachelor,Female,Married,Day,Remote,Supportive,1,1,0,0,0,0,0
1677,24,15,85453.0,11,21,25.0,6,64,24,2,5,0,10,0,7,Marketing,Engineer,PhD,Female,Divorced,Flexible,Hybrid,Supportive,0,0,0,1,0,0,0
1678,28,4,68396.0,7,24,12.0,13,42,2,2,2,2,9,5,4,Engineering,Associate,High School,Male,Single,Day,Remote,Balanced,1,0,0,1,0,1,0
1679,37,16,77635.0,14,51,20.0,2,54,14,1,4,1,9,7,3,Sales,Associate,High School,Male,Married,Day,Remote,,1,0,0,0,0,0,1
1680,48,20,93393.0,8,45,74.0,11,69,29,5,4,1,6,10,11,Legal,Lead,Bachelor,Male,Divorced,Day,Office,Hands-off,0,0,0,0,0,0,0
1681,59,17,91566.0,1,48,25.0,2,61,21,1,2,2,3,5,11,Engineering,Lead,Master,Male,Divorced,Day,Remote,Micromanager,0,0,0,0,0,0,1
1682,44,2,36155.0,9,48,59.0,10,64,24,3,4,4,6,0,7,Engineering,Manager,Master,Male,Divorced,Day,Remote,Hands-off,0,0,0,0,0,0,0
1683,55,11,76776.0,0,55,76.0,10,56,16,1,1,4,11,0,10,Engineering,Manager,Master,Male,Married,Flexible,Hybrid,Balanced,1,1,0,1,1,0,0
1684,21,3,43192.0,8,36,50.0,10,61,21,1,5,1,14,3,9,,Engineer,Bachelor,Female,Married,Flexible,Office,Supportive,0,0,0,0,1,0,1
1685,25,10,71957.0,16,56,25.0,11,55,15,2,5,5,3,3,13,Sales,Associate,High School,Female,Divorced,Flexible,Hybrid,Balanced,0,0,0,0,0,0,1
1686,29,18,95727.0,19,30,15.0,11,62,22,5,3,3,18,5,9,Marketing,Associate,High School,Male,Single,Day,Office,Balanced,1,0,0,1,1,0,0
1687,24,1,49598.0,19,17,16.0,5,53,13,1,1,7,11,8,1,,Manager,Bachelor,Male,Single,Night,Remote,Hands-off,0,0,1,1,1,0,1
1688,44,2,,15,41,25.0,15,52,12,1,3,5,18,5,10,Operations,Engineer,Bachelor,Female,Divorced,Flexible,Hybrid,Supportive,0,1,0,1,1,1,0
1689,50,16,90120.0,16,33,59.0,2,67,27,4,5,3,19,5,8,Sales,Analyst,Master,Male,Divorced,Day,Office,Hands-off,1,0,0,1,0,0,0
1690,53,13,92046.0,15,47,40.0,3,69,29,2,5,1,17,3,1,Engineering,Associate,Master,Female,Married,Day,Office,Hands-off,0,0,0,0,0,0,0
1691,45,4,56577.0,14,46,64.0,6,69,29,3,1,4,19,4,1,Marketing,Lead,Bachelor,Male,Single,Day,Office,Supportive,0,0,0,1,1,0,0
1692,29,5,67575.0,20,43,69.0,10,49,9,5,5,5,19,4,14,Marketing,Associate,Master,Male,Married,Day,Hybrid,Balanced,1,0,0,1,1,1,0
1693,43,8,54538.0,13,2,47.0,1,45,5,5,1,3,16,0,9,HR,Associate,Master,Female,Married,Flexible,Hybrid,Micromanager,1,1,0,0,0,1,0
1694,24,11,76869.0,8,11,,13,56,16,4,4,2,7,3,5,,Analyst,Bachelor,Female,Married,Day,Office,Supportive,1,0,0,0,0,0,0
1695,35,17,78828.0,4,57,75.0,13,66,26,4,1,6,1,10,6,Marketing,Manager,Bachelor,Male,Married,Day,Office,Supportive,0,1,0,0,0,0,0
1696,58,4,56169.0,18,37,41.0,7,65,25,5,5,0,17,2,13,,Engineer,High School,Male,Divorced,Day,Office,Hands-off,0,0,0,1,1,0,0
1697,22,8,55437.0,18,12,43.0,10,48,8,4,2,2,8,4,11,Engineering,Associate,Bachelor,Male,Divorced,Day,Hybrid,Balanced,0,0,0,1,0,0,0
1698,59,9,44806.0,14,9,2.0,5,57,17,2,3,4,17,2,6,Sales,Lead,Master,Female,Divorced,Day,Office,Balanced,1,0,0,0,0,1,0
1699,32,13,80818.0,15,17,17.0,13,55,15,5,1,7,0,2,3,Sales,Manager,High School,Female,Single,Day,Hybrid,Balanced,0,0,1,1,1,0,0
1700,29,1,49980.0,1,47,23.0,12,64,24,5,4,3,8,10,3,Operations,Lead,High School,Male,Divorced,Day,Office,Supportive,1,0,0,0,0,1,0
1701,40,11,64250.0,20,18,52.0,11,39,0,3,2,2,17,3,9,Engineering,Analyst,Bachelor,Male,Married,Day,Hybrid,Micromanager,1,0,0,0,1,1,0
1702,50,0,60420.0,3,40,20.0,10,61,21,2,2,4,4,4,1,Sales,Lead,High School,Female,Divorced,Night,Office,Balanced,0,0,0,0,0,0,0
1703,40,8,244185.0,4,54,13.0,15,38,0,2,2,5,12,0,0,Research,Lead,High School,Male,Single,Day,Office,Micromanager,1,0,0,0,0,0,0
1704,23,10,86426.0,4,33,7.0,3,33,0,1,3,5,4,7,5,Engineering,Manager,Bachelor,Female,Single,Day,Hybrid,Hands-off,0,0,0,0,1,0,0
1705,28,2,58025.0,18,4,33.0,5,53,13,5,2,6,10,3,2,Sales,Engineer,Bachelor,Female,Single,Day,Office,Balanced,0,0,0,0,1,0,0
1706,41,16,91808.0,20,29,47.0,6,48,8,1,2,2,5,0,9,Engineering,Engineer,PhD,Female,Married,Flexible,Office,Hands-off,1,0,0,0,1,0,0
1707,43,10,72964.0,6,34,61.0,9,52,12,5,3,0,18,4,14,Research,Manager,Master,Female,Single,Day,Office,Hands-off,0,0,0,1,1,0,0
1708,37,18,126031.0,10,4,73.0,11,48,8,4,3,6,19,8,11,,Lead,Bachelor,Male,Divorced,Flexible,Office,Supportive,0,0,0,0,0,0,0
1709,24,15,64914.0,12,47,27.0,5,57,17,3,1,5,5,7,8,Research,Lead,Bachelor,Female,Married,Day,Office,Supportive,0,0,0,0,0,1,0
1710,39,15,76245.0,7,30,28.0,6,31,0,4,5,5,13,6,8,Operations,Executive,Master,Female,Single,Night,Hybrid,,0,0,0,0,0,0,0
1711,59,7,72787.0,3,10,42.0,11,49,9,3,1,6,1,8,0,Engineering,Associate,Master,Female,Single,Day,Hybrid,Supportive,0,0,0,0,0,0,0
1712,55,6,228920.0,2,32,12.0,14,70,30,3,5,5,10,1,2,Marketing,Associate,High School,Female,Single,Day,Office,Hands-off,1,0,0,0,0,0,0
1713,49,20,94491.0,5,15,65.0,12,62,22,5,1,0,3,4,13,HR,Associate,Master,Male,Divorced,Day,Office,Hands-off,1,0,0,1,0,0,0
1714,28,0,59581.0,13,10,31.0,3,69,29,2,4,7,11,8,6,Operations,Analyst,Bachelor,Male,Divorced,Flexible,Remote,Supportive,0,0,0,0,0,0,0
1715,22,8,71631.0,4,39,14.0,13,37,0,3,3,4,20,1,4,Finance,Analyst,Bachelor,Male,Divorced,Flexible,Hybrid,Supportive,1,0,0,0,0,1,0
1716,42,18,76615.0,6,6,29.0,11,54,14,4,1,5,8,7,1,Engineering,Manager,Master,Female,Divorced,Night,Hybrid,Balanced,0,0,0,0,0,0,0
1717,21,8,71274.0,8,38,8.0,6,35,0,5,4,2,2,1,3,Sales,Analyst,Master,Male,Single,Day,Hybrid,Balanced,0,0,1,0,0,0,0
1718,57,10,68013.0,16,3,11.0,4,59,19,2,5,7,17,2,12,Sales,Lead,High School,Female,Single,Day,Office,Balanced,0,0,0,0,1,1,1
1719,26,8,60236.0,10,36,0.0,5,65,25,5,5,0,7,10,2,Sales,Analyst,Bachelor,Male,Married,Day,Hybrid,Balanced,0,0,0,1,1,0,0
1720,38,13,95648.0,10,14,53.0,13,32,0,2,1,7,4,8,4,Finance,Associate,Bachelor,Female,Divorced,Day,Hybrid,Micromanager,0,1,0,0,0,0,0
1721,48,14,72664.0,12,49,14.0,9,54,14,3,5,4,6,7,14,HR,Manager,High School,Female,Single,Day,Hybrid,Balanced,0,0,0,0,0,0,0
1722,56,7,,11,31,39.0,15,57,17,5,1,3,10,5,14,Marketing,Analyst,High School,Male,Single,Day,Remote,,0,0,0,0,0,0,0
1723,56,9,69118.0,12,17,67.0,10,54,14,2,5,3,20,10,15,Engineering,Lead,High School,Male,Divorced,Flexible,Hybrid,Micromanager,0,0,0,1,1,0,1
1724,57,4,54910.0,18,2,18.0,11,34,0,4,5,5,19,6,1,Research,Lead,High School,Male,Single,Day,Office,Supportive,1,0,0,0,0,0,0
1725,32,13,95797.0,1,46,76.0,14,64,24,5,4,1,17,0,6,Sales,Lead,Master,Male,Single,Day,Hybrid,Supportive,1,0,0,1,0,0,0
1726,41,11,67383.0,19,11,50.0,10,64,24,2,1,4,16,4,13,Marketing,Manager,Master,Female,Single,Day,Hybrid,Hands-off,1,0,1,1,0,0,0
1727,23,18,349450.0,7,20,54.0,11,66,26,4,5,5,1,8,11,Finance,Analyst,Master,Male,Married,Day,Office,Hands-off,1,0,0,1,0,0,0
1728,21,16,114852.0,15,44,60.0,4,52,12,5,5,7,17,3,3,Operations,Manager,Master,Male,Married,Flexible,Hybrid,Supportive,0,0,0,0,1,1,0
1729,22,16,83232.0,14,32,75.0,13,51,11,2,5,4,14,7,3,Operations,Analyst,PhD,Male,Married,Day,Hybrid,Supportive,1,0,0,1,1,1,0
1730,28,14,79830.0,15,33,32.0,10,31,0,1,4,3,18,10,0,Sales,Analyst,Bachelor,Female,Divorced,Day,Remote,Supportive,0,0,1,0,0,0,1
1731,53,16,77130.0,2,28,77.0,8,66,26,3,2,0,17,10,1,HR,Lead,High School,Female,Married,Day,Office,Balanced,1,0,0,0,0,1,0
1732,40,13,73569.0,8,49,64.0,4,51,11,4,4,7,0,2,11,Marketing,Executive,Master,Male,Divorced,Day,Hybrid,Supportive,0,0,0,0,1,0,0
1733,25,15,97801.0,4,17,74.0,5,67,27,3,5,4,15,0,8,Sales,Lead,Bachelor,Other,Single,Day,Office,Supportive,0,0,0,0,0,0,1
1734,40,2,68649.0,9,39,73.0,10,39,0,5,5,1,11,8,13,Operations,Analyst,Bachelor,Female,Single,Day,Office,,0,0,0,0,0,0,0
1735,25,14,86373.0,5,10,15.0,13,34,0,2,3,6,9,9,11,Operations,Associate,Master,Male,Divorced,Night,Hybrid,Supportive,0,0,0,0,0,0,0
1736,53,13,62390.0,14,7,27.0,13,66,26,3,5,2,11,2,0,Sales,Manager,Bachelor,Male,Married,Night,Office,Supportive,0,0,0,1,0,0,0
1737,32,8,55288.0,13,33,,11,33,0,4,1,6,5,9,10,Operations,Executive,PhD,Male,Single,Day,Hybrid,Micromanager,1,0,0,0,1,0,0
1738,55,7,55688.0,7,23,,10,44,4,2,2,7,20,1,1,HR,Engineer,Bachelor,Male,Divorced,Night,Office,Hands-off,0,0,1,0,0,1,1
1739,40,12,373895.0,6,51,67.0,2,70,30,5,3,4,0,1,6,Legal,Manager,Bachelor,Male,Married,Day,Hybrid,Micromanager,0,0,0,1,0,1,0
1740,38,6,34818.0,6,30,22.0,4,52,12,2,3,6,8,6,5,HR,Associate,Bachelor,Male,Divorced,Day,Office,Supportive,0,0,0,1,0,0,1
1741,47,7,68243.0,19,30,27.0,6,53,13,5,4,5,0,5,10,Legal,Lead,Master,Female,Single,Night,Remote,Balanced,1,0,0,1,0,1,0
1742,39,20,82906.0,9,25,36.0,13,35,0,4,3,5,0,5,1,HR,Executive,Bachelor,Male,Single,Day,Hybrid,Supportive,0,0,0,0,0,0,0
1743,24,7,91556.0,20,33,59.0,5,68,28,5,5,0,12,7,0,Sales,Lead,Bachelor,Male,Married,Day,Office,Supportive,1,0,0,0,0,0,0
1744,28,13,72178.0,15,25,50.0,9,39,0,3,2,3,3,6,12,Engineering,Lead,Bachelor,Male,Married,Flexible,Hybrid,Balanced,0,0,0,0,1,0,0
1745,23,0,52751.0,19,31,,2,38,0,1,2,1,1,4,0,HR,Engineer,Bachelor,Male,Divorced,Day,Remote,Supportive,0,0,0,1,1,0,0
1746,29,15,78531.0,16,52,58.0,7,33,0,5,2,2,19,7,0,Engineering,Manager,Bachelor,Female,Married,Day,Office,Balanced,0,0,0,0,0,1,0
1747,37,14,79567.0,10,26,65.0,14,42,2,5,4,5,0,5,5,Research,Manager,Master,Female,Married,Day,Office,Balanced,0,0,0,0,1,0,0
1748,59,19,97449.0,6,15,78.0,5,52,12,1,2,3,1,1,15,Marketing,Analyst,Master,Male,Single,Flexible,Office,Balanced,0,0,1,1,0,0,0
1749,58,12,63808.0,15,29,74.0,6,34,0,1,3,6,17,9,9,HR,Analyst,Master,Female,Single,Flexible,Remote,Micromanager,0,0,0,0,0,1,1
1750,38,15,89589.0,17,58,43.0,2,58,18,5,4,5,0,6,15,Engineering,Analyst,Bachelor,Female,Divorced,Day,Office,Hands-off,1,0,0,0,1,1,0
1751,37,5,71789.0,16,24,71.0,7,62,22,5,3,0,4,4,6,Marketing,Manager,Bachelor,Female,Single,Day,Hybrid,Hands-off,0,0,0,0,0,0,0
1752,56,9,70842.0,1,22,15.0,3,69,29,3,3,2,0,1,3,,Analyst,Bachelor,Male,Single,Day,Office,Balanced,0,0,0,0,0,1,1
1753,59,19,83289.0,0,55,50.0,5,41,1,4,4,0,9,9,0,Operations,Analyst,Bachelor,Female,Single,Day,Hybrid,Micromanager,0,0,0,0,0,0,0
1754,31,1,46789.0,17,50,56.0,8,38,0,1,2,1,15,8,0,Operations,Associate,Bachelor,Female,Single,Day,Hybrid,Micromanager,1,0,0,0,1,0,1
1755,26,3,31743.0,12,41,31.0,14,62,22,1,2,2,6,3,8,Marketing,Executive,Bachelor,Female,Married,Day,Office,Hands-off,0,1,0,1,1,0,1
1756,21,1,48874.0,14,43,39.0,7,64,24,5,3,6,4,0,4,Engineering,Manager,Bachelor,Male,Married,Night,Remote,Micromanager,0,0,0,0,0,0,1
1757,33,16,80446.0,13,19,7.0,12,46,6,4,5,1,19,1,2,Research,Associate,Master,Female,Divorced,Day,Remote,Balanced,0,0,0,1,0,1,0
1758,26,5,63104.0,10,16,62.0,1,34,0,1,2,2,9,4,11,Engineering,Lead,Bachelor,Female,Single,Night,Hybrid,Balanced,0,1,0,0,0,0,0
1759,54,7,72025.0,20,59,19.0,14,53,13,2,4,7,13,9,5,Engineering,Associate,High School,Male,Divorced,Flexible,Office,,0,1,0,0,0,0,0
1760,22,13,66991.0,15,2,48.0,10,45,5,1,4,3,8,4,3,HR,Associate,PhD,Male,Divorced,Night,Office,Supportive,0,0,0,0,0,0,0
1761,41,14,87475.0,0,60,27.0,12,39,0,5,3,3,17,5,4,Engineering,Analyst,Bachelor,Female,Married,Night,Office,Balanced,1,0,0,0,0,0,0
1762,55,9,60144.0,18,11,65.0,3,44,4,3,4,0,14,1,13,Engineering,Lead,PhD,Female,Single,Flexible,Office,Supportive,0,0,0,1,0,0,0
1763,26,10,,4,18,15.0,13,36,0,1,5,3,20,2,1,Research,Manager,Bachelor,Male,Single,Day,Hybrid,Balanced,1,0,0,0,1,0,0
1764,21,7,77204.0,13,36,3.0,7,52,12,3,1,0,5,7,14,,Associate,Master,Female,Married,Night,Office,Supportive,0,0,0,0,0,1,0
1765,43,17,83394.0,1,46,,2,61,21,5,3,4,16,10,12,Engineering,Analyst,Bachelor,Male,Single,Flexible,Office,Micromanager,0,0,0,0,0,0,0
1766,28,1,37414.0,14,23,,11,43,3,4,5,1,2,10,6,Research,Lead,PhD,Male,Married,Day,Remote,Balanced,0,0,0,1,0,0,0
1767,31,4,49026.0,7,36,50.0,15,63,23,1,2,4,15,10,13,Sales,Manager,Master,Female,Single,Flexible,Remote,Micromanager,1,0,0,0,0,0,0
1768,32,15,86745.0,16,22,19.0,6,45,5,3,5,2,6,4,3,Marketing,Engineer,Bachelor,Male,Single,Flexible,Office,Supportive,1,0,0,0,0,0,0
1769,25,14,70840.0,10,1,19.0,11,30,0,3,5,3,6,2,3,Marketing,Engineer,Bachelor,Male,Divorced,Day,Hybrid,Hands-off,0,0,0,0,1,1,0
1770,58,15,80793.0,11,17,75.0,10,36,0,2,3,7,17,1,8,Engineering,Analyst,Bachelor,Female,Married,Day,Remote,Balanced,0,0,0,0,1,0,0
1771,27,2,47333.0,18,14,10.0,4,61,21,1,2,6,1,3,2,Operations,Lead,High School,Male,Divorced,Day,Hybrid,Balanced,1,0,0,1,0,0,0
1772,37,12,85860.0,16,30,18.0,5,69,29,2,1,0,6,9,4,Finance,Associate,Bachelor,Male,Married,Day,Remote,Balanced,1,0,0,0,1,0,0
1773,44,11,,17,55,80.0,14,67,27,3,1,0,17,9,14,Marketing,Executive,Bachelor,Female,Single,Day,Hybrid,Balanced,1,0,0,0,0,0,0
1774,42,20,97851.0,7,22,11.0,7,67,27,2,4,6,20,8,14,Finance,Manager,Bachelor,Female,Married,Day,Remote,Hands-off,1,0,0,1,0,0,1
1775,28,15,72166.0,1,32,0.0,1,47,7,1,3,7,10,8,11,HR,Lead,Bachelor,Female,Divorced,Night,Hybrid,Micromanager,0,0,0,1,0,0,0
1776,34,17,98165.0,7,33,3.0,1,59,19,4,3,0,5,4,13,,Manager,High School,Male,Divorced,Flexible,Remote,Supportive,0,0,0,0,1,0,0
1777,58,5,53748.0,3,54,9.0,12,69,29,1,1,3,11,8,12,Legal,Analyst,Bachelor,Female,Divorced,Flexible,Remote,Supportive,0,0,0,0,0,0,0
1778,44,7,57051.0,15,28,,2,42,2,5,2,7,12,2,5,Finance,Engineer,Master,Male,Married,Day,Office,Micromanager,0,0,0,0,0,0,0
1779,34,1,44556.0,11,54,56.0,10,66,26,4,4,3,5,1,8,Engineering,Executive,Bachelor,Male,Married,Day,Hybrid,Hands-off,0,0,0,0,0,0,0
1780,40,4,50109.0,9,9,76.0,13,61,21,5,4,2,17,6,8,Engineering,Analyst,High School,Female,Single,Flexible,Office,Balanced,0,0,0,0,0,0,1
1781,39,6,61973.0,5,5,60.0,12,67,27,2,1,6,10,0,9,Finance,Analyst,Bachelor,Male,Married,Day,Hybrid,Hands-off,0,0,0,1,0,1,0
1782,39,20,92022.0,12,27,16.0,6,49,9,3,3,5,6,0,11,Research,Lead,Bachelor,Male,Married,Flexible,Office,,1,0,1,0,0,0,0
1783,46,5,72629.0,15,12,66.0,2,40,0,5,5,1,20,5,14,Sales,Lead,Bachelor,Female,Single,Day,Hybrid,Balanced,1,0,0,0,0,0,0
1784,29,14,84634.0,3,49,14.0,1,60,20,3,2,0,10,2,10,Sales,Analyst,Master,Female,Single,Flexible,Hybrid,Balanced,0,0,0,1,0,1,1
1785,59,20,405860.0,7,20,42.0,14,50,10,3,3,7,3,8,4,Engineering,Associate,Bachelor,Male,Divorced,Night,Office,Supportive,0,0,0,1,1,0,0
1786,24,7,90842.0,17,45,39.0,10,47,7,2,1,7,5,4,14,Sales,Associate,Bachelor,Male,Single,Day,Remote,Hands-off,1,0,0,0,1,1,1
1787,60,7,52007.0,3,17,73.0,1,46,6,2,4,5,3,9,12,Sales,Manager,Master,Male,Married,Flexible,Office,Balanced,1,1,0,0,0,0,0
1788,55,5,50591.0,1,15,43.0,5,32,0,2,4,4,12,1,12,,Lead,High School,Female,Divorced,Day,Office,Supportive,1,0,0,0,0,0,0
1789,23,19,93266.0,15,11,70.0,12,38,0,1,2,4,7,10,4,Engineering,Associate,High School,Female,Divorced,Day,Office,Balanced,1,0,0,1,0,0,0
1790,39,4,70119.0,10,56,24.0,3,34,0,5,5,1,1,1,11,Engineering,Lead,PhD,Male,Single,Day,Remote,Balanced,1,0,0,0,0,0,0
1791,33,4,75481.0,6,6,58.0,12,45,5,3,2,2,3,8,12,Finance,Executive,Bachelor,Female,Divorced,Day,Hybrid,Balanced,0,0,0,0,0,1,0
1792,33,20,93202.0,16,37,35.0,1,39,0,2,5,6,12,8,14,Research,Executive,Master,Male,Single,Day,Hybrid,Balanced,1,0,0,1,0,0,0
1793,52,20,80236.0,14,17,,2,62,22,4,2,0,6,8,4,Sales,Executive,Bachelor,Female,Divorced,Flexible,Office,Micromanager,0,1,0,1,1,0,0
1794,44,20,97312.0,3,58,15.0,2,44,4,1,1,1,1,5,12,Finance,Lead,Bachelor,Male,Married,Day,Hybrid,Hands-off,0,0,0,0,0,0,0
1795,22,11,63931.0,9,29,68.0,12,60,20,5,1,7,5,3,2,Research,Lead,High School,Female,Divorced,Day,Remote,Supportive,1,0,0,1,1,0,0
1796,60,20,94121.0,4,35,17.0,6,65,25,5,2,3,3,5,1,Research,Engineer,Bachelor,Male,Married,Day,Office,Balanced,0,0,0,0,0,0,0
1797,42,9,68409.0,18,41,19.0,1,33,0,1,2,1,2,3,13,Sales,Executive,Bachelor,Male,Divorced,Day,Remote,Hands-off,0,0,0,0,0,0,0
1798,26,10,87940.0,6,48,60.0,9,51,11,2,4,4,12,8,1,Finance,Lead,Bachelor,Female,Married,Day,Office,Supportive,0,0,0,0,0,0,0
1799,50,12,73793.0,7,48,11.0,1,35,0,1,4,7,0,3,2,Sales,Engineer,Master,Female,Divorced,Day,Office,Supportive,0,0,1,1,0,0,0
1800,53,1,44914.0,9,19,39.0,9,44,4,3,4,5,17,1,13,Engineering,Associate,Bachelor,Male,Single,Day,Office,Micromanager,1,0,0,1,1,0,0
1801,25,20,59180.0,11,37,3.0,5,55,15,5,4,4,13,9,9,HR,Engineer,Master,Female,Single,Day,Remote,Balanced,0,0,0,0,0,0,0
1802,49,16,77551.0,10,25,,11,41,1,1,5,4,4,6,2,Sales,Manager,Bachelor,Female,Divorced,Day,Office,Supportive,1,1,1,1,1,0,0
1803,35,0,48822.0,3,18,17.0,6,54,14,4,4,6,8,1,5,Legal,Associate,Master,Female,Divorced,Flexible,Hybrid,Micromanager,1,0,0,1,1,0,1
1804,30,6,66859.0,16,29,,7,35,0,1,5,5,5,8,11,Marketing,Executive,Bachelor,Male,Divorced,Day,Office,Micromanager,0,0,0,1,1,0,0
1805,30,2,45816.0,15,1,58.0,8,31,0,3,3,0,16,7,11,Legal,Engineer,Bachelor,Male,Divorced,Night,Hybrid,Hands-off,0,0,0,0,0,0,0
1806,59,14,77622.0,18,28,26.0,5,59,19,1,2,2,13,3,3,Finance,Analyst,Bachelor,Female,Single,Day,Remote,Balanced,1,0,0,0,0,0,0
1807,38,13,86025.0,19,27,,3,58,18,5,3,3,2,10,2,Engineering,Engineer,High School,Male,Married,Day,Office,Balanced,0,0,0,0,0,0,0
1808,25,11,69287.0,18,21,33.0,13,67,27,3,2,2,16,0,10,Research,Executive,Master,Male,Single,Day,Office,Balanced,0,0,0,1,0,1,0
1809,60,5,58725.0,2,24,51.0,10,54,14,4,2,1,12,0,3,Engineering,Analyst,Master,Male,Single,Day,Hybrid,Supportive,0,0,0,0,1,0,1
1810,36,12,68726.0,11,11,46.0,12,51,11,3,3,7,6,10,4,Engineering,Associate,Bachelor,Female,Single,Night,Office,Balanced,0,0,0,0,0,1,0
1811,43,5,64224.0,6,6,26.0,2,35,0,5,5,1,0,9,9,Engineering,Engineer,Bachelor,Female,Single,Night,Office,Balanced,0,0,0,0,0,0,0
1812,42,12,76352.0,19,41,67.0,11,47,7,5,3,3,8,9,10,Sales,Associate,Bachelor,Male,Single,Flexible,Hybrid,Balanced,0,0,0,0,0,0,0
1813,38,13,76229.0,16,8,34.0,8,32,0,1,4,2,7,0,8,Sales,Manager,High School,Male,Divorced,Day,Hybrid,Micromanager,1,0,0,1,0,0,0
1814,46,14,101038.0,3,27,80.0,14,31,0,3,4,7,12,2,3,Operations,Engineer,Master,Male,Single,Day,Hybrid,Balanced,0,0,0,0,0,1,1
1815,56,12,84522.0,15,37,77.0,6,62,22,3,4,1,8,8,1,Legal,Associate,High School,Male,Divorced,Day,Hybrid,Hands-off,0,0,0,0,0,0,0
1816,22,18,104578.0,3,14,33.0,2,53,13,3,3,3,20,2,5,Engineering,Engineer,Bachelor,Female,Single,Night,Hybrid,Micromanager,1,0,0,0,0,1,0
1817,31,14,76804.0,13,28,42.0,10,32,0,4,5,6,11,5,1,Engineering,Analyst,Bachelor,Male,Divorced,Day,Hybrid,Supportive,0,0,0,0,1,0,0
1818,22,0,,15,22,40.0,9,59,19,1,5,4,14,9,14,Engineering,Analyst,Bachelor,Female,Divorced,Day,Office,Hands-off,1,0,0,0,0,0,0
1819,36,6,47996.0,12,14,75.0,3,51,11,5,2,0,2,5,8,Marketing,Engineer,Master,Female,Single,Day,Office,Supportive,1,0,0,0,0,0,0
1820,42,20,99737.0,18,33,3.0,1,45,5,4,1,5,14,5,15,Engineering,Manager,Master,Female,Married,Flexible,Office,Balanced,0,0,0,1,0,0,0
1821,40,16,72417.0,1,23,,14,70,30,5,2,5,18,0,10,Engineering,Executive,Bachelor,Female,Divorced,Day,Hybrid,Balanced,1,0,0,1,0,1,0
1822,59,10,78524.0,0,49,33.0,15,40,0,5,2,5,3,6,5,Finance,Executive,High School,Male,Married,Day,Hybrid,Balanced,1,0,0,0,0,1,1
1823,51,0,56314.0,12,10,58.0,6,49,9,5,5,5,7,4,2,Marketing,Analyst,Bachelor,Male,Married,Day,Office,Balanced,1,0,0,0,1,0,0
1824,30,17,87239.0,1,54,75.0,13,68,28,2,3,5,9,5,5,Sales,Lead,High School,Female,Single,Day,Office,Micromanager,1,0,0,0,0,1,1
1825,35,7,36282.0,1,20,64.0,8,58,18,4,4,6,5,2,7,Research,Engineer,Master,Female,Single,Day,Office,Balanced,1,0,0,0,0,0,0
1826,54,15,88010.0,19,43,73.0,8,36,0,1,2,2,4,7,5,Sales,Associate,Master,Female,Single,Day,Hybrid,,0,0,0,1,1,1,0
1827,23,5,50395.0,9,36,49.0,11,36,0,4,1,5,7,9,8,Marketing,Associate,Bachelor,Female,Single,Day,Office,Balanced,0,1,0,0,0,1,0
1828,40,4,42936.0,18,21,41.0,5,43,3,4,5,7,1,5,1,HR,Executive,PhD,Female,Married,Day,Office,Balanced,1,0,0,1,1,1,0
1829,25,2,,4,55,8.0,4,39,0,1,3,0,19,10,8,Sales,Lead,Bachelor,Male,Divorced,Flexible,Office,Micromanager,1,0,0,0,1,0,0
1830,40,20,101014.0,8,16,29.0,4,51,11,4,4,5,0,4,15,Marketing,Manager,Master,Male,Single,Night,Hybrid,Supportive,0,0,0,0,0,1,0
1831,39,5,64577.0,16,21,42.0,4,41,1,5,2,5,0,2,0,HR,Analyst,Master,Female,Divorced,Day,Hybrid,Micromanager,0,0,1,1,0,1,1
1832,54,16,76985.0,11,5,61.0,11,44,4,2,4,4,14,9,11,,Associate,Bachelor,Female,Divorced,Day,Remote,Balanced,1,0,0,1,0,0,0
1833,41,7,72432.0,20,36,44.0,15,40,0,3,2,0,2,3,14,Sales,Analyst,Bachelor,Male,Married,Day,Remote,Balanced,1,0,0,0,1,0,0
1834,57,6,69621.0,3,54,9.0,6,45,5,1,2,6,14,7,0,Sales,Manager,Master,Male,Single,Day,Office,Supportive,0,0,0,0,0,1,0
1835,58,0,53519.0,14,19,31.0,9,60,20,2,5,1,15,10,8,Marketing,Analyst,Bachelor,Male,Single,Day,Hybrid,Hands-off,0,0,0,0,1,0,0
1836,53,15,98031.0,2,34,29.0,15,65,25,3,1,5,8,7,4,Research,Engineer,Master,Male,Divorced,Day,Remote,Micromanager,0,0,1,0,0,0,1
1837,29,7,60619.0,5,6,45.0,6,50,10,3,4,3,18,0,10,Sales,Executive,Bachelor,Male,Divorced,Day,Hybrid,Balanced,0,0,0,1,0,0,0
1838,36,5,54677.0,5,52,54.0,12,38,0,1,2,7,8,6,15,Operations,Analyst,Bachelor,Female,Single,Flexible,Hybrid,Balanced,1,0,0,1,1,0,0
1839,43,15,60234.0,3,48,75.0,8,56,16,3,4,6,19,8,9,Engineering,Manager,High School,Male,Single,Day,Hybrid,Hands-off,1,0,0,1,1,0,0
1840,40,17,82196.0,12,21,26.0,3,65,25,4,3,7,0,3,8,Engineering,Associate,Master,Female,Married,Day,Remote,Micromanager,0,0,0,0,0,0,0
1841,39,7,43169.0,1,36,20.0,8,48,8,1,1,2,9,2,7,Marketing,Lead,Bachelor,Male,Divorced,Day,Office,Supportive,0,0,0,1,0,0,0
1842,51,6,54857.0,7,3,,10,63,23,1,1,3,6,4,8,Sales,Analyst,Master,Other,Single,Day,Hybrid,Balanced,1,0,0,0,0,0,0
1843,49,18,110519.0,18,24,39.0,1,31,0,1,1,5,10,7,12,Marketing,Lead,Master,Male,Single,Night,Office,Balanced,1,0,0,0,1,0,0
1844,24,16,,0,32,79.0,7,57,17,5,4,0,3,6,12,Sales,Engineer,Bachelor,Female,Divorced,Day,Remote,Supportive,0,1,0,0,1,0,0
1845,21,16,97277.0,8,50,25.0,7,39,0,1,5,3,19,3,6,Engineering,Associate,Master,Female,Divorced,Day,Office,Hands-off,1,1,0,0,1,0,0
1846,42,10,67565.0,16,59,43.0,8,59,19,1,2,5,4,1,12,,Lead,Bachelor,Female,Married,Day,Office,,0,0,0,1,0,0,0
1847,51,5,61825.0,9,46,69.0,7,70,30,3,4,7,12,5,12,Operations,Engineer,Bachelor,Male,Divorced,Day,Hybrid,Supportive,0,0,0,1,0,0,0
1848,27,11,85670.0,20,55,75.0,4,50,10,1,1,1,12,10,10,Engineering,Manager,High School,Male,Married,Day,Hybrid,,0,0,1,0,0,0,1
1849,34,13,74343.0,3,10,58.0,6,58,18,3,2,5,20,10,5,Engineering,Executive,Bachelor,Female,Married,Night,Office,Balanced,1,0,0,1,0,0,0
1850,44,10,60804.0,1,51,33.0,1,52,12,5,2,4,10,8,3,Sales,Analyst,Bachelor,Female,Divorced,Day,Remote,Balanced,1,0,0,0,1,0,0
1851,28,9,62129.0,12,32,55.0,14,45,5,1,4,2,11,8,11,Engineering,Engineer,Master,Male,Married,Day,Office,Balanced,1,0,0,0,0,1,0
1852,53,17,90879.0,14,22,26.0,2,60,20,5,2,5,6,10,14,Engineering,Engineer,Bachelor,Female,Single,Day,Office,Supportive,1,0,0,1,0,1,0
1853,42,5,73170.0,20,49,62.0,6,49,9,4,5,4,7,2,8,Engineering,Manager,Master,Female,Married,Flexible,Hybrid,Balanced,0,1,0,0,1,0,0
1854,53,6,64549.0,1,25,39.0,10,62,22,3,3,7,18,8,11,Finance,Engineer,Bachelor,Male,Married,Day,Hybrid,Balanced,1,1,0,0,0,0,0
1855,60,12,81223.0,1,45,33.0,14,68,28,2,1,4,10,1,15,Sales,Engineer,Master,Female,Single,Day,Remote,Balanced,1,1,0,0,0,1,1
1856,45,5,56324.0,14,50,80.0,14,65,25,5,1,7,7,10,12,Research,Analyst,High School,Male,Single,Night,Office,Supportive,0,0,1,0,0,0,1
1857,48,0,47519.0,1,31,31.0,4,36,0,3,2,5,3,2,8,Finance,Lead,PhD,Female,Single,Day,Hybrid,Balanced,1,0,0,1,1,0,0
1858,42,10,358410.0,9,49,75.0,14,39,0,4,5,2,5,5,12,HR,Executive,Master,Female,Divorced,Day,Hybrid,Balanced,1,0,0,0,0,0,0
1859,33,20,95795.0,20,8,73.0,5,46,6,5,5,4,20,2,11,HR,Executive,Bachelor,Female,Single,Day,Hybrid,Micromanager,0,0,0,0,0,1,1
1860,29,11,57020.0,4,18,41.0,6,32,0,5,5,2,16,5,12,Operations,Associate,Bachelor,Male,Divorced,Flexible,Hybrid,Supportive,0,0,0,1,0,1,1
1861,29,15,76501.0,14,9,15.0,10,35,0,1,4,1,15,3,1,Finance,Engineer,Bachelor,Male,Married,Day,Hybrid,Balanced,0,0,0,0,1,0,0
1862,27,19,90282.0,19,3,72.0,3,64,24,2,5,4,14,6,11,Engineering,Manager,Bachelor,Female,Married,Day,Office,Supportive,0,0,0,0,0,1,1
1863,29,4,64489.0,13,40,3.0,15,45,5,1,2,0,18,7,15,Finance,Manager,High School,Female,Divorced,Flexible,Hybrid,Micromanager,1,0,0,0,0,1,0
1864,45,1,44632.0,16,45,6.0,6,39,0,2,5,1,3,10,10,Engineering,Analyst,Bachelor,Female,Single,Day,Office,Micromanager,0,0,0,1,1,1,0
1865,35,12,72344.0,7,22,40.0,3,38,0,4,1,0,7,5,8,Finance,Engineer,Master,Male,Married,Night,Office,Hands-off,1,0,0,1,0,0,0
1866,58,15,91625.0,0,51,71.0,9,52,12,4,3,6,7,10,13,Research,Lead,Bachelor,Male,Divorced,Night,Remote,Balanced,0,0,0,1,1,0,0
1867,35,1,178930.0,6,41,69.0,6,66,26,2,3,3,3,9,10,Sales,Executive,Bachelor,Male,Divorced,Night,Office,Micromanager,1,0,0,0,0,0,0
1868,32,11,83366.0,16,18,35.0,3,54,14,1,1,0,11,6,15,HR,Manager,High School,Male,Single,Flexible,Remote,Hands-off,1,0,0,0,0,0,0
1869,25,9,71608.0,13,35,10.0,10,37,0,1,4,6,5,7,15,Engineering,Analyst,Bachelor,Female,Single,Day,Office,Micromanager,1,0,0,1,1,0,0
1870,60,13,67259.0,13,37,57.0,10,59,19,4,1,1,3,7,14,Research,Manager,Master,Female,Married,Day,Office,Balanced,1,0,0,0,0,0,0
1871,33,8,56604.0,15,30,,12,47,7,4,2,2,0,5,1,Engineering,Manager,Bachelor,Male,Divorced,Day,Office,Supportive,1,0,0,1,0,1,0
1872,45,17,85856.0,14,21,58.0,15,35,0,2,4,6,19,8,3,Marketing,Engineer,High School,Female,Divorced,Day,Hybrid,Balanced,1,0,0,0,0,0,0
1873,50,6,296850.0,15,23,73.0,9,51,11,4,5,6,7,3,6,Operations,Lead,Master,Male,Single,Night,Office,Supportive,0,0,0,0,1,1,0
1874,44,10,58393.0,6,43,55.0,10,62,22,4,2,7,6,5,2,Sales,Manager,Bachelor,Female,Married,Flexible,Hybrid,Balanced,0,0,0,1,0,0,0
1875,59,9,84098.0,3,40,53.0,11,43,3,5,2,2,10,5,8,Sales,Manager,Bachelor,Male,Single,Day,Office,Balanced,1,0,0,0,0,0,0
1876,43,12,74108.0,18,24,34.0,14,33,0,2,2,5,5,1,1,Engineering,Manager,Bachelor,Female,Married,Day,Hybrid,Micromanager,1,0,0,0,0,0,0
1877,51,2,76798.0,3,19,67.0,8,55,15,3,1,1,14,10,8,Finance,Manager,Bachelor,Male,Divorced,Night,Office,Balanced,1,0,0,0,0,1,1
1878,52,16,89068.0,3,12,80.0,5,66,26,5,4,7,19,6,10,Finance,Executive,Bachelor,Female,Single,Day,Office,Micromanager,0,0,0,1,0,0,1
1879,56,1,56396.0,13,30,39.0,3,66,26,2,2,7,6,1,3,Research,Analyst,Bachelor,Male,Single,Day,Office,Supportive,0,0,0,0,0,0,1
1880,42,0,36989.0,11,24,29.0,14,52,12,2,3,5,18,4,12,Marketing,Executive,Master,Female,Single,Flexible,Remote,Micromanager,0,0,0,0,0,0,0
1881,28,14,87238.0,6,3,74.0,14,57,17,5,2,6,19,10,8,Engineering,Manager,Bachelor,Female,Married,Flexible,Hybrid,Balanced,1,0,0,0,1,0,0
1882,26,4,54847.0,4,8,36.0,8,69,29,1,4,0,13,1,10,Sales,Executive,Master,Female,Married,Day,Hybrid,Hands-off,0,0,0,1,0,1,0
1883,46,16,107077.0,15,28,,8,35,0,2,3,5,16,9,2,Engineering,Executive,Bachelor,Male,Divorced,Day,Office,Micromanager,0,0,0,0,0,0,0
1884,28,8,49354.0,7,11,62.0,7,61,21,4,4,4,20,10,15,Marketing,Engineer,Master,Female,Married,Flexible,Office,Balanced,1,0,0,0,1,0,0
1885,28,2,59407.0,20,14,29.0,9,66,26,5,1,5,18,4,0,Operations,Analyst,Bachelor,Male,Divorced,Night,Office,Micromanager,0,1,0,1,1,1,0
1886,39,0,31043.0,0,3,57.0,14,69,29,4,3,7,6,7,1,Research,Analyst,Master,Male,Divorced,Day,Office,Hands-off,0,0,0,0,0,1,0
1887,38,5,62284.0,2,19,42.0,7,63,23,3,1,0,4,1,11,Engineering,Associate,Master,Male,Divorced,Night,Remote,Micromanager,0,0,0,0,0,0,0
1888,31,4,62903.0,9,3,,11,66,26,1,4,2,3,1,1,Research,Engineer,Master,Female,Single,Day,Office,,1,0,1,1,0,0,1
1889,47,12,83096.0,1,33,62.0,8,45,5,5,2,6,3,3,9,Engineering,Associate,High School,Male,Divorced,Day,Office,Balanced,1,0,1,0,0,0,1
1890,57,11,358125.0,19,18,,4,55,15,4,2,7,1,5,7,Engineering,Analyst,Master,Male,Married,Day,Hybrid,Supportive,1,0,0,0,1,0,0
1891,46,8,53753.0,0,32,31.0,3,53,13,4,5,3,19,4,3,Research,Engineer,Master,Male,Divorced,Day,Hybrid,Hands-off,0,0,0,1,0,1,0
1892,24,5,64843.0,18,14,35.0,15,48,8,1,5,3,18,0,14,Sales,Analyst,High School,Male,Single,Day,Hybrid,Hands-off,1,0,0,0,0,0,0
1893,26,11,73852.0,20,5,57.0,15,33,0,3,1,6,7,4,7,,Executive,Bachelor,Female,Single,Night,Office,Supportive,0,0,0,1,0,0,0
1894,55,13,74390.0,0,14,66.0,11,35,0,4,1,4,2,1,3,HR,Associate,High School,Male,Single,Night,Hybrid,Micromanager,1,1,0,1,0,0,0
1895,33,18,90419.0,13,56,38.0,13,70,30,3,1,2,13,0,0,Finance,Manager,Master,Female,Married,Day,Office,Balanced,0,0,0,1,1,0,0
1896,23,2,44964.0,0,7,54.0,9,32,0,1,3,1,2,10,3,,Lead,Bachelor,Male,Single,Flexible,Hybrid,Supportive,1,0,0,1,1,1,0
1897,52,7,68584.0,14,9,37.0,2,38,0,5,4,3,10,2,10,Engineering,Executive,Bachelor,Female,Divorced,Flexible,Hybrid,Balanced,1,0,0,1,1,0,0
1898,31,20,108538.0,19,29,67.0,2,70,30,5,1,5,16,3,8,,Lead,Master,Male,Single,Day,Office,Supportive,0,0,0,1,1,0,0
1899,50,12,58099.0,9,12,1.0,11,43,3,2,1,4,0,6,8,Finance,Analyst,Master,Female,Married,Day,Hybrid,Supportive,0,0,0,0,0,0,0
1900,48,11,65246.0,14,40,39.0,6,47,7,1,2,3,15,4,0,Marketing,Analyst,Master,Female,Single,Day,Remote,Balanced,1,0,0,1,0,1,0
1901,51,19,,13,23,41.0,13,55,15,3,3,7,6,8,0,HR,Executive,Master,Female,Single,Day,Hybrid,Balanced,1,1,0,0,0,0,0
1902,47,10,72637.0,11,5,71.0,1,37,0,2,2,2,20,9,6,Marketing,Analyst,Bachelor,Male,Single,Flexible,Hybrid,Supportive,1,1,0,0,0,1,0
1903,54,19,92266.0,2,34,49.0,15,65,25,4,1,0,19,8,11,Engineering,Lead,Bachelor,Male,Divorced,Flexible,Hybrid,Hands-off,0,0,1,1,0,0,0
1904,39,18,91701.0,2,3,25.0,6,42,2,3,1,7,9,6,14,Marketing,Executive,Bachelor,Female,Married,Day,Hybrid,Micromanager,1,0,0,0,0,0,0
1905,30,18,102619.0,18,55,36.0,5,68,28,1,1,0,2,5,1,Marketing,Analyst,Bachelor,Female,Married,Day,Remote,Balanced,0,1,0,1,1,1,0
1906,34,9,59334.0,2,14,,1,68,28,1,3,3,5,10,13,,Analyst,Bachelor,Male,Divorced,Night,Office,Balanced,0,0,0,0,0,0,0
1907,25,8,50560.0,3,16,14.0,10,66,26,4,5,6,2,2,8,Finance,Associate,Bachelor,Male,Married,Day,Remote,Micromanager,1,0,0,0,1,0,0
1908,52,11,72757.0,20,15,66.0,11,31,0,2,1,7,17,8,13,Finance,Manager,PhD,Female,Married,Night,Remote,Hands-off,0,0,0,0,1,0,0
1909,33,9,77386.0,14,41,47.0,12,60,20,4,1,2,16,4,0,Engineering,Analyst,Bachelor,Female,Single,Day,Remote,Balanced,0,0,0,1,0,0,0
1910,42,20,103866.0,20,22,12.0,12,45,5,1,5,5,9,10,5,Finance,Analyst,Bachelor,Female,Divorced,Day,Office,Hands-off,1,0,0,0,1,0,0
1911,50,9,78020.0,10,41,,1,48,8,2,5,6,1,8,15,Research,Engineer,PhD,Male,Divorced,Day,Hybrid,Balanced,0,0,0,0,0,0,0
1912,38,12,76998.0,16,53,79.0,2,70,30,5,4,4,2,3,2,Marketing,Analyst,Bachelor,Male,Divorced,Day,Hybrid,Balanced,1,0,0,0,0,0,0
1913,50,8,,16,42,36.0,9,61,21,4,2,7,0,7,5,Finance,Executive,Master,Male,Single,Flexible,Office,Supportive,0,0,0,1,0,0,0
1914,31,17,71914.0,2,44,54.0,13,50,10,4,4,0,8,9,6,Sales,Analyst,High School,Female,Married,Day,Office,,1,0,1,0,1,0,1
1915,23,20,89392.0,5,52,33.0,10,60,20,3,3,2,10,7,12,HR,Analyst,Bachelor,Male,Single,Day,Hybrid,Balanced,0,0,1,0,1,0,1
1916,40,17,85667.0,7,31,23.0,14,42,2,4,2,5,14,4,14,Research,Engineer,Bachelor,Male,Single,Day,Office,Balanced,1,1,0,1,1,0,0
1917,28,5,74495.0,2,19,73.0,7,64,24,1,1,7,19,6,13,Operations,Lead,Bachelor,Male,Single,Day,Office,Supportive,0,0,0,0,0,0,0
1918,50,4,60224.0,4,20,9.0,8,51,11,2,2,1,3,10,6,Marketing,Engineer,Bachelor,Female,Married,Flexible,Office,Hands-off,1,0,0,0,0,0,0
1919,52,5,,8,39,8.0,8,36,0,4,1,3,20,5,6,Legal,Associate,Master,Male,Single,Day,Remote,Micromanager,0,0,0,1,0,0,0
1920,27,17,64671.0,13,54,14.0,2,39,0,3,3,4,10,0,6,Research,Executive,PhD,Male,Single,Day,Hybrid,Micromanager,1,0,1,1,0,0,0
1921,38,2,58958.0,20,30,47.0,1,58,18,5,3,2,8,3,13,Sales,Lead,Bachelor,Male,Divorced,Day,Remote,Hands-off,0,0,0,0,1,1,0
1922,40,8,71283.0,14,11,70.0,6,56,16,1,4,0,5,0,9,Engineering,Analyst,Bachelor,Female,Married,Day,Hybrid,Supportive,1,0,0,1,0,0,0
1923,23,3,27602.0,14,30,46.0,2,33,0,1,1,0,6,7,1,Engineering,Engineer,High School,Male,Married,Flexible,Office,Balanced,1,0,0,0,1,0,0
1924,31,18,89401.0,16,49,33.0,2,59,19,5,3,7,3,2,12,Legal,Lead,Bachelor,Male,Divorced,Night,Office,Micromanager,1,0,0,1,0,0,0
1925,47,8,75830.0,16,58,0.0,13,50,10,1,5,6,2,10,12,,Lead,Bachelor,Female,Married,Day,Hybrid,Hands-off,0,0,1,0,1,0,0
1926,45,4,49224.0,7,17,78.0,4,58,18,4,2,2,7,0,1,Research,Executive,Bachelor,Female,Divorced,Day,Remote,Hands-off,0,0,0,0,0,0,0
1927,58,6,56566.0,20,37,5.0,10,56,16,5,4,1,9,8,11,Engineering,Engineer,PhD,Male,Single,Day,Office,,0,0,0,1,1,0,0
1928,44,15,80471.0,8,24,39.0,3,62,22,4,1,1,17,7,9,Finance,Lead,Bachelor,Male,Single,Day,Hybrid,Supportive,1,0,0,1,0,1,0
1929,44,6,56562.0,18,58,27.0,8,40,0,5,2,0,15,0,8,Finance,Engineer,Bachelor,Male,Married,Day,Office,Hands-off,1,0,0,0,0,1,0
1930,44,12,77983.0,10,6,50.0,9,70,30,2,5,3,11,6,15,Sales,Analyst,Bachelor,Other,Married,Day,Office,,1,0,0,0,0,0,1
1931,55,11,63070.0,4,22,16.0,12,32,0,3,3,0,4,4,4,Engineering,Manager,Bachelor,Male,Married,Day,Office,Supportive,0,0,1,1,0,0,1
1932,32,10,56337.0,20,16,35.0,7,57,17,5,5,5,10,7,0,Operations,Manager,Bachelor,Female,Married,Day,Hybrid,Micromanager,0,0,0,0,0,0,0
1933,34,6,55056.0,0,50,28.0,12,34,0,5,5,2,5,1,4,Sales,Analyst,Bachelor,Female,Married,Day,Office,Supportive,1,1,0,1,0,0,0
1934,35,3,58216.0,9,1,6.0,12,55,15,3,3,0,16,0,14,Engineering,Analyst,Bachelor,Female,Married,Day,Hybrid,Micromanager,0,0,1,0,0,0,1
1935,56,20,104575.0,3,12,52.0,13,48,8,1,1,5,15,8,2,Sales,Engineer,High School,Female,Divorced,Night,Office,Micromanager,1,0,0,0,0,0,0
1936,25,20,103554.0,15,17,30.0,9,50,10,1,5,0,20,9,15,Research,Analyst,Master,Female,Single,Night,Office,Hands-off,1,0,0,1,0,1,0
1937,27,7,58425.0,11,50,32.0,8,36,0,2,3,0,16,0,1,Research,Engineer,Bachelor,Male,Divorced,Day,Remote,Balanced,1,0,0,1,0,0,0
1938,37,17,70599.0,20,39,14.0,13,49,9,5,1,5,14,2,11,Operations,Lead,Bachelor,Male,Single,Day,Office,Micromanager,0,0,0,0,0,0,0
1939,32,8,,10,5,34.0,1,53,13,1,2,4,5,5,5,Sales,Engineer,Bachelor,Female,Married,Night,Office,Balanced,1,1,0,0,1,0,0
1940,34,16,107152.0,15,32,78.0,11,60,20,4,1,2,10,4,10,Operations,Associate,High School,Male,Divorced,Night,Office,Supportive,0,0,0,0,0,0,1
1941,49,20,85418.0,11,48,58.0,10,35,0,5,2,7,2,2,4,Operations,Engineer,High School,Male,Single,Day,Office,Hands-off,0,0,0,0,0,0,0
1942,45,4,33672.0,8,44,23.0,9,36,0,4,4,0,7,2,4,Sales,Manager,PhD,Female,Single,Flexible,Office,Micromanager,0,0,0,0,0,1,0
1943,34,16,83820.0,3,34,28.0,15,52,12,4,4,6,12,0,2,Engineering,Associate,Bachelor,Female,Single,Flexible,Hybrid,Micromanager,0,0,0,0,0,0,1
1944,49,8,,14,10,28.0,15,52,12,2,3,0,19,4,4,Legal,Executive,Bachelor,Female,Married,Day,Remote,Micromanager,1,0,0,1,0,0,0
1945,21,15,73709.0,2,24,66.0,8,48,8,4,5,3,11,3,4,Operations,Engineer,Master,Female,Divorced,Day,Hybrid,Supportive,0,0,0,1,1,1,0
1946,23,17,93844.0,16,10,56.0,5,58,18,4,2,4,14,5,15,Research,Manager,Bachelor,Male,Divorced,Day,Hybrid,Supportive,0,0,1,1,0,0,1
1947,26,0,54638.0,7,38,44.0,1,55,15,5,2,2,5,9,14,Engineering,Engineer,Master,Male,Divorced,Day,Office,Micromanager,0,0,0,0,0,1,0
1948,24,20,107499.0,5,12,38.0,9,48,8,2,1,2,3,2,6,,Executive,Bachelor,Female,Single,Day,Hybrid,Balanced,1,0,0,0,0,0,0
1949,41,13,94635.0,10,22,,7,66,26,3,2,3,19,9,3,Sales,Associate,Bachelor,Male,Divorced,Day,Office,Balanced,0,0,1,0,0,0,0
1950,26,10,78262.0,10,12,64.0,4,35,0,5,5,5,11,9,6,Sales,Engineer,Bachelor,Female,Divorced,Day,Office,Supportive,0,0,0,1,0,0,0
1951,53,9,57261.0,0,57,30.0,2,41,1,2,5,4,16,0,1,Sales,Engineer,Bachelor,Male,Single,Night,Hybrid,Balanced,0,0,0,0,0,0,0
1952,46,20,102827.0,6,60,29.0,5,60,20,4,1,1,2,4,1,Engineering,Executive,Bachelor,Male,Single,Day,Remote,Supportive,1,0,0,1,1,0,0
1953,59,12,80502.0,20,14,73.0,13,57,17,5,1,4,1,3,1,,Lead,Bachelor,Female,Single,Day,Office,Micromanager,1,1,0,0,1,1,0
1954,28,13,82126.0,12,35,45.0,3,58,18,2,4,3,17,3,1,Engineering,Manager,Bachelor,Female,Divorced,Night,Office,Supportive,0,0,0,0,0,0,0
1955,47,8,58516.0,12,33,69.0,9,64,24,1,4,2,10,7,8,HR,Executive,High School,Male,Married,Night,Remote,Micromanager,0,0,0,1,0,0,0
1956,37,14,71604.0,17,49,24.0,3,45,5,3,5,6,16,8,6,Engineering,Analyst,Master,Male,Divorced,Day,Hybrid,Supportive,1,0,0,0,1,0,0
1957,36,1,42082.0,20,12,,5,40,0,2,5,0,6,10,12,Marketing,Lead,Bachelor,Male,Married,Day,Office,Balanced,0,0,0,0,0,0,0
1958,49,19,103306.0,2,47,50.0,2,50,10,1,5,2,11,2,7,Engineering,Manager,Master,Female,Divorced,Day,Office,Hands-off,0,0,0,0,0,0,1
1959,53,20,112861.0,11,45,33.0,6,58,18,5,1,7,20,8,1,Operations,Lead,Master,Male,Married,Night,Office,,0,0,0,1,1,0,0
1960,58,18,108323.0,12,22,10.0,10,32,0,3,3,6,4,7,7,Marketing,Manager,Bachelor,Male,Married,Day,Office,Balanced,0,0,0,0,0,0,0
1961,44,1,46366.0,6,40,43.0,4,54,14,2,2,1,9,9,5,Research,Executive,Bachelor,Male,Married,Day,Hybrid,Balanced,0,0,0,0,0,1,0
1962,21,15,63427.0,8,29,74.0,14,40,0,2,2,3,13,7,8,Operations,Executive,Bachelor,Female,Divorced,Day,Office,Supportive,1,0,0,1,0,0,0
1963,21,8,28189.0,17,36,21.0,4,70,30,2,2,5,16,8,0,Engineering,Associate,PhD,Male,Single,Day,Office,Supportive,1,0,0,1,0,0,0
1964,58,13,69637.0,0,44,52.0,4,43,3,3,1,4,0,7,4,Sales,Engineer,Master,Female,Married,Day,Hybrid,Balanced,1,0,0,0,0,0,0
1965,29,17,86218.0,12,3,29.0,12,35,0,2,3,1,19,0,0,Sales,Analyst,Bachelor,Female,Married,Day,Hybrid,Balanced,0,0,0,0,0,0,0
1966,51,14,364945.0,10,21,28.0,7,53,13,5,1,4,1,1,4,Engineering,Associate,Master,Female,Divorced,Flexible,Remote,Balanced,1,0,0,0,0,0,0
1967,50,7,52669.0,1,12,65.0,15,36,0,3,1,3,5,5,8,Engineering,Associate,Master,Female,Single,Day,Office,Balanced,0,0,1,0,0,0,0
1968,28,8,59372.0,20,51,59.0,2,33,0,5,1,5,11,1,14,Sales,Engineer,Master,Male,Married,Day,Hybrid,Micromanager,0,0,0,0,0,0,0
1969,49,7,59620.0,3,11,58.0,3,39,0,4,1,0,20,1,5,Marketing,Engineer,Bachelor,Female,Single,Flexible,Hybrid,Micromanager,1,0,0,0,0,0,0
1970,39,10,90337.0,2,14,49.0,11,35,0,2,1,0,8,10,9,Legal,Analyst,Master,Male,Divorced,Night,Office,Balanced,0,0,0,0,0,1,1
1971,47,2,38603.0,20,12,48.0,1,40,0,1,1,6,10,10,12,Sales,Engineer,Master,Male,Single,Day,Office,Balanced,1,0,0,0,0,0,0
1972,24,17,77031.0,9,55,15.0,8,32,0,4,2,2,18,4,2,Finance,Analyst,Bachelor,Female,Single,Flexible,Hybrid,Supportive,0,0,0,0,1,0,0
1973,22,17,91105.0,1,6,39.0,10,35,0,4,5,7,5,1,10,Research,Manager,Bachelor,Other,Married,Night,Office,Supportive,1,1,1,0,0,1,0
1974,27,2,48971.0,0,12,4.0,11,60,20,1,5,1,0,5,11,Marketing,Associate,High School,Female,Divorced,Night,Remote,Supportive,0,1,0,0,0,0,0
1975,38,15,97010.0,13,54,79.0,15,65,25,5,3,7,2,4,10,Sales,Associate,Bachelor,Male,Single,Day,Office,Micromanager,0,0,1,1,1,1,0
1976,55,9,75092.0,3,45,24.0,2,67,27,3,4,5,7,5,11,Engineering,Analyst,High School,Male,Married,Day,Hybrid,Balanced,0,0,0,0,1,0,0
1977,33,10,65394.0,17,31,2.0,4,46,6,2,5,0,12,2,12,Marketing,Lead,Bachelor,Female,Divorced,Day,Remote,Micromanager,1,0,0,0,0,0,0
1978,34,17,109481.0,12,14,40.0,8,54,14,5,3,6,6,9,8,Sales,Analyst,Master,Female,Married,Day,Office,Supportive,1,0,0,0,1,0,0
1979,23,13,85350.0,17,34,28.0,12,44,4,5,3,6,8,10,14,Engineering,Manager,High School,Female,Single,Night,Office,Balanced,1,0,1,0,0,0,1
1980,52,13,86748.0,16,5,24.0,14,68,28,4,4,0,19,5,4,Marketing,Engineer,Master,Female,Married,Day,Office,Balanced,0,0,0,1,1,0,0
1981,49,16,64664.0,3,10,79.0,3,68,28,2,5,3,3,4,1,HR,Analyst,Bachelor,Male,Divorced,Flexible,Hybrid,Balanced,0,0,0,1,0,0,0
1982,58,13,65439.0,10,28,3.0,3,53,13,1,3,6,19,0,13,Legal,Executive,Master,Male,Married,Night,Office,Balanced,0,0,0,1,0,0,0
1983,33,19,98151.0,14,34,27.0,13,31,0,1,2,4,15,7,7,,Associate,Bachelor,Female,Divorced,Day,Office,Balanced,0,0,0,0,1,0,0
1984,36,5,34470.0,17,40,35.0,4,68,28,1,1,0,6,3,9,Sales,Associate,Bachelor,Male,Divorced,Day,Office,Balanced,0,1,0,0,0,1,0
1985,38,9,85984.0,9,41,47.0,5,54,14,1,1,1,4,6,7,Marketing,Manager,High School,Female,Single,Day,Hybrid,Balanced,0,0,0,1,1,0,0
1986,27,20,103281.0,11,53,,15,41,1,5,5,0,8,10,3,Legal,Associate,Master,Male,Divorced,Day,Office,Micromanager,0,0,0,0,0,1,0
1987,21,9,72398.0,11,37,56.0,9,40,0,4,2,5,14,1,8,Legal,Manager,Master,Male,Single,Day,Office,Balanced,0,0,0,1,0,1,0
1988,51,2,84432.0,4,29,51.0,1,48,8,3,1,7,19,4,2,Marketing,Executive,Master,Female,Married,Night,Office,Balanced,0,0,0,0,0,0,0
1989,23,13,84821.0,0,46,53.0,2,33,0,2,4,6,16,8,9,Operations,Engineer,Bachelor,Female,Divorced,Night,Hybrid,Balanced,0,0,0,0,0,1,0
1990,24,14,91930.0,17,7,70.0,8,58,18,1,4,3,0,1,1,Legal,Lead,High School,Female,Married,Day,Hybrid,Supportive,0,0,0,0,0,0,0
1991,25,16,99276.0,17,11,75.0,9,53,13,2,3,2,8,0,5,Sales,Manager,Bachelor,Female,Divorced,Day,Office,Supportive,1,0,0,0,0,1,0
1992,48,6,62375.0,9,40,75.0,12,46,6,1,4,2,3,6,10,Sales,Engineer,Master,Male,Divorced,Day,Office,Balanced,0,0,0,0,1,0,0
1993,49,16,87946.0,13,60,19.0,4,51,11,4,5,3,20,7,8,Operations,Manager,Bachelor,Male,Married,Day,Office,Supportive,0,0,0,1,0,1,0
1994,38,6,82243.0,5,26,71.0,9,59,19,5,4,2,9,8,6,Sales,Analyst,Bachelor,Male,Divorced,Day,Office,Micromanager,1,1,0,1,0,0,0
1995,30,17,97285.0,2,8,10.0,14,61,21,2,1,6,10,7,7,Operations,Executive,High School,Male,Divorced,Day,Hybrid,Hands-off,1,1,0,0,0,0,0
1996,33,6,,2,24,46.0,8,36,0,5,5,0,7,6,6,Engineering,Engineer,Bachelor,Male,Divorced,Flexible,Hybrid,Balanced,1,0,0,0,0,0,0
1997,27,7,,18,41,33.0,11,34,0,3,1,1,13,9,0,HR,Manager,High School,Female,Single,Day,Remote,Micromanager,1,1,0,0,0,0,0
1998,36,18,83419.0,19,13,7.0,6,61,21,1,5,7,17,2,11,,Analyst,High School,Female,Married,Night,Office,Balanced,0,1,0,0,1,1,0
1999,33,12,335395.0,20,1,15.0,10,62,22,4,2,2,17,1,15,,Analyst,Master,Female,Married,Day,Hybrid,Micromanager,0,0,0,1,0,0,0
2000,33,5,63128.0,0,33,3.0,14,64,24,3,2,4,0,10,11,Engineering,Associate,Master,Male,Married,Day,Remote,Supportive,0,0,0,0,0,0,0
2001,56,7,50847.0,17,19,9.0,2,70,30,1,5,2,14,9,7,HR,Lead,Bachelor,Male,Single,Night,Office,Balanced,0,0,0,0,1,0,0
2002,50,4,35547.0,16,26,24.0,9,59,19,5,4,4,1,5,12,Research,Analyst,Bachelor,Female,Married,Day,Remote,Micromanager,1,0,0,1,0,0,0
2003,25,1,60053.0,9,12,,7,41,1,3,2,2,20,9,12,Sales,Engineer,Master,Male,Single,Day,Hybrid,,1,0,0,0,0,1,0
2004,28,4,30052.0,9,50,54.0,14,56,16,3,5,6,4,5,11,Finance,Engineer,Bachelor,Male,Divorced,Day,Remote,Supportive,0,1,0,0,1,0,0
2005,21,17,93040.0,10,16,69.0,1,64,24,3,3,4,7,5,1,Engineering,Manager,Master,Female,Married,Day,Remote,Balanced,0,0,0,0,0,0,0
2006,31,10,67845.0,19,52,14.0,9,54,14,1,3,1,10,9,12,Marketing,Executive,Bachelor,Male,Divorced,Flexible,Remote,Micromanager,0,0,0,1,1,0,0
2007,59,9,72446.0,3,3,60.0,8,43,3,4,3,2,20,8,9,Engineering,Manager,Master,Male,Married,Day,Hybrid,Balanced,1,0,0,1,0,0,0
2008,29,5,55352.0,7,48,18.0,2,35,0,5,2,2,18,0,4,Sales,Analyst,Bachelor,Male,Single,Day,Office,Balanced,1,0,0,0,1,0,0
2009,46,6,61169.0,13,18,56.0,12,46,6,1,5,4,20,5,6,Sales,Manager,PhD,Female,Single,Day,Office,Hands-off,0,0,0,1,0,1,0
2010,23,13,80042.0,12,27,35.0,1,64,24,4,3,6,17,4,6,Sales,Analyst,Master,Female,Divorced,Day,Office,Micromanager,1,0,0,1,1,0,0
2011,50,9,61671.0,0,20,78.0,7,32,0,3,5,4,7,10,2,Sales,Lead,Bachelor,Male,Married,Day,Hybrid,Supportive,0,0,0,0,0,0,0
2012,43,16,89778.0,20,10,7.0,6,43,3,3,2,5,14,1,3,Engineering,Analyst,Master,Male,Married,Day,Hybrid,Hands-off,0,0,0,1,0,0,0
2013,34,8,73940.0,12,22,60.0,2,67,27,1,2,0,20,8,9,HR,Engineer,Master,Male,Single,Flexible,Office,Balanced,1,0,0,0,0,0,0
2014,52,11,,18,47,37.0,9,39,0,2,3,0,4,7,5,Research,Manager,Bachelor,Male,Divorced,Day,Hybrid,Balanced,0,1,0,1,0,1,0
2015,58,5,57275.0,14,34,62.0,2,61,21,5,1,6,0,10,2,HR,Lead,Master,Male,Divorced,Day,Remote,Micromanager,0,0,0,1,1,1,0
2016,56,8,66340.0,4,7,64.0,11,41,1,1,5,0,9,7,0,Operations,Manager,High School,Male,Single,Night,Hybrid,Supportive,1,0,0,0,0,0,0
2017,43,10,54356.0,17,13,79.0,6,45,5,3,2,7,10,9,12,HR,Engineer,Master,Female,Divorced,Night,Office,Supportive,0,0,0,1,1,0,0
2018,34,18,89387.0,19,4,31.0,10,57,17,4,2,1,8,2,0,Engineering,Lead,Master,Female,Married,Day,Remote,Supportive,0,0,0,0,0,1,0
2019,48,2,29918.0,3,58,69.0,12,41,1,2,4,1,15,6,8,HR,Manager,Bachelor,Male,Divorced,Night,Hybrid,Hands-off,1,0,0,0,0,0,0
2020,34,14,,14,52,0.0,12,48,8,1,2,6,17,2,15,Engineering,Engineer,Master,Female,Divorced,Day,Hybrid,Supportive,0,0,0,1,1,1,0
2021,21,15,83249.0,2,56,71.0,2,45,5,2,5,7,9,10,10,Marketing,Manager,Bachelor,Male,Married,Day,Office,Supportive,1,0,0,0,1,0,0
2022,51,7,71870.0,20,20,45.0,6,58,18,5,2,6,19,5,8,Engineering,Analyst,Bachelor,Male,Single,Day,Remote,Balanced,0,1,0,0,1,1,0
2023,45,10,85409.0,17,32,45.0,1,69,29,1,5,2,5,6,2,Finance,Executive,Master,Male,Married,Night,Remote,Balanced,1,0,0,0,0,0,0
2024,27,10,79696.0,9,14,34.0,14,65,25,4,5,1,6,4,4,Marketing,Engineer,High School,Female,Single,Day,Hybrid,Balanced,1,0,0,0,0,0,0
2025,22,16,92214.0,20,46,10.0,14,48,8,2,2,2,3,4,4,HR,Lead,Bachelor,Female,Single,Day,Hybrid,Micromanager,1,0,0,0,0,0,1
2026,59,13,53185.0,11,28,41.0,11,66,26,4,4,1,12,7,12,Operations,Lead,Bachelor,Female,Divorced,Flexible,Office,Supportive,1,0,0,0,0,0,0
2027,33,5,46817.0,13,32,44.0,5,64,24,4,2,2,18,1,1,Engineering,Manager,Master,Female,Married,Flexible,Hybrid,Balanced,1,0,0,0,0,0,1
2028,23,4,55261.0,2,60,38.0,7,57,17,1,5,4,14,2,6,Finance,Analyst,Master,Female,Married,Day,Remote,Balanced,0,1,0,0,0,0,1
2029,42,20,98916.0,17,55,9.0,15,57,17,5,1,0,18,7,4,Marketing,Engineer,Bachelor,Female,Divorced,Day,Hybrid,Balanced,0,0,0,1,0,0,0
2030,24,13,77904.0,8,36,69.0,8,55,15,2,1,6,16,3,4,Marketing,Engineer,High School,Female,Divorced,Flexible,Remote,Supportive,0,0,0,1,1,0,0
2031,47,11,76884.0,0,26,39.0,8,50,10,1,4,0,3,1,0,Finance,Manager,PhD,Male,Divorced,Day,Office,Balanced,0,0,0,1,0,1,0
2032,44,6,80276.0,19,33,27.0,11,64,24,4,2,6,0,3,13,Sales,Lead,Bachelor,Female,Married,Day,Office,Balanced,0,0,0,1,0,1,1
2033,51,12,,1,6,60.0,2,46,6,2,4,3,8,9,13,HR,Manager,PhD,Male,Married,Flexible,Office,Hands-off,0,0,0,1,1,1,0
2034,50,20,108407.0,6,48,,11,70,30,4,5,5,3,2,8,Operations,Associate,Bachelor,Male,Single,Day,Hybrid,Balanced,0,0,1,0,0,0,0
2035,34,15,94433.0,18,19,43.0,15,44,4,5,3,2,14,3,12,HR,Executive,Master,Female,Single,Day,Office,Supportive,0,0,0,0,0,0,0
2036,35,2,51889.0,1,40,29.0,7,38,0,3,1,7,12,8,13,Legal,Associate,High School,Male,Single,Day,Office,Balanced,0,1,0,0,0,0,0
2037,40,13,93034.0,14,24,40.0,4,41,1,3,1,5,9,0,3,Engineering,Engineer,Master,Male,Single,Day,Office,Balanced,0,0,0,0,0,0,0
2038,59,18,101694.0,4,40,68.0,5,36,0,2,1,2,19,4,6,Sales,Analyst,Bachelor,Male,Married,Day,Office,Balanced,1,0,0,0,1,0,1
2039,41,18,108519.0,3,57,11.0,2,41,1,2,4,7,17,2,15,Sales,Associate,High School,Female,Single,Flexible,Office,Hands-off,0,0,1,0,1,0,0
2040,55,3,46592.0,16,59,13.0,6,68,28,1,5,0,2,4,5,Sales,Associate,Master,Female,Married,Day,Office,Balanced,1,0,0,0,0,0,1
2041,49,5,,17,42,6.0,1,33,0,4,1,1,18,8,11,Legal,Lead,PhD,Male,Married,Day,Office,,0,0,0,0,0,0,0
2042,57,18,87720.0,19,21,78.0,1,53,13,5,3,4,17,7,11,Engineering,Associate,Master,Male,Married,Night,Remote,Balanced,0,0,0,1,0,0,0
2043,32,0,41074.0,1,3,31.0,8,53,13,5,3,4,6,4,15,HR,Engineer,Bachelor,Male,Married,Day,Hybrid,Hands-off,1,1,0,1,0,0,0
2044,34,14,76380.0,8,53,31.0,6,54,14,1,2,4,17,3,3,Finance,Analyst,Bachelor,Female,Married,Day,Hybrid,Supportive,0,0,0,1,0,0,0
2045,27,15,78182.0,20,26,64.0,13,31,0,4,5,7,8,4,5,Engineering,Manager,Bachelor,Female,Married,Day,Office,Micromanager,1,0,0,1,0,0,0
2046,46,18,101377.0,18,30,35.0,10,38,0,2,1,5,5,5,0,Research,Analyst,High School,Female,Single,Day,Office,Supportive,0,0,0,0,0,0,0
2047,49,3,52296.0,8,30,8.0,1,41,1,5,5,3,12,9,0,Sales,Analyst,High School,Male,Married,Day,Office,Balanced,0,0,1,1,0,1,0
2048,56,8,43889.0,3,45,1.0,7,54,14,2,1,4,16,4,9,Sales,Manager,Master,Male,Married,Day,Hybrid,Micromanager,1,0,0,0,0,1,0
2049,27,16,79470.0,14,29,67.0,3,40,0,2,2,6,13,4,6,Operations,Analyst,Master,Male,Single,Day,Office,Hands-off,1,1,0,1,0,0,0
2050,52,20,93712.0,15,17,0.0,7,55,15,1,4,0,9,9,9,Engineering,Associate,Master,Male,Single,Flexible,Remote,Balanced,0,0,0,0,1,0,0
2051,24,18,69306.0,19,45,56.0,9,53,13,4,2,3,5,7,3,Finance,Lead,Master,Female,Single,Day,Remote,Balanced,1,0,0,1,1,0,0
2052,45,17,,18,21,22.0,13,59,19,4,4,1,19,0,12,Engineering,Associate,Bachelor,Female,Married,Day,Hybrid,Hands-off,1,0,1,1,1,0,0
2053,44,12,91851.0,2,35,64.0,11,33,0,2,4,2,1,2,11,Finance,Manager,Master,Male,Divorced,Day,Office,Micromanager,0,0,0,1,0,0,0
2054,32,4,59720.0,15,32,28.0,14,62,22,1,3,0,7,10,2,Sales,Lead,Bachelor,Male,Married,Day,Office,Balanced,0,0,0,1,0,0,1
2055,41,9,76609.0,19,13,14.0,10,65,25,3,1,4,19,0,14,Finance,Lead,Bachelor,Male,Divorced,Night,Office,Micromanager,1,0,0,1,1,0,0
2056,46,12,86645.0,13,36,41.0,12,48,8,5,4,6,0,5,5,,Manager,Bachelor,Female,Single,Flexible,Office,,0,0,0,1,0,0,0
2057,57,3,51749.0,18,58,61.0,14,31,0,5,5,3,13,2,15,Marketing,Analyst,Master,Male,Married,Night,Office,Balanced,1,0,0,1,1,0,0
2058,39,13,81012.0,8,3,13.0,4,64,24,1,4,0,1,1,8,Operations,Associate,Master,Female,Divorced,Day,Remote,Supportive,0,0,0,0,0,1,0
2059,48,15,76432.0,20,58,,8,68,28,3,4,6,20,6,5,,Executive,PhD,Female,Married,Flexible,Hybrid,Supportive,1,1,1,1,0,0,0
2060,52,3,53629.0,17,5,28.0,12,44,4,3,5,2,10,3,4,Operations,Lead,Master,Male,Married,Day,Hybrid,Micromanager,0,1,0,0,1,0,0
2061,34,18,93772.0,4,26,67.0,9,48,8,4,2,2,2,6,15,HR,Associate,PhD,Male,Single,Day,Office,Supportive,0,0,0,0,0,0,0
2062,22,4,44311.0,3,53,0.0,15,42,2,1,4,4,20,7,13,,Lead,Master,Female,Married,Day,Remote,Supportive,1,0,0,0,1,0,0
2063,42,17,78384.0,3,50,40.0,2,66,26,3,3,5,18,5,4,Sales,Associate,High School,Female,Married,Day,Office,Balanced,1,0,1,1,0,0,0
2064,36,11,57677.0,20,4,59.0,1,57,17,2,2,7,13,6,15,Legal,Manager,Bachelor,Female,Single,Day,Hybrid,Hands-off,1,0,0,0,0,0,0
2065,29,6,,7,2,36.0,3,66,26,5,1,6,9,0,0,Engineering,Executive,Bachelor,Female,Divorced,Flexible,Office,Hands-off,1,0,0,0,0,0,0
2066,44,0,36470.0,20,31,35.0,5,34,0,3,2,2,1,8,12,Engineering,Executive,High School,Female,Single,Day,Hybrid,Balanced,1,0,0,0,1,0,0
2067,54,11,56696.0,0,15,53.0,3,43,3,1,5,5,4,1,14,Sales,Executive,Bachelor,Male,Divorced,Day,Hybrid,Hands-off,1,0,0,1,0,0,0
2068,44,8,58278.0,19,49,5.0,1,57,17,3,4,3,5,7,2,Engineering,Lead,Bachelor,Male,Married,Day,Office,Balanced,1,1,0,0,0,0,0
2069,43,13,95844.0,19,25,10.0,15,55,15,5,4,4,4,6,11,Marketing,Engineer,Bachelor,Male,Single,Flexible,Remote,Balanced,0,0,0,0,1,1,0
2070,29,7,69154.0,17,11,18.0,6,51,11,1,4,7,16,7,6,Engineering,Associate,Bachelor,Male,Divorced,Day,Remote,Balanced,1,0,0,1,1,0,1
2071,27,13,77909.0,10,10,20.0,3,48,8,4,2,2,11,0,13,Research,Manager,Bachelor,Female,Married,Day,Hybrid,Balanced,0,0,0,0,0,0,0
2072,22,15,82438.0,4,15,43.0,3,35,0,1,5,4,20,7,2,Sales,Executive,Master,Female,Married,Flexible,Hybrid,Supportive,1,0,0,1,0,1,0
2073,36,2,29036.0,0,12,27.0,10,47,7,1,1,1,6,0,14,Marketing,Associate,Master,Female,Divorced,Day,Office,Balanced,0,0,0,0,0,1,0
2074,39,15,96077.0,0,46,44.0,7,41,1,5,4,2,1,10,3,Marketing,Engineer,Bachelor,Female,Single,Day,Hybrid,Balanced,0,0,0,1,0,0,0
2075,48,3,70661.0,7,49,64.0,15,49,9,4,1,4,9,8,13,Finance,Analyst,Bachelor,Female,Married,Day,Hybrid,Balanced,1,1,0,1,0,1,0
2076,28,19,94974.0,15,17,26.0,13,32,0,2,3,4,16,4,12,HR,Executive,Master,Female,Married,Day,Hybrid,Balanced,1,0,0,1,1,0,0
2077,57,11,68692.0,9,48,56.0,3,39,0,3,2,7,11,8,2,Research,Analyst,Master,Female,Single,Day,Office,Supportive,1,0,0,0,0,0,0
2078,53,1,50884.0,18,14,46.0,2,42,2,4,5,3,10,9,1,Engineering,Associate,Bachelor,Female,Divorced,Day,Office,Balanced,0,0,0,1,0,0,0
2079,34,17,88331.0,5,24,37.0,6,49,9,2,4,1,0,6,13,Sales,Engineer,Master,Male,Single,Day,Hybrid,Balanced,1,0,0,1,1,0,0
2080,31,14,90116.0,12,35,19.0,11,52,12,5,5,3,18,1,3,Operations,Associate,Bachelor,Male,Single,Night,Hybrid,Balanced,1,0,0,0,1,0,0
2081,23,13,84786.0,1,40,62.0,1,70,30,4,1,7,20,4,15,Sales,Lead,Master,Male,Divorced,Night,Remote,Supportive,1,0,0,1,0,0,0
2082,39,18,,15,59,36.0,11,62,22,5,1,4,6,9,8,Engineering,Associate,Bachelor,Female,Married,Night,Hybrid,Supportive,0,0,0,0,0,0,0
2083,53,12,69547.0,18,45,17.0,11,59,19,3,4,1,20,7,1,HR,Engineer,Master,Male,Single,Day,Remote,Balanced,0,0,0,0,0,1,0
2084,34,5,74968.0,17,37,73.0,15,64,24,3,1,5,9,2,15,Research,Analyst,Master,Female,Single,Day,Office,Hands-off,0,0,1,1,0,0,1
2085,23,15,87641.0,18,60,13.0,7,46,6,1,5,4,1,3,15,HR,Executive,PhD,Male,Single,Day,Office,Supportive,1,1,0,0,0,1,0
2086,34,7,69588.0,2,12,46.0,6,45,5,2,5,2,5,1,1,Research,Lead,Master,Male,Divorced,Night,Office,Balanced,0,0,0,1,0,0,0
2087,36,19,105677.0,16,26,17.0,12,36,0,4,3,3,14,0,11,Research,Analyst,Bachelor,Male,Single,Day,Hybrid,Supportive,0,0,1,0,0,0,0
2088,40,9,67176.0,14,32,11.0,8,41,1,1,5,1,7,9,7,Legal,Associate,Master,Male,Married,Flexible,Hybrid,Micromanager,0,0,1,0,0,0,1
2089,44,2,25184.0,7,42,73.0,6,55,15,4,4,7,2,1,9,Finance,Executive,Bachelor,Male,Divorced,Night,Hybrid,Micromanager,0,0,0,0,1,1,1
2090,44,13,68474.0,4,55,53.0,11,50,10,3,4,6,12,2,7,Finance,Engineer,PhD,Female,Single,Day,Office,Balanced,1,0,0,0,0,0,0
2091,33,13,89463.0,16,4,54.0,11,60,20,1,5,5,4,6,5,Marketing,Associate,Master,Male,Single,Flexible,Hybrid,Balanced,0,0,0,0,1,1,0
2092,21,19,94815.0,6,55,10.0,5,33,0,4,5,4,9,6,4,Marketing,Associate,Master,Female,Married,Day,Office,Hands-off,0,0,0,1,0,0,0
2093,26,11,63881.0,5,57,60.0,3,66,26,3,3,6,17,9,12,Operations,Executive,Bachelor,Male,Divorced,Day,Hybrid,Balanced,0,0,0,0,0,1,0
2094,47,2,52538.0,14,52,68.0,2,70,30,2,5,3,6,3,7,Operations,Manager,Master,Male,Divorced,Day,Remote,Balanced,0,0,0,0,1,0,1
2095,41,0,43176.0,15,29,69.0,14,39,0,4,1,6,4,7,15,Research,Lead,Master,Female,Single,Day,Office,Balanced,0,0,0,0,0,0,1
2096,52,3,60990.0,19,56,67.0,13,45,5,3,3,1,0,4,3,Engineering,Engineer,Bachelor,Male,Single,Day,Office,Supportive,0,1,0,0,1,0,0
2097,38,15,92818.0,18,23,32.0,12,67,27,3,2,1,16,4,13,Operations,Associate,High School,Female,Married,Day,Hybrid,,0,1,0,1,0,0,0
2098,26,18,104469.0,11,40,5.0,14,32,0,3,1,7,10,1,14,Engineering,Engineer,Bachelor,Female,Divorced,Day,Hybrid,,1,1,0,0,0,0,0
2099,21,3,74658.0,6,14,47.0,15,66,26,5,5,1,4,4,5,Operations,Lead,High School,Female,Divorced,Day,Office,Supportive,0,0,0,1,1,1,0
2100,31,1,35744.0,0,17,1.0,12,33,0,4,5,1,9,10,6,Engineering,Engineer,Master,Male,Divorced,Day,Hybrid,Balanced,1,0,0,1,0,0,0
2101,48,9,93002.0,19,30,78.0,5,60,20,3,1,4,10,4,13,HR,Analyst,Master,Female,Married,Night,Hybrid,Balanced,1,0,0,1,1,0,0
2102,30,2,55162.0,10,54,27.0,5,41,1,4,5,4,13,3,2,Marketing,Analyst,Master,Male,Single,Day,Hybrid,Supportive,0,0,0,1,0,0,0
2103,51,20,105845.0,15,33,5.0,13,30,0,5,5,2,11,9,9,Finance,Analyst,High School,Male,Single,Day,Remote,Micromanager,1,0,0,0,0,0,1
2104,55,16,78909.0,5,36,53.0,4,63,23,2,4,0,11,6,9,Finance,Executive,Master,Female,Divorced,Day,Remote,Hands-off,0,0,0,1,0,0,0
2105,37,6,50309.0,10,5,61.0,3,47,7,2,2,6,19,6,13,Operations,Engineer,Master,Male,Single,Day,Office,Balanced,1,0,0,0,1,0,0
2106,49,16,72206.0,11,44,51.0,1,57,17,4,5,1,15,6,5,HR,Engineer,Master,Male,Married,Day,Office,Balanced,1,0,0,1,1,0,0
2107,47,2,57180.0,16,3,2.0,8,45,5,4,3,0,18,3,0,Sales,Manager,High School,Male,Single,Day,Hybrid,Supportive,0,0,0,1,0,0,0
2108,38,13,65213.0,19,23,4.0,14,68,28,4,1,5,18,1,11,Engineering,Associate,Bachelor,Male,Single,Night,Hybrid,Supportive,1,0,0,0,0,0,0
2109,49,2,50340.0,4,48,70.0,4,45,5,1,2,3,12,4,15,Operations,Lead,Bachelor,Female,Married,Flexible,Office,,0,1,0,1,0,1,0
2110,21,8,59744.0,20,14,27.0,2,62,22,4,3,1,18,1,7,Engineering,Lead,Master,Male,Divorced,Night,Hybrid,Supportive,0,0,0,0,0,0,0
2111,40,0,,9,45,2.0,11,70,30,1,3,0,12,8,13,Operations,Executive,Bachelor,Female,Divorced,Day,Remote,Hands-off,1,0,0,0,1,0,0
2112,60,1,44311.0,1,21,69.0,15,68,28,2,4,7,17,9,3,Research,Manager,Bachelor,Male,Married,Flexible,Hybrid,Balanced,1,0,1,0,1,0,0
2113,42,16,93731.0,10,6,75.0,11,56,16,1,2,4,4,3,6,Engineering,Engineer,Bachelor,Male,Divorced,Day,Hybrid,Balanced,0,0,0,0,0,0,0
2114,60,15,79463.0,0,16,69.0,4,35,0,3,1,2,2,4,6,Finance,Lead,Master,Female,Single,Flexible,Hybrid,Hands-off,1,0,0,1,0,0,0
2115,28,10,60524.0,7,17,53.0,13,46,6,3,2,5,17,3,6,Operations,Executive,High School,Male,Single,Day,Remote,Hands-off,1,0,0,0,0,0,0
2116,23,9,86635.0,17,16,40.0,5,30,0,3,3,2,12,7,2,HR,Manager,Bachelor,Female,Single,Day,Remote,Supportive,1,0,0,0,0,1,0
2117,48,1,42571.0,15,8,68.0,4,33,0,4,2,3,18,9,12,Marketing,Executive,High School,Male,Divorced,Flexible,Remote,Balanced,1,0,1,1,0,0,0
2118,51,3,39506.0,16,44,51.0,15,37,0,1,1,5,19,10,7,Finance,Analyst,Bachelor,Male,Married,Day,Hybrid,Balanced,0,0,0,0,0,0,0
2119,53,15,52595.0,14,40,35.0,3,63,23,2,5,2,18,0,11,Finance,Engineer,Bachelor,Female,Married,Day,Office,Supportive,0,0,0,0,0,0,1
2120,44,12,71193.0,2,28,29.0,13,50,10,2,3,7,17,8,13,Operations,Manager,Master,Female,Divorced,Day,Office,Balanced,0,0,0,1,1,1,0
2121,22,8,57902.0,4,56,43.0,13,62,22,4,5,1,1,10,11,Sales,Analyst,Master,Female,Divorced,Night,Office,Micromanager,1,1,0,0,0,0,0
2122,55,3,,8,43,21.0,13,54,14,5,1,0,16,8,6,Legal,Manager,Bachelor,Male,Single,Day,Hybrid,Balanced,0,0,0,1,0,1,1
2123,40,19,95277.0,5,17,4.0,4,64,24,3,2,5,12,10,13,Sales,Engineer,High School,Female,Divorced,Night,Hybrid,Balanced,0,0,0,1,0,0,0
2124,44,8,61928.0,16,49,49.0,4,55,15,5,5,6,6,3,12,,Analyst,Master,Male,Divorced,Night,Office,Supportive,1,0,0,0,1,0,0
2125,27,15,76747.0,9,9,70.0,12,62,22,4,4,6,16,5,11,Sales,Manager,Master,Male,Single,Night,Office,Supportive,0,0,0,0,1,0,0
2126,36,6,66257.0,18,20,53.0,11,64,24,1,4,7,3,0,1,Sales,Lead,Master,Female,Divorced,Night,Remote,Balanced,0,0,0,0,1,0,0
2127,39,18,100036.0,6,6,61.0,2,37,0,4,3,1,3,7,13,Research,Analyst,PhD,Female,Married,Night,Office,Balanced,1,0,0,0,0,0,0
2128,56,13,297620.0,19,54,,4,44,4,1,4,3,7,7,4,Research,Lead,Bachelor,Male,Single,Night,Office,Supportive,0,0,0,0,1,0,1
2129,33,17,92019.0,1,50,24.0,13,34,0,4,1,1,14,6,7,,Lead,High School,Female,Married,Flexible,Remote,Hands-off,0,0,0,1,0,0,0
2130,24,11,61773.0,3,59,11.0,1,36,0,5,1,4,11,6,5,Engineering,Engineer,Bachelor,Male,Single,Day,Office,Hands-off,1,0,0,1,0,0,0
2131,53,10,68858.0,0,29,56.0,14,37,0,5,2,6,17,6,3,Operations,Manager,Bachelor,Male,Married,Day,Hybrid,Balanced,1,0,0,0,0,1,0
2132,50,13,88063.0,17,41,51.0,9,45,5,1,1,7,18,10,5,Engineering,Manager,PhD,Male,Married,Flexible,Office,Supportive,1,0,0,0,0,0,0
2133,46,13,63876.0,14,30,3.0,2,52,12,1,4,3,4,10,3,Finance,Executive,Bachelor,Male,Married,Flexible,Hybrid,Balanced,0,0,1,1,0,0,1
2134,60,18,70313.0,4,24,,3,64,24,4,2,6,9,4,14,Sales,Engineer,Master,Male,Divorced,Day,Hybrid,Supportive,0,0,0,1,0,0,0
2135,36,2,40577.0,13,3,16.0,1,70,30,4,4,3,10,8,12,Sales,Manager,Bachelor,Female,Divorced,Day,Remote,Supportive,0,0,1,1,0,0,0
2136,33,15,93100.0,15,43,72.0,2,42,2,3,4,1,17,8,2,Research,Analyst,Bachelor,Male,Divorced,Night,Hybrid,Balanced,0,0,0,1,0,0,0
2137,60,0,51595.0,19,32,35.0,2,66,26,1,1,4,17,8,9,Engineering,Lead,High School,Female,Single,Day,Hybrid,Micromanager,0,0,0,0,1,0,0
2138,51,18,95410.0,4,25,64.0,5,70,30,1,2,1,20,2,1,Engineering,Analyst,High School,Female,Married,Day,Hybrid,Balanced,1,1,0,0,1,1,0
2139,33,5,61291.0,1,50,61.0,10,50,10,1,5,7,19,6,8,Engineering,Engineer,High School,Male,Single,Day,Hybrid,Supportive,0,0,0,0,1,1,0
2140,40,14,92733.0,4,42,,1,36,0,3,2,5,8,1,5,Finance,Executive,Bachelor,Female,Single,Day,Office,Balanced,0,0,1,0,0,0,1
2141,39,17,102520.0,19,11,72.0,15,45,5,5,5,5,14,5,1,Sales,Manager,Bachelor,Female,Married,Day,Office,Supportive,1,0,0,0,0,0,0
2142,49,7,46231.0,16,57,68.0,9,50,10,2,3,6,6,10,13,Sales,Engineer,Master,Male,Married,Night,Hybrid,Hands-off,0,0,0,0,0,0,0
2143,25,16,109466.0,8,9,,4,35,0,4,1,5,5,2,15,Marketing,Associate,Bachelor,Female,Divorced,Day,Office,Balanced,0,0,0,0,0,0,0
2144,41,18,368815.0,11,1,49.0,10,55,15,3,2,7,8,3,10,Marketing,Analyst,Master,Female,Married,Flexible,Remote,Supportive,1,0,0,0,0,1,0
2145,57,2,52865.0,3,3,65.0,5,47,7,2,2,5,17,7,11,Operations,Analyst,Bachelor,Female,Single,Day,Office,Balanced,1,0,1,0,0,0,0
2146,36,13,95892.0,16,47,31.0,11,42,2,1,4,3,3,4,9,Engineering,Engineer,High School,Female,Married,Night,Hybrid,Micromanager,0,0,0,1,0,0,0
2147,59,8,346490.0,16,27,10.0,14,51,11,2,4,1,19,7,14,Sales,Associate,Bachelor,Female,Divorced,Day,Hybrid,Balanced,1,0,1,1,0,1,0
2148,34,20,84275.0,1,3,55.0,12,55,15,4,2,6,1,7,10,Marketing,Executive,Master,Other,Married,Flexible,Hybrid,Balanced,1,0,0,0,0,0,0
2149,22,17,105352.0,3,22,53.0,8,51,11,4,4,4,9,10,8,Sales,Executive,Bachelor,Female,Divorced,Day,Office,Micromanager,0,0,0,0,0,0,0
2150,51,15,76109.0,12,6,68.0,1,38,0,2,5,6,15,7,1,Marketing,Associate,Master,Male,Divorced,Day,Remote,,1,0,0,0,0,0,0
2151,30,3,55317.0,0,54,73.0,15,52,12,2,1,6,5,2,11,HR,Lead,Bachelor,Other,Single,Day,Office,Balanced,0,0,0,1,0,0,0
2152,43,11,73934.0,13,47,70.0,4,47,7,2,5,2,5,9,13,Marketing,Executive,Bachelor,Female,Divorced,Day,Hybrid,,0,0,0,0,1,0,0
2153,48,16,67552.0,5,35,20.0,15,46,6,1,2,0,16,6,8,Operations,Engineer,Bachelor,Female,Married,Day,Remote,Balanced,0,0,1,0,0,0,1
2154,45,13,71466.0,4,7,16.0,7,70,30,3,1,4,12,8,12,Sales,Lead,Master,Female,Divorced,Day,Hybrid,Balanced,1,0,0,0,0,1,0
2155,23,1,47539.0,3,14,14.0,5,64,24,4,1,7,8,1,9,Research,Associate,Master,Male,Single,Day,Remote,Supportive,0,1,0,0,0,0,0
2156,54,1,44473.0,4,3,18.0,15,51,11,3,4,4,19,5,12,Engineering,Associate,PhD,Male,Married,Day,Hybrid,Supportive,1,1,0,1,0,0,0
2157,53,17,70760.0,9,59,65.0,11,43,3,5,1,7,9,2,14,Finance,Associate,Master,Male,Divorced,Flexible,Office,Micromanager,0,1,0,1,0,1,0
2158,34,2,35349.0,12,14,48.0,3,44,4,5,5,1,20,8,9,Engineering,Manager,Bachelor,Male,Single,Night,Remote,Supportive,0,0,0,1,0,0,0
2159,34,0,50806.0,20,50,61.0,10,57,17,2,2,3,14,3,3,Engineering,Manager,Bachelor,Female,Single,Day,Hybrid,Supportive,1,0,0,1,0,1,0
2160,31,11,,17,50,47.0,4,35,0,2,1,7,17,7,4,Engineering,Manager,Bachelor,Female,Divorced,Day,Remote,Balanced,0,0,0,0,0,0,0
2161,29,18,85800.0,13,45,32.0,11,67,27,4,3,7,1,5,2,Marketing,Analyst,Master,Male,Married,Day,Remote,Micromanager,0,0,0,0,1,0,0
2162,37,17,90302.0,9,15,20.0,5,58,18,2,1,0,20,6,4,,Lead,Master,Female,Single,Day,Hybrid,Hands-off,0,0,0,1,0,0,0
2163,58,0,62284.0,20,44,27.0,11,48,8,3,3,2,12,7,10,Marketing,Associate,Bachelor,Male,Single,Day,Office,Supportive,1,1,0,1,0,0,0
2164,32,12,70893.0,11,12,37.0,3,37,0,1,5,7,4,7,11,Marketing,Executive,Master,Other,Divorced,Day,Hybrid,Balanced,0,0,1,0,0,0,0
2165,23,1,34296.0,13,48,71.0,1,42,2,3,1,2,17,0,12,Marketing,Associate,Master,Female,Married,Night,Hybrid,Balanced,0,0,0,0,0,1,0
2166,29,10,96375.0,3,56,41.0,6,64,24,5,3,2,19,1,11,Marketing,Executive,Bachelor,Female,Single,Day,Office,Balanced,1,1,0,1,1,0,0
2167,58,3,80728.0,16,1,38.0,10,44,4,5,5,4,4,6,13,Sales,Lead,Bachelor,Female,Divorced,Day,Office,Balanced,0,0,0,0,0,0,0
2168,33,1,25403.0,8,59,10.0,3,66,26,2,3,5,16,9,3,Operations,Analyst,Bachelor,Male,Married,Day,Remote,Hands-off,0,0,0,0,0,0,0
2169,26,8,48665.0,4,8,63.0,4,64,24,4,4,0,3,6,0,Operations,Executive,High School,Male,Married,Day,Office,Supportive,1,0,1,1,0,0,0
2170,48,20,,0,41,60.0,10,51,11,1,5,5,6,9,7,Engineering,Analyst,Master,Female,Divorced,Day,Remote,Hands-off,1,0,0,1,1,0,0
2171,47,11,71292.0,1,56,31.0,6,30,0,1,3,1,3,8,7,Engineering,Lead,Bachelor,Female,Married,Day,Hybrid,Balanced,1,1,0,0,0,0,1
2172,37,10,77418.0,7,42,47.0,13,61,21,1,5,0,12,8,9,Engineering,Engineer,High School,Female,Divorced,Flexible,Office,Balanced,0,0,0,1,1,0,0
2173,29,6,67053.0,0,10,4.0,4,67,27,1,4,0,14,3,7,Sales,Engineer,Master,Female,Married,Day,Office,Balanced,1,0,0,0,0,0,0
2174,44,12,75638.0,11,57,28.0,8,63,23,3,5,7,14,8,15,Research,Associate,Master,Male,Married,Day,Office,,0,0,1,1,0,0,1
2175,50,3,52218.0,16,1,26.0,4,47,7,5,1,1,16,0,10,Marketing,Executive,Master,Female,Married,Flexible,Remote,Supportive,1,0,1,0,0,0,0
2176,22,2,48310.0,20,13,68.0,2,30,0,5,5,3,18,7,5,Finance,Engineer,Bachelor,Male,Married,Day,Office,Hands-off,0,0,0,0,0,0,0
2177,44,12,58034.0,5,14,2.0,15,64,24,4,5,2,19,10,4,Sales,Associate,Master,Male,Single,Night,Office,Balanced,1,0,0,1,0,1,0
2178,50,5,67528.0,12,44,18.0,10,55,15,1,5,2,14,2,4,Operations,Analyst,Master,Female,Divorced,Night,Remote,Balanced,0,0,0,1,0,1,0
2179,39,11,76398.0,1,12,68.0,6,69,29,5,1,0,4,0,0,Sales,Analyst,Bachelor,Male,Married,Night,Office,Balanced,0,1,0,1,0,0,0
2180,55,2,72728.0,16,45,52.0,4,39,0,5,3,3,8,9,4,Marketing,Analyst,High School,Female,Married,Day,Hybrid,Supportive,0,0,0,0,0,0,0
2181,59,12,69984.0,10,28,40.0,8,49,9,4,3,6,20,10,9,Engineering,Manager,Master,Female,Married,Day,Office,Supportive,0,0,0,0,1,0,0
2182,36,16,67011.0,14,20,21.0,10,37,0,4,1,6,18,9,3,Operations,Manager,Bachelor,Male,Married,Day,Office,Balanced,0,0,0,0,0,0,0
2183,31,19,95842.0,12,45,28.0,2,34,0,2,1,4,11,3,7,,Lead,Master,Female,Divorced,Day,Office,Micromanager,1,0,0,0,0,0,0
2184,29,19,92663.0,12,59,50.0,13,48,8,5,2,5,2,9,15,Sales,Analyst,High School,Male,Single,Day,Office,Balanced,0,0,1,0,0,0,0
2185,43,14,67511.0,11,54,31.0,1,45,5,3,1,6,3,5,3,Operations,Executive,Bachelor,Male,Divorced,Day,Hybrid,Supportive,1,0,0,0,1,0,0
2186,51,12,79288.0,4,51,64.0,2,38,0,2,3,3,2,4,7,Engineering,Lead,Master,Male,Divorced,Day,Remote,Balanced,0,0,0,0,0,0,0
2187,56,19,92304.0,19,16,13.0,14,47,7,5,1,6,8,3,9,Marketing,Engineer,Bachelor,Male,Single,Flexible,Hybrid,Balanced,1,0,0,0,0,0,0
2188,23,3,61339.0,15,45,28.0,1,55,15,1,5,3,8,3,15,Finance,Lead,PhD,Female,Divorced,Day,Hybrid,Balanced,0,0,0,1,0,0,1
2189,28,8,74370.0,14,20,63.0,4,56,16,3,3,7,2,10,3,Engineering,Engineer,High School,Female,Divorced,Day,Office,Hands-off,0,0,0,0,0,0,0
2190,33,17,73484.0,20,36,75.0,11,31,0,4,5,6,15,3,1,Legal,Engineer,High School,Female,Married,Flexible,Office,Balanced,0,0,0,1,1,0,0
2191,42,15,56485.0,2,33,16.0,5,64,24,3,3,6,1,8,10,Operations,Associate,Bachelor,Male,Single,Flexible,Office,Supportive,1,0,0,1,0,0,0
2192,25,1,,13,11,8.0,8,68,28,5,1,1,17,2,8,Operations,Lead,Bachelor,Female,Single,Flexible,Hybrid,Balanced,0,0,0,1,0,0,0
2193,56,0,35235.0,4,20,62.0,13,42,2,1,5,5,16,4,11,Engineering,Analyst,PhD,Female,Single,Flexible,Remote,Balanced,1,0,0,0,0,1,0
2194,28,9,71742.0,20,35,3.0,5,50,10,1,4,6,6,5,0,Finance,Analyst,Bachelor,Female,Married,Flexible,Office,Balanced,0,1,0,1,0,1,0
2195,41,4,69579.0,0,24,68.0,8,64,24,2,1,0,19,9,12,Operations,Lead,Bachelor,Female,Single,Day,Hybrid,Hands-off,0,0,0,0,1,0,0
2196,35,16,100990.0,18,35,73.0,15,53,13,3,4,4,10,8,4,Research,Manager,Master,Female,Married,Night,Remote,Balanced,0,0,0,1,0,0,0
2197,50,19,106928.0,3,12,66.0,5,33,0,4,5,0,13,10,15,Operations,Manager,Master,Male,Married,Day,Remote,Supportive,1,0,0,1,1,1,0
2198,35,9,54115.0,19,16,6.0,13,60,20,5,1,4,17,1,1,Sales,Analyst,Master,Male,Divorced,Day,Remote,Supportive,0,0,0,0,1,1,0
2199,58,10,87630.0,16,56,69.0,10,59,19,4,5,2,3,10,14,Research,Engineer,High School,Male,Married,Day,Office,Micromanager,0,0,0,0,0,0,0
2200,34,15,79539.0,14,34,,1,57,17,4,2,6,16,7,1,HR,Engineer,Master,Female,Divorced,Night,Office,Balanced,1,0,0,0,0,0,0
2201,46,19,101958.0,1,31,6.0,14,47,7,5,1,6,10,5,4,Operations,Associate,Bachelor,Female,Divorced,Flexible,Hybrid,Micromanager,0,0,0,1,0,1,0
2202,24,9,72655.0,0,18,80.0,5,30,0,3,4,0,10,3,9,Sales,Manager,High School,Female,Married,Day,Hybrid,Balanced,0,0,0,0,0,1,0
2203,52,20,86863.0,19,37,1.0,2,63,23,2,2,0,11,4,10,Research,Lead,Bachelor,Female,Divorced,Day,Remote,Supportive,1,0,0,0,1,0,0
2204,58,0,24837.0,11,46,3.0,15,46,6,4,4,0,12,9,3,Operations,Lead,Master,Female,Divorced,Day,Remote,,1,0,0,0,0,1,0
2205,23,8,59020.0,4,58,21.0,6,70,30,5,2,6,12,4,2,Sales,Manager,Master,Female,Single,Day,Office,Balanced,0,0,0,0,0,0,1
2206,43,15,76244.0,4,13,9.0,8,31,0,4,1,5,18,0,11,Operations,Associate,Master,Male,Married,Flexible,Hybrid,Supportive,1,1,0,0,0,0,0
2207,53,15,70850.0,18,9,31.0,14,35,0,5,1,4,14,6,13,,Executive,Master,Female,Single,Day,Hybrid,,0,0,0,0,1,0,0
2208,23,11,87793.0,2,5,6.0,14,41,1,1,1,5,2,0,5,Engineering,Executive,Master,Female,Single,Day,Remote,Supportive,0,0,0,0,0,1,0
2209,33,12,76974.0,3,17,45.0,11,62,22,2,2,0,5,5,0,Marketing,Lead,Bachelor,Male,Divorced,Night,Office,,0,0,0,1,0,0,1
2210,36,16,77221.0,3,40,34.0,6,50,10,4,1,1,17,6,5,Operations,Associate,Master,Female,Single,Night,Remote,Hands-off,1,0,1,0,0,0,0
2211,59,6,47932.0,14,4,22.0,6,33,0,4,2,0,20,5,9,Research,Analyst,Bachelor,Male,Single,Day,Office,Supportive,1,0,1,1,1,0,0
2212,48,2,58352.0,5,39,18.0,9,63,23,4,4,7,6,9,3,Finance,Analyst,Bachelor,Male,Divorced,Day,Hybrid,Supportive,1,0,0,1,1,0,0
2213,25,11,70285.0,4,58,45.0,6,54,14,4,4,1,11,7,15,Engineering,Executive,Master,Female,Married,Day,Hybrid,Supportive,0,0,0,1,0,1,0
2214,39,16,77566.0,12,2,1.0,8,56,16,4,3,3,19,5,11,Engineering,Executive,Master,Female,Single,Day,Office,Micromanager,0,0,0,1,1,1,0
2215,35,12,84123.0,15,50,32.0,2,70,30,5,3,6,0,7,9,Operations,Manager,Master,Male,Single,Day,Hybrid,Micromanager,0,0,0,1,0,0,0
2216,22,4,65510.0,20,26,31.0,11,46,6,4,1,3,13,9,14,Engineering,Engineer,Bachelor,Male,Married,Day,Office,Balanced,0,1,0,1,1,0,0
2217,60,5,43214.0,14,6,41.0,5,37,0,1,5,1,15,0,6,Research,Lead,Master,Male,Divorced,Flexible,Office,Hands-off,0,0,0,0,1,0,0
2218,26,6,62678.0,0,15,24.0,4,30,0,1,5,6,10,9,1,Marketing,Analyst,Master,Female,Single,Day,Remote,Balanced,1,0,0,1,0,0,0
2219,24,8,56948.0,17,7,25.0,8,47,7,1,5,0,9,10,15,Sales,Associate,PhD,Female,Divorced,Day,Office,Balanced,1,0,0,1,0,0,0
2220,36,20,93777.0,17,57,37.0,11,61,21,1,3,3,15,9,9,Research,Lead,Master,Female,Married,Day,Hybrid,,1,0,0,1,0,0,0
2221,23,7,50521.0,10,38,2.0,8,57,17,4,3,0,0,1,12,HR,Executive,Bachelor,Female,Single,Night,Office,Hands-off,0,0,0,1,0,0,0
2222,60,19,91889.0,15,56,73.0,4,60,20,4,5,7,17,9,14,Sales,Associate,Master,Male,Divorced,Night,Remote,Supportive,0,0,0,1,0,1,0
2223,42,17,82753.0,11,59,55.0,6,46,6,2,4,4,5,0,8,Research,Lead,Bachelor,Male,Single,Day,Hybrid,Balanced,0,0,0,1,0,1,0
2224,60,13,87359.0,9,57,30.0,10,65,25,1,3,3,12,9,10,Operations,Manager,Bachelor,Male,Married,Flexible,Office,Supportive,1,0,0,0,1,0,0
2225,27,8,78799.0,0,33,51.0,8,33,0,4,4,6,1,0,7,Operations,Lead,Bachelor,Male,Divorced,Night,Hybrid,Hands-off,0,0,0,0,0,0,1
2226,22,7,61629.0,20,54,74.0,2,34,0,5,1,3,4,0,2,Operations,Manager,Bachelor,Female,Single,Day,Office,Supportive,1,0,0,0,0,0,0
2227,58,18,94455.0,1,44,72.0,12,35,0,1,2,6,5,0,9,Sales,Engineer,Bachelor,Male,Married,Day,Hybrid,Balanced,1,0,0,0,0,1,0
2228,49,19,88051.0,3,14,51.0,7,50,10,1,4,3,4,8,8,Research,Engineer,Bachelor,Female,Married,Day,Hybrid,Supportive,0,0,0,0,0,0,0
2229,48,11,74007.0,15,51,24.0,1,52,12,5,4,2,0,5,6,Research,Analyst,Bachelor,Female,Divorced,Night,Hybrid,Balanced,0,0,0,0,0,0,0
2230,46,10,,9,29,55.0,4,60,20,1,4,7,19,4,12,Sales,Executive,Bachelor,Female,Married,Flexible,Office,Micromanager,1,0,0,1,0,0,0
2231,52,19,103250.0,16,55,51.0,2,48,8,2,4,5,6,8,15,Research,Engineer,Bachelor,Male,Single,Day,Office,Balanced,1,0,0,1,0,1,0
2232,49,0,42430.0,12,42,25.0,5,56,16,4,3,7,6,6,14,Marketing,Engineer,Bachelor,Male,Divorced,Day,Remote,Micromanager,0,0,0,1,0,0,0
2233,33,6,71754.0,8,39,44.0,6,36,0,5,1,1,19,5,0,Legal,Executive,Bachelor,Female,Divorced,Flexible,Hybrid,Balanced,1,0,0,1,0,0,0
2234,37,4,69001.0,13,43,50.0,7,33,0,1,1,2,13,4,15,Finance,Lead,High School,Male,Divorced,Night,Office,Hands-off,0,0,0,1,1,0,0
2235,25,19,99370.0,9,10,32.0,9,47,7,3,1,1,2,1,6,,Lead,Master,Male,Divorced,Day,Office,Supportive,0,0,0,1,0,0,0
2236,33,10,63951.0,1,44,2.0,15,62,22,4,3,0,9,8,2,Research,Lead,Master,Female,Single,Night,Hybrid,Balanced,0,0,1,0,1,0,1
2237,49,13,59442.0,16,51,30.0,11,49,9,4,3,3,16,2,9,Engineering,Engineer,Bachelor,Female,Divorced,Flexible,Remote,Balanced,0,0,0,1,0,0,0
2238,23,10,60081.0,11,1,3.0,4,30,0,2,3,4,15,10,13,HR,Lead,High School,Female,Single,Day,Office,Hands-off,0,1,0,0,1,0,0
2239,60,5,57725.0,16,52,34.0,15,59,19,3,2,4,7,0,11,HR,Associate,Bachelor,Female,Married,Flexible,Office,Supportive,1,0,0,1,0,1,0
2240,43,13,86716.0,0,7,23.0,2,47,7,3,2,3,2,5,12,Sales,Engineer,PhD,Male,Divorced,Day,Office,Supportive,0,0,0,0,0,0,0
2241,53,8,71134.0,9,59,14.0,15,62,22,5,3,7,12,7,10,Engineering,Analyst,Bachelor,Male,Divorced,Day,Hybrid,Balanced,1,0,0,1,0,0,0
2242,40,15,94164.0,11,38,79.0,15,48,8,3,4,3,12,1,2,Engineering,Manager,Bachelor,Male,Divorced,Day,Hybrid,Supportive,1,0,0,1,0,0,1
2243,40,14,70208.0,11,44,38.0,7,67,27,5,5,0,15,1,10,Operations,Manager,Bachelor,Female,Single,Flexible,Office,Hands-off,1,0,0,0,0,0,0
2244,27,11,78236.0,19,41,32.0,9,57,17,2,2,7,14,5,11,Finance,Manager,Bachelor,Male,Divorced,Day,Remote,Micromanager,1,0,0,0,1,1,1
2245,32,11,73526.0,1,22,,3,60,20,3,5,4,18,3,5,Operations,Executive,Bachelor,Male,Divorced,Day,Remote,Balanced,0,0,0,0,0,1,0
2246,47,2,49306.0,11,5,4.0,5,36,0,3,3,7,15,9,12,Marketing,Engineer,Bachelor,Male,Married,Day,Office,Micromanager,1,0,0,1,0,1,0
2247,26,15,82579.0,15,32,2.0,3,65,25,4,5,5,4,3,11,Engineering,Engineer,High School,Female,Divorced,Day,Office,Hands-off,1,0,0,0,0,0,0
2248,27,2,65575.0,2,46,3.0,9,61,21,3,5,7,5,1,5,Operations,Executive,Master,Female,Single,Day,Office,Balanced,1,0,0,1,0,0,0
2249,46,5,74930.0,2,9,56.0,6,38,0,3,2,2,15,4,9,Engineering,Executive,Master,Female,Divorced,Day,Office,Micromanager,0,0,0,0,0,0,0
2250,37,14,80761.0,6,17,75.0,14,36,0,5,5,7,3,7,5,Operations,Lead,High School,Male,Divorced,Night,Office,Balanced,1,0,0,0,1,0,0
2251,48,18,84314.0,18,10,51.0,8,38,0,2,2,1,7,1,5,Legal,Associate,Bachelor,Male,Single,Flexible,Hybrid,Balanced,0,1,0,0,1,0,0
2252,41,10,71492.0,11,49,46.0,3,63,23,2,2,7,15,2,1,HR,Associate,PhD,Female,Single,Day,Office,Supportive,0,0,0,1,1,0,0
2253,41,17,104534.0,13,34,53.0,14,60,20,1,2,6,14,6,2,Operations,Lead,Bachelor,Male,Married,Day,Hybrid,Balanced,0,0,0,0,1,0,0
2254,43,11,,6,40,10.0,13,40,0,4,4,6,18,4,15,Engineering,Lead,Master,Female,Divorced,Day,Hybrid,Micromanager,1,0,0,0,0,0,0
2255,24,11,,8,21,,13,67,27,2,5,6,1,5,3,Engineering,Engineer,High School,Male,Single,Night,Hybrid,Micromanager,1,0,0,1,1,0,0
2256,47,2,34735.0,16,58,16.0,6,36,0,1,3,6,0,1,8,Sales,Engineer,Bachelor,Male,Married,Night,Remote,Micromanager,0,0,0,0,0,1,1
2257,38,3,48267.0,7,7,8.0,2,40,0,3,5,1,16,7,4,,Associate,Master,Female,Divorced,Day,Hybrid,Supportive,0,0,1,1,0,1,0
2258,49,14,71155.0,4,54,,15,67,27,3,4,6,3,6,6,,Lead,Bachelor,Female,Single,Flexible,Office,Micromanager,0,0,0,0,0,0,0
2259,60,18,113284.0,20,15,50.0,10,64,24,5,2,2,3,3,12,Operations,Lead,Master,Female,Single,Day,Hybrid,,0,0,0,1,0,0,0
2260,40,19,79936.0,4,46,68.0,3,30,0,2,1,3,13,7,3,Sales,Associate,Master,Male,Divorced,Night,Office,,1,0,0,0,1,1,0
2261,48,5,53077.0,13,20,68.0,10,64,24,1,5,3,0,8,10,HR,Associate,Bachelor,Female,Single,Day,Remote,Supportive,0,0,0,0,0,0,0
2262,47,9,,12,20,31.0,11,47,7,2,2,2,0,1,6,Research,Engineer,Bachelor,Female,Married,Day,Office,Micromanager,1,0,0,1,1,0,0
2263,43,16,98954.0,18,21,38.0,8,48,8,2,1,2,17,1,4,Marketing,Executive,Bachelor,Female,Divorced,Day,Hybrid,Supportive,1,0,0,0,0,0,0
2264,26,2,67589.0,18,39,53.0,8,48,8,5,1,2,8,2,2,Research,Associate,Master,Male,Single,Day,Office,Balanced,0,0,0,1,0,1,0
2265,32,10,84041.0,1,21,61.0,10,63,23,1,1,4,12,3,1,Engineering,Manager,Bachelor,Female,Married,Day,Office,Balanced,1,0,0,1,1,0,0
2266,29,12,74980.0,11,15,31.0,11,68,28,4,1,4,16,7,1,Engineering,Engineer,Bachelor,Female,Divorced,Night,Hybrid,,0,0,0,0,0,0,0
2267,42,17,95065.0,8,8,23.0,2,67,27,4,2,7,11,1,4,Engineering,Associate,Master,Male,Married,Day,Office,Balanced,0,0,0,1,0,0,0
2268,44,6,55565.0,11,16,73.0,15,40,0,1,4,7,18,3,4,Legal,Executive,Master,Male,Divorced,Day,Office,Balanced,1,1,0,0,0,0,0
2269,31,18,86889.0,6,21,,14,61,21,5,4,7,1,3,14,Sales,Executive,Master,Female,Single,Day,Office,Supportive,0,1,0,0,1,1,0
2270,40,10,72075.0,11,32,26.0,2,51,11,3,1,5,13,10,6,Engineering,Executive,Bachelor,Female,Single,Night,Hybrid,Supportive,1,0,0,0,0,0,0
2271,48,17,71606.0,12,22,23.0,7,42,2,2,3,3,10,5,3,Sales,Associate,Master,Female,Single,Day,Hybrid,Balanced,0,1,0,1,0,0,0
2272,42,18,91960.0,7,59,22.0,9,52,12,1,4,3,1,10,5,Engineering,Executive,Bachelor,Female,Single,Day,Hybrid,Micromanager,0,0,0,0,0,1,0
2273,29,0,63971.0,1,44,49.0,7,39,0,5,1,1,2,6,5,Sales,Lead,Master,Male,Married,Day,Hybrid,Balanced,0,0,0,1,0,0,0
2274,29,19,81062.0,18,48,17.0,3,46,6,4,3,7,16,5,14,Sales,Manager,Master,Male,Divorced,Day,Hybrid,Balanced,0,1,0,1,0,0,0
2275,23,14,73884.0,14,14,55.0,7,66,26,1,4,1,6,10,12,Operations,Executive,PhD,Female,Divorced,Day,Office,Supportive,1,0,0,0,1,0,1
2276,42,3,68095.0,5,7,9.0,8,33,0,1,1,2,13,0,5,Marketing,Lead,Bachelor,Male,Single,Flexible,Hybrid,Supportive,0,0,0,1,0,1,0
2277,59,15,76544.0,20,59,76.0,14,45,5,5,2,1,8,0,11,HR,Engineer,Master,Female,Divorced,Day,Office,Balanced,1,0,0,1,0,0,1
2278,41,12,72667.0,7,26,29.0,8,67,27,1,5,7,13,9,6,Marketing,Analyst,Bachelor,Female,Married,Day,Hybrid,Supportive,0,0,0,1,1,0,1
2279,31,13,68941.0,9,54,33.0,15,60,20,2,4,2,4,0,1,Finance,Manager,High School,Female,Single,Day,Hybrid,Balanced,1,1,1,0,0,0,0
2280,55,0,62467.0,0,17,76.0,5,48,8,2,1,1,8,5,4,Engineering,Analyst,Bachelor,Male,Divorced,Day,Remote,Hands-off,0,1,0,1,0,0,0
2281,31,15,70213.0,7,46,33.0,15,33,0,2,3,2,18,1,8,Finance,Analyst,PhD,Male,Single,Night,Remote,Micromanager,1,0,0,0,0,1,0
2282,57,3,36517.0,11,19,26.0,8,31,0,2,5,1,9,0,11,Marketing,Analyst,Bachelor,Male,Single,Day,Hybrid,Balanced,0,0,0,1,0,0,0
2283,52,14,78749.0,10,51,29.0,6,46,6,1,1,3,4,0,12,Sales,Analyst,Bachelor,Female,Married,Day,Office,Balanced,1,0,0,0,1,1,0
2284,26,14,81089.0,4,32,74.0,10,58,18,5,2,2,9,0,12,HR,Executive,Bachelor,Male,Married,Day,Remote,Hands-off,0,0,0,1,1,1,0
2285,24,12,67579.0,0,57,27.0,8,62,22,5,5,2,10,10,2,HR,Associate,Bachelor,Male,Married,Flexible,Office,Micromanager,0,0,0,1,0,1,1
2286,36,6,63858.0,20,5,57.0,10,59,19,3,2,4,1,9,10,Sales,Engineer,Bachelor,Male,Single,Day,Remote,Hands-off,0,0,0,0,0,0,0
2287,29,4,50478.0,17,40,65.0,12,30,0,5,2,1,20,7,13,Engineering,Lead,Bachelor,Female,Divorced,Flexible,Hybrid,Hands-off,0,0,0,1,1,0,0
2288,42,8,83911.0,13,58,28.0,5,47,7,1,5,7,7,7,3,Finance,Executive,Bachelor,Female,Single,Day,Office,Micromanager,0,0,0,0,0,1,0
2289,48,2,61487.0,5,16,0.0,3,43,3,3,4,7,1,1,11,,Manager,Bachelor,Female,Single,Day,Remote,Micromanager,1,0,0,1,0,0,1
2290,37,18,81499.0,19,60,32.0,9,60,20,5,5,2,14,3,14,Operations,Executive,Bachelor,Male,Married,Day,Office,Hands-off,0,0,0,0,1,0,0
2291,26,8,,0,24,35.0,2,45,5,2,3,5,9,4,7,Engineering,Engineer,Master,Female,Divorced,Day,Hybrid,Micromanager,0,1,0,1,1,0,0
2292,26,20,92560.0,4,54,,7,65,25,1,2,7,18,2,9,Finance,Analyst,Bachelor,Male,Married,Day,Remote,Balanced,0,0,0,1,0,1,1
2293,38,11,82055.0,14,43,10.0,6,48,8,3,4,2,14,5,8,Engineering,Engineer,Bachelor,Female,Divorced,Day,Hybrid,Balanced,1,0,0,1,1,0,0
2294,48,16,79486.0,17,46,69.0,10,40,0,3,2,6,20,5,14,Marketing,Analyst,High School,Male,Single,Day,Office,Supportive,0,0,0,1,0,0,1
2295,48,9,85172.0,0,59,44.0,3,42,2,5,4,1,7,8,13,Engineering,Analyst,Master,Male,Single,Day,Office,Micromanager,0,0,0,1,0,0,0
2296,28,6,44124.0,11,1,53.0,12,45,5,3,4,2,18,9,14,HR,Associate,Master,Female,Divorced,Day,Remote,Balanced,0,0,0,0,0,1,0
2297,43,4,52783.0,5,6,18.0,11,48,8,5,4,4,17,2,11,Research,Associate,High School,Male,Single,Night,Hybrid,Supportive,0,0,0,0,0,0,0
2298,23,12,79724.0,6,33,,11,58,18,1,1,4,5,2,4,Sales,Engineer,Master,Female,Single,Day,Office,Supportive,1,0,0,0,0,1,0
2299,43,3,64928.0,16,29,37.0,10,60,20,2,2,2,16,7,6,Engineering,Engineer,Master,Female,Single,Flexible,Remote,Supportive,1,0,0,1,0,0,0
2300,32,14,66620.0,14,27,50.0,14,40,0,4,2,0,1,9,7,Operations,Engineer,Bachelor,Male,Married,Day,Hybrid,Balanced,0,0,0,0,0,0,1
2301,32,12,85285.0,18,24,4.0,10,57,17,3,3,6,18,10,11,Sales,Manager,Bachelor,Female,Divorced,Day,Remote,Supportive,1,1,0,0,0,0,0
2302,55,14,91458.0,10,35,49.0,8,52,12,5,5,1,14,9,4,Sales,Analyst,Bachelor,Male,Married,Day,Remote,Supportive,0,0,0,0,0,0,0
2303,42,15,84587.0,1,23,50.0,2,45,5,4,4,0,8,8,10,Sales,Associate,Bachelor,Male,Married,Day,Remote,Supportive,1,0,0,0,0,0,0
2304,40,1,47229.0,13,55,29.0,13,68,28,3,2,1,0,2,7,Marketing,Executive,Bachelor,Female,Married,Day,Remote,Hands-off,1,1,0,1,0,1,0
2305,36,10,75699.0,14,21,38.0,5,51,11,1,5,4,5,5,7,Operations,Executive,Bachelor,Other,Single,Day,Office,Hands-off,1,0,0,1,0,0,0
2306,53,16,85643.0,5,44,3.0,5,45,5,5,3,0,16,5,1,Operations,Engineer,Bachelor,Female,Divorced,Day,Office,Supportive,1,0,0,1,0,0,0
2307,58,6,45127.0,8,2,40.0,10,33,0,3,1,2,14,1,15,HR,Executive,Bachelor,Female,Divorced,Day,Office,Supportive,1,1,0,1,1,1,1
2308,51,18,76394.0,13,44,58.0,4,30,0,3,3,0,4,0,1,Operations,Analyst,Master,Male,Divorced,Night,Hybrid,Balanced,1,0,0,1,0,0,0
2309,24,6,50870.0,4,3,47.0,4,65,25,3,4,3,18,1,15,Engineering,Executive,High School,Male,Married,Flexible,Hybrid,Supportive,0,0,0,0,0,0,0
2310,37,7,51398.0,2,25,28.0,5,35,0,1,2,2,5,10,10,Engineering,Associate,Bachelor,Female,Single,Day,Hybrid,Micromanager,0,1,0,1,1,0,0
2311,39,10,86958.0,13,17,78.0,7,59,19,1,1,0,20,1,11,Marketing,Lead,Bachelor,Male,Divorced,Night,Office,Supportive,1,0,0,0,1,0,0
2312,37,11,90659.0,9,55,45.0,7,53,13,3,3,7,19,6,4,Finance,Executive,Bachelor,Female,Married,Night,Hybrid,Supportive,0,0,0,0,0,0,0
2313,48,17,85679.0,19,5,62.0,6,30,0,5,5,6,8,2,1,Engineering,Executive,Bachelor,Male,Single,Day,Hybrid,Balanced,1,0,0,1,0,1,1
2314,26,15,66881.0,5,9,72.0,14,38,0,4,5,6,18,9,1,Finance,Lead,Master,Male,Married,Day,Remote,Supportive,0,1,0,0,0,0,0
2315,35,19,99008.0,8,19,73.0,8,58,18,3,1,1,1,6,0,Engineering,Associate,PhD,Male,Single,Day,Office,Supportive,1,0,0,1,0,1,0
2316,39,1,55938.0,9,56,15.0,5,65,25,1,5,6,11,0,8,HR,Executive,Bachelor,Male,Married,Day,Hybrid,Balanced,1,0,1,1,0,0,1
2317,55,10,54719.0,15,17,28.0,4,65,25,3,4,4,3,4,2,Operations,Manager,High School,Male,Single,Day,Hybrid,Balanced,0,0,0,0,0,0,0
2318,25,20,83271.0,16,24,5.0,12,49,9,1,3,7,17,4,12,Marketing,Associate,High School,Other,Married,Day,Hybrid,Hands-off,0,0,0,1,0,1,0
2319,34,3,53831.0,10,33,4.0,11,66,26,3,4,6,5,7,15,Engineering,Lead,Bachelor,Male,Divorced,Day,Office,Supportive,1,0,1,0,0,0,0
2320,55,9,69907.0,18,3,36.0,6,62,22,2,1,6,2,1,12,Engineering,Engineer,Bachelor,Male,Single,Day,Hybrid,Micromanager,0,0,0,0,0,0,1
2321,57,6,57923.0,11,1,46.0,13,30,0,1,2,2,13,5,9,Sales,Manager,Bachelor,Female,Divorced,Day,Office,Hands-off,0,0,0,0,0,0,0
2322,41,9,60163.0,20,47,29.0,11,43,3,1,5,0,14,10,13,Research,Engineer,Bachelor,Male,Single,Night,Hybrid,Supportive,0,0,0,0,1,0,0
2323,24,2,28871.0,6,51,31.0,11,39,0,3,3,4,0,9,10,Sales,Associate,High School,Male,Single,Day,Office,Balanced,0,0,0,1,1,1,0
2324,22,20,103629.0,19,35,15.0,8,55,15,1,3,4,3,5,1,Legal,Lead,Master,Female,Divorced,Day,Remote,Balanced,0,0,0,0,1,0,0
2325,55,19,86480.0,13,26,,8,59,19,3,2,4,3,10,1,Operations,Lead,Master,Male,Married,Flexible,Hybrid,Supportive,0,0,0,0,0,0,1
2326,27,1,42561.0,2,6,58.0,11,48,8,4,5,6,3,1,6,HR,Analyst,Bachelor,Male,Single,Day,Hybrid,Balanced,0,0,0,1,0,0,1
2327,43,7,41261.0,17,36,63.0,8,49,9,2,4,3,8,0,5,Legal,Analyst,Master,Female,Single,Day,Remote,Supportive,0,0,1,0,1,0,1
2328,30,14,70544.0,12,26,24.0,8,47,7,4,3,0,2,7,13,Operations,Engineer,Bachelor,Male,Married,Day,Office,Balanced,0,0,1,1,0,0,1
2329,56,20,87214.0,1,21,75.0,15,39,0,1,2,3,14,4,10,Legal,Lead,Bachelor,Female,Divorced,Flexible,Office,Balanced,0,0,0,1,0,0,0
2330,24,3,304815.0,9,54,79.0,8,59,19,3,4,0,4,2,15,HR,Manager,Master,Female,Married,Day,Hybrid,Supportive,1,0,0,0,0,0,0
2331,60,16,81229.0,12,14,43.0,12,54,14,3,5,6,14,7,0,Marketing,Analyst,PhD,Female,Divorced,Day,Office,Balanced,1,0,0,1,0,0,0
2332,58,1,60548.0,4,44,78.0,6,62,22,3,5,3,2,2,12,,Associate,Bachelor,Female,Married,Day,Hybrid,Micromanager,1,0,0,0,0,0,0
2333,48,5,52166.0,9,32,13.0,10,40,0,5,2,2,0,7,6,HR,Lead,Master,Female,Single,Day,Hybrid,,1,0,1,0,0,1,0
2334,25,13,77795.0,20,18,66.0,5,40,0,4,3,5,9,6,2,,Manager,Master,Female,Divorced,Day,Office,,1,0,0,1,0,0,0
2335,40,13,80861.0,15,21,14.0,3,53,13,4,1,5,19,2,14,Operations,Lead,Bachelor,Male,Divorced,Day,Office,Balanced,0,0,1,0,0,0,1
2336,21,12,73343.0,1,15,74.0,6,35,0,4,1,0,11,9,0,Operations,Executive,High School,Female,Single,Day,Office,Balanced,1,0,0,0,0,1,0
2337,44,13,56011.0,19,22,43.0,10,64,24,4,5,0,1,4,8,Engineering,Associate,Master,Male,Single,Day,Hybrid,Supportive,1,0,0,1,0,0,0
2338,34,18,99983.0,5,7,12.0,5,62,22,4,1,0,8,4,4,Research,Associate,High School,Female,Married,Night,Hybrid,,0,0,0,1,0,0,0
2339,52,0,42250.0,3,41,50.0,8,32,0,1,2,4,11,0,1,Sales,Manager,High School,Female,Married,Flexible,Office,Balanced,1,0,0,1,0,0,0
2340,48,4,45670.0,4,36,,3,36,0,1,5,5,14,4,2,Engineering,Manager,Master,Female,Single,Day,Hybrid,Supportive,1,0,0,0,0,0,0
2341,27,17,65079.0,5,34,64.0,2,56,16,2,2,2,9,10,8,Sales,Executive,Bachelor,Female,Married,Day,Hybrid,Micromanager,1,0,0,0,1,0,0
2342,44,16,87507.0,5,38,24.0,9,62,22,4,3,0,6,10,10,Engineering,Executive,Bachelor,Male,Single,Day,Office,Supportive,0,0,0,1,0,0,0
2343,42,16,89505.0,3,40,56.0,15,66,26,2,5,3,19,7,13,Engineering,Manager,Bachelor,Female,Married,Day,Hybrid,Hands-off,0,0,0,0,0,0,0
2344,32,16,86991.0,14,7,54.0,3,46,6,5,2,7,13,6,8,Engineering,Lead,High School,Female,Divorced,Day,Office,Supportive,0,0,0,0,1,0,0
2345,24,20,88422.0,0,5,69.0,13,54,14,1,2,5,11,2,12,Engineering,Associate,Master,Female,Divorced,Day,Hybrid,Balanced,0,1,0,0,0,0,0
2346,55,10,61782.0,2,18,51.0,10,65,25,2,4,0,0,9,0,Marketing,Associate,Master,Male,Single,Day,Office,Hands-off,0,1,0,0,0,1,0
2347,50,9,64807.0,1,1,11.0,4,61,21,3,1,4,15,5,10,Operations,Engineer,Master,Female,Single,Flexible,Office,Micromanager,0,0,0,1,1,1,0
2348,27,13,56183.0,16,17,9.0,3,56,16,3,4,0,6,8,6,Marketing,Manager,Bachelor,Male,Divorced,Day,Hybrid,Balanced,1,0,0,0,1,0,0
2349,46,15,73187.0,20,37,29.0,15,48,8,3,4,0,5,10,13,Sales,Manager,Master,Female,Married,Flexible,Hybrid,Balanced,0,0,0,0,0,0,0
2350,31,8,62794.0,2,51,10.0,4,44,4,2,3,3,3,0,1,Sales,Lead,Bachelor,Male,Married,Day,Remote,Supportive,0,0,0,0,0,0,0
2351,50,8,66427.0,6,24,39.0,5,64,24,3,3,1,14,4,3,Research,Executive,Bachelor,Female,Divorced,Night,Office,Balanced,0,0,0,0,1,0,0
2352,52,18,91531.0,1,21,41.0,12,45,5,4,2,0,1,6,6,Marketing,Associate,Bachelor,Female,Married,Day,Hybrid,Balanced,1,1,0,1,0,0,0
2353,34,1,33079.0,20,19,17.0,7,42,2,2,4,7,17,5,11,Research,Manager,High School,Male,Single,Night,Office,Supportive,1,0,0,1,1,0,0
2354,32,12,79246.0,12,59,20.0,9,43,3,3,5,2,8,8,13,Research,Engineer,Master,Male,Single,Night,Office,Hands-off,1,0,0,1,0,0,0
2355,46,17,97254.0,2,4,43.0,11,40,0,3,4,2,2,7,3,Legal,Manager,Master,Female,Single,Day,Office,Balanced,0,0,0,1,0,0,0
2356,26,0,73838.0,0,15,62.0,4,61,21,3,4,3,5,10,8,Research,Executive,Bachelor,Male,Single,Day,Remote,Micromanager,0,0,0,1,0,0,0
2357,59,12,85583.0,17,54,57.0,10,44,4,5,1,0,8,10,11,Engineering,Associate,High School,Male,Married,Day,Hybrid,Hands-off,0,0,0,0,1,0,0
2358,21,19,89345.0,1,51,,10,52,12,1,1,2,17,2,2,Sales,Manager,Bachelor,Male,Single,Day,Office,Balanced,0,0,0,0,0,0,0
2359,48,6,59138.0,5,26,65.0,7,70,30,2,2,6,14,4,15,Marketing,Manager,Master,Male,Married,Day,Hybrid,Supportive,0,0,0,1,0,0,1
2360,32,7,47150.0,6,8,27.0,15,44,4,4,1,5,15,7,4,HR,Lead,Master,Female,Divorced,Night,Office,Hands-off,0,1,0,1,1,0,0
2361,28,0,58026.0,5,17,33.0,3,70,30,3,2,4,8,7,13,Engineering,Manager,Master,Female,Married,Flexible,Office,Supportive,0,0,0,1,0,1,0
2362,35,15,84715.0,3,42,68.0,4,31,0,2,4,4,13,8,11,Finance,Lead,Bachelor,Male,Divorced,Flexible,Hybrid,Micromanager,0,0,0,0,0,0,1
2363,30,1,55120.0,7,12,52.0,15,52,12,1,3,6,14,4,11,Operations,Executive,Master,Female,Single,Day,Office,Supportive,0,0,0,0,0,0,0
2364,60,6,,19,13,,10,68,28,1,3,6,1,10,7,Research,Analyst,Bachelor,Male,Married,Day,Office,Supportive,0,0,0,0,0,0,1
2365,57,3,58717.0,13,56,51.0,11,52,12,3,5,1,6,8,5,Legal,Engineer,Bachelor,Female,Married,Night,Office,Supportive,1,0,1,1,1,0,0
2366,30,6,47653.0,3,18,51.0,1,56,16,5,5,5,3,10,13,Engineering,Manager,Bachelor,Female,Single,Day,Office,Micromanager,1,0,0,1,1,0,0
2367,30,6,52338.0,8,32,39.0,2,39,0,1,5,4,9,4,1,Sales,Lead,Master,Male,Married,Day,Office,Balanced,0,0,0,1,0,0,0
2368,32,12,51723.0,2,14,6.0,3,70,30,4,2,2,0,4,8,Research,Engineer,Master,Male,Married,Flexible,Office,Balanced,0,0,0,0,1,0,0
2369,37,14,84034.0,8,34,64.0,6,58,18,5,3,2,0,5,0,,Lead,Master,Female,Single,Day,Office,Hands-off,0,0,0,0,1,0,0
2370,49,8,67639.0,14,58,18.0,8,38,0,1,3,0,14,9,4,Sales,Associate,Master,Female,Divorced,Day,Office,Balanced,0,0,0,1,0,0,0
2371,43,12,57806.0,4,2,61.0,15,63,23,2,4,7,4,6,5,Research,Lead,High School,Male,Married,Day,Office,,0,0,0,0,0,0,1
2372,33,10,77295.0,0,30,21.0,11,42,2,5,4,1,1,2,2,Legal,Associate,Master,Male,Married,Day,Office,Hands-off,0,0,0,0,0,0,0
2373,41,3,48756.0,13,36,3.0,10,69,29,4,3,6,19,7,9,Sales,Engineer,Bachelor,Male,Married,Flexible,Remote,Balanced,0,0,0,1,0,1,1
2374,52,11,65737.0,11,9,19.0,1,44,4,5,5,4,2,8,7,Engineering,Lead,Bachelor,Male,Married,Day,Office,,1,0,0,1,0,0,0
2375,23,2,70091.0,18,16,73.0,14,63,23,5,4,2,6,5,14,Engineering,Engineer,Master,Female,Divorced,Day,Remote,Supportive,1,1,0,0,0,0,0
2376,35,14,75315.0,7,12,1.0,9,51,11,2,4,1,4,0,8,Engineering,Analyst,Bachelor,Male,Married,Flexible,Hybrid,Supportive,0,0,1,0,0,0,0
2377,29,13,62765.0,3,50,77.0,6,50,10,3,3,4,7,0,9,Sales,Engineer,Bachelor,Male,Divorced,Day,Remote,Balanced,1,0,0,1,0,1,0
2378,57,3,51835.0,12,28,39.0,13,34,0,1,2,2,2,6,7,Sales,Executive,Bachelor,Male,Married,Day,Remote,Balanced,0,0,0,1,0,1,0
2379,36,7,57136.0,10,48,51.0,10,39,0,5,1,7,13,8,13,Engineering,Executive,Bachelor,Female,Divorced,Day,Office,Supportive,0,0,0,0,0,1,0
2380,60,16,102632.0,0,23,26.0,12,55,15,3,5,7,4,7,8,Operations,Manager,Bachelor,Female,Divorced,Day,Remote,Hands-off,0,0,0,1,1,0,1
2381,58,6,60280.0,8,1,2.0,5,40,0,4,4,0,0,3,4,Engineering,Executive,Master,Male,Divorced,Day,Remote,Micromanager,0,0,0,0,1,0,0
2382,45,10,70498.0,2,40,4.0,15,43,3,5,2,3,2,7,13,Operations,Analyst,Bachelor,Female,Married,Night,Office,Balanced,1,0,0,1,0,0,0
2383,43,10,79929.0,4,45,,1,62,22,4,1,3,18,10,4,HR,Associate,Bachelor,Male,Married,Day,Office,Micromanager,0,0,0,1,0,0,0
2384,54,9,54197.0,3,30,,5,45,5,1,4,0,8,10,7,Operations,Analyst,PhD,Male,Divorced,Day,Hybrid,Supportive,0,0,0,0,0,0,0
2385,53,12,83400.0,18,32,29.0,7,67,27,1,2,7,4,6,3,Sales,Lead,Bachelor,Male,Divorced,Day,Remote,Supportive,1,0,0,0,1,0,0
2386,28,19,88657.0,0,20,27.0,15,53,13,5,2,0,18,8,0,HR,Analyst,Bachelor,Male,Single,Flexible,Office,Supportive,0,0,0,0,0,0,0
2387,39,14,88555.0,11,33,3.0,4,44,4,1,1,1,7,4,1,Operations,Associate,PhD,Female,Married,Night,Office,Micromanager,0,0,0,1,0,0,0
2388,42,2,58632.0,7,17,69.0,13,43,3,1,4,3,5,6,10,Sales,Analyst,Bachelor,Female,Married,Day,Office,Hands-off,1,0,0,1,0,0,0
2389,21,17,95804.0,0,51,35.0,5,34,0,2,3,2,7,1,3,Operations,Analyst,Bachelor,Male,Married,Day,Hybrid,Balanced,0,0,0,1,0,0,0
2390,58,8,61963.0,6,5,63.0,8,52,12,1,3,7,20,6,15,Engineering,Engineer,Bachelor,Male,Divorced,Day,Office,Micromanager,1,1,0,1,0,0,0
2391,30,1,46149.0,5,25,23.0,1,38,0,1,4,7,16,3,5,Engineering,Executive,Master,Male,Married,Night,Remote,Supportive,1,0,0,1,0,1,0
2392,52,8,57658.0,2,22,23.0,6,39,0,3,4,0,11,10,11,Sales,Analyst,Bachelor,Male,Divorced,Night,Office,Balanced,0,0,1,0,0,0,0
2393,58,6,53184.0,19,23,52.0,14,39,0,1,1,6,12,7,14,Research,Analyst,Master,Other,Married,Day,Office,Balanced,0,0,0,0,1,0,0
2394,29,0,59841.0,2,26,62.0,2,63,23,1,5,5,20,10,8,HR,Lead,Bachelor,Female,Divorced,Day,Hybrid,Hands-off,1,0,0,1,1,0,0
2395,35,18,96799.0,11,19,24.0,12,66,26,2,2,2,15,1,8,,Lead,High School,Female,Married,Flexible,Hybrid,Balanced,1,0,0,1,0,0,0
2396,31,19,88121.0,0,27,,4,35,0,2,4,2,9,9,1,Engineering,Analyst,Master,Male,Married,Flexible,Office,Balanced,1,0,0,0,0,1,0
2397,36,20,,2,33,7.0,12,68,28,4,1,3,12,7,9,,Engineer,Bachelor,Female,Divorced,Day,Remote,Supportive,0,0,1,0,0,1,0
2398,23,13,76543.0,13,39,26.0,1,44,4,4,4,0,10,0,10,Engineering,Executive,Master,Male,Divorced,Day,Remote,Balanced,1,0,0,1,1,1,0
2399,35,10,76413.0,11,56,51.0,3,63,23,3,3,2,10,1,4,Sales,Associate,High School,Male,Married,Day,Office,Balanced,0,0,0,0,0,0,0
2400,37,0,42680.0,1,7,13.0,5,33,0,5,2,4,11,6,1,Engineering,Manager,Bachelor,Male,Single,Day,Hybrid,Supportive,1,0,0,1,0,0,0
2401,53,11,80320.0,9,19,42.0,1,66,26,4,5,1,13,5,5,Research,Associate,Master,Male,Divorced,Day,Office,Balanced,0,1,1,0,0,0,0
2402,47,15,97607.0,3,28,80.0,9,41,1,5,3,5,6,3,13,Engineering,Lead,Bachelor,Female,Single,Day,Hybrid,Balanced,1,0,0,0,1,0,0
2403,37,11,97121.0,20,56,23.0,13,53,13,4,1,3,4,9,7,Marketing,Manager,Bachelor,Male,Single,Day,Office,Supportive,1,0,0,1,1,1,0
2404,26,13,77634.0,8,56,36.0,7,51,11,1,4,7,15,6,11,Marketing,Engineer,Bachelor,Female,Married,Day,Hybrid,Hands-off,1,0,0,1,1,0,0
2405,40,7,55490.0,4,59,21.0,4,33,0,3,5,1,8,6,8,Operations,Executive,High School,Female,Married,Day,Office,Micromanager,0,0,0,0,0,1,0
2406,24,6,47557.0,1,27,,6,43,3,1,5,6,4,7,11,Engineering,Engineer,High School,Female,Married,Flexible,Office,Micromanager,0,0,0,0,1,0,1
2407,25,1,,17,51,51.0,15,50,10,4,1,6,7,6,10,,Engineer,Master,Female,Divorced,Day,Hybrid,Supportive,0,1,0,0,1,0,0
2408,45,14,84469.0,19,25,16.0,4,50,10,4,5,6,8,0,2,Engineering,Analyst,Bachelor,Female,Married,Day,Office,Balanced,0,1,0,0,0,0,0
2409,30,18,93747.0,7,48,79.0,11,45,5,4,1,5,12,3,9,Engineering,Associate,Bachelor,Male,Married,Day,Hybrid,Balanced,1,0,0,0,1,0,0
2410,50,9,75044.0,13,33,1.0,2,49,9,3,4,4,19,2,2,Legal,Executive,Bachelor,Female,Divorced,Day,Remote,Hands-off,0,1,0,0,1,1,0
2411,28,12,77437.0,10,25,30.0,8,63,23,5,3,3,7,8,11,HR,Manager,High School,Male,Married,Flexible,Office,Micromanager,0,0,0,0,0,0,0
2412,54,15,81387.0,8,48,75.0,1,42,2,4,5,3,1,0,14,Finance,Associate,Bachelor,Female,Single,Day,Hybrid,Balanced,0,0,0,1,1,0,0
2413,58,20,89984.0,4,48,78.0,15,38,0,1,5,6,11,0,14,Finance,Engineer,Master,Female,Single,Day,Office,Hands-off,0,0,0,1,0,0,1
2414,29,12,85745.0,12,8,55.0,8,47,7,3,1,0,6,1,7,Sales,Executive,Bachelor,Male,Single,Day,Remote,,1,0,0,1,1,0,0
2415,24,20,75900.0,8,54,13.0,6,52,12,5,4,2,18,1,6,Sales,Associate,High School,Female,Divorced,Day,Office,Balanced,1,0,0,0,1,0,0
2416,50,0,34531.0,5,40,63.0,4,43,3,2,5,6,18,6,12,Sales,Analyst,Master,Male,Single,Night,Hybrid,Hands-off,0,0,0,0,1,0,0
2417,44,20,93837.0,4,59,5.0,11,68,28,3,3,3,18,10,5,Engineering,Analyst,Master,Female,Married,Day,Office,Balanced,0,1,0,0,0,0,0
2418,21,19,94051.0,13,19,64.0,13,39,0,4,2,4,11,6,14,HR,Lead,Bachelor,Male,Divorced,Day,Remote,Balanced,0,0,0,0,0,0,0
2419,35,4,68067.0,17,30,53.0,12,57,17,5,4,1,19,2,15,HR,Analyst,Master,Female,Divorced,Day,Hybrid,Micromanager,1,0,1,1,1,0,0
2420,57,4,78771.0,1,12,14.0,7,47,7,5,5,2,5,7,13,Marketing,Analyst,Master,Female,Single,Day,Office,Supportive,0,0,0,1,0,0,0
2421,23,13,70559.0,11,49,42.0,9,56,16,4,4,4,10,6,9,Engineering,Analyst,Bachelor,Male,Divorced,Day,Office,Balanced,0,0,0,1,0,1,0
2422,34,3,55519.0,12,1,12.0,3,37,0,2,2,3,5,9,10,Marketing,Engineer,Master,Male,Divorced,Night,Remote,Micromanager,0,0,1,1,0,0,0
2423,26,9,75165.0,19,7,60.0,12,66,26,1,2,2,3,4,14,Finance,Engineer,Bachelor,Male,Single,Day,Remote,,1,1,0,0,0,0,0
2424,30,19,92336.0,0,12,75.0,2,41,1,5,2,2,6,6,12,Marketing,Associate,Master,Male,Single,Day,Office,Micromanager,1,0,0,1,1,0,0
2425,34,13,64826.0,18,25,1.0,10,70,30,5,3,6,11,7,8,Engineering,Manager,Bachelor,Male,Married,Day,Office,Supportive,1,0,0,1,1,1,0
2426,40,14,89165.0,6,41,28.0,15,49,9,5,2,5,15,9,8,Engineering,Engineer,High School,Male,Married,Day,Remote,Balanced,0,0,0,0,0,1,0
2427,44,0,38985.0,6,29,24.0,14,48,8,1,3,7,7,6,4,Engineering,Manager,Master,Female,Single,Day,Remote,Hands-off,0,0,0,0,0,0,0
2428,35,5,81288.0,1,42,30.0,6,48,8,2,1,7,20,10,13,Operations,Analyst,Bachelor,Female,Divorced,Day,Office,Balanced,1,0,0,0,0,0,0
2429,50,12,60777.0,18,54,50.0,11,41,1,1,1,7,9,1,0,HR,Manager,Bachelor,Male,Single,Day,Hybrid,Balanced,1,0,0,1,0,1,0
2430,36,17,81746.0,11,16,4.0,3,36,0,4,1,4,7,1,5,Research,Lead,Bachelor,Male,Single,Night,Remote,Balanced,0,0,0,1,1,0,0
2431,25,14,93977.0,3,23,44.0,1,63,23,4,3,4,13,7,15,Engineering,Analyst,Bachelor,Female,Divorced,Day,Hybrid,Supportive,1,0,0,0,1,1,0
2432,40,17,57554.0,7,22,14.0,3,45,5,4,4,4,1,3,8,Engineering,Executive,Master,Female,Divorced,Day,Hybrid,Micromanager,1,0,0,1,1,1,0
2433,26,18,101266.0,6,5,32.0,10,50,10,2,2,1,1,3,13,Sales,Lead,Bachelor,Female,Married,Day,Office,Micromanager,1,0,0,1,0,1,0
2434,34,13,50365.0,19,43,,14,53,13,3,2,3,12,1,2,Operations,Analyst,Master,Male,Married,Flexible,Remote,Supportive,0,0,0,0,0,0,0
2435,22,7,74698.0,15,5,20.0,2,49,9,3,2,6,14,10,8,Sales,Manager,Bachelor,Male,Single,Night,Remote,Balanced,0,0,0,1,1,0,0
2436,22,15,,16,11,35.0,5,41,1,3,3,4,8,9,10,Finance,Associate,Master,Male,Married,Day,Remote,Balanced,0,0,0,1,0,0,0
2437,21,5,,15,15,21.0,2,37,0,2,5,6,16,5,10,Sales,Manager,Bachelor,Female,Married,Night,Office,Balanced,0,0,0,0,0,0,0
2438,48,3,37452.0,19,50,75.0,1,37,0,4,2,0,20,5,0,Research,Lead,Bachelor,Male,Single,Flexible,Hybrid,Supportive,0,1,0,0,1,0,0
2439,46,17,96061.0,4,45,8.0,10,31,0,2,2,4,5,3,7,Engineering,Associate,Master,Female,Divorced,Day,Office,Hands-off,1,0,0,0,0,1,0
2440,59,18,84914.0,0,44,18.0,9,70,30,2,1,5,9,0,1,Sales,Manager,Bachelor,Male,Divorced,Day,Office,Micromanager,1,1,0,0,0,0,0
2441,60,20,91217.0,9,45,9.0,6,47,7,4,4,1,19,7,8,Engineering,Lead,Bachelor,Male,Divorced,Flexible,Office,Balanced,0,0,0,0,0,1,1
2442,24,6,60608.0,7,23,79.0,9,38,0,5,5,2,13,10,3,Sales,Manager,Master,Male,Single,Day,Remote,Hands-off,1,0,0,0,1,0,0
2443,54,5,42919.0,4,46,63.0,11,30,0,4,3,1,14,6,11,Legal,Manager,Bachelor,Female,Single,Day,Hybrid,Supportive,1,0,0,1,0,0,0
2444,37,14,106991.0,8,52,75.0,8,65,25,5,3,4,12,7,6,Finance,Manager,Master,Male,Divorced,Day,Office,Balanced,0,0,0,1,0,0,1
2445,42,14,62360.0,19,31,68.0,13,41,1,5,3,4,10,9,13,HR,Analyst,Master,Female,Married,Day,Office,Micromanager,1,0,0,1,1,0,0
2446,36,10,78496.0,0,9,21.0,5,49,9,3,2,5,9,4,15,,Analyst,Master,Male,Divorced,Day,Office,Supportive,1,0,0,0,0,0,0
2447,29,11,63132.0,17,54,58.0,13,51,11,5,2,6,11,2,9,Engineering,Lead,Master,Female,Married,Day,Hybrid,Balanced,1,0,0,0,0,1,0
2448,53,7,233035.0,19,17,41.0,13,31,0,3,2,1,13,5,11,Legal,Executive,Bachelor,Male,Single,Day,Office,Supportive,0,0,0,1,0,0,0
2449,58,5,57269.0,20,28,27.0,15,31,0,5,4,4,13,0,10,Engineering,Executive,Master,Male,Single,Day,Office,Balanced,0,0,0,0,0,1,0
2450,42,3,49204.0,6,39,49.0,12,45,5,5,2,0,2,8,12,Engineering,Manager,High School,Male,Divorced,Day,Remote,Balanced,0,0,0,0,0,0,0
2451,43,4,54773.0,17,8,11.0,14,51,11,5,5,6,4,10,13,Engineering,Analyst,Bachelor,Female,Married,Day,Office,Micromanager,1,0,0,0,1,0,0
2452,23,10,68435.0,15,2,32.0,8,41,1,3,2,1,20,5,10,Marketing,Lead,Bachelor,Female,Single,Night,Office,Supportive,1,0,1,1,0,1,0
2453,24,0,36626.0,5,11,41.0,12,50,10,4,1,5,3,1,8,Sales,Engineer,Master,Female,Divorced,Day,Hybrid,Balanced,1,0,1,0,0,0,0
2454,25,15,61548.0,8,25,56.0,6,37,0,1,1,6,4,1,3,Engineering,Executive,Bachelor,Male,Married,Day,Hybrid,Balanced,0,0,0,1,0,0,0
2455,44,15,90636.0,11,58,42.0,6,70,30,3,1,1,5,6,12,Research,Manager,Master,Male,Single,Day,Hybrid,Micromanager,0,1,0,1,0,1,0
2456,28,9,70240.0,15,59,38.0,5,60,20,2,2,0,6,3,15,HR,Engineer,High School,Male,Single,Day,Office,Hands-off,1,0,0,1,1,0,0
2457,29,10,78392.0,4,40,65.0,15,48,8,2,4,7,3,0,5,Engineering,Executive,Master,Female,Single,Night,Office,Balanced,0,0,0,0,0,0,0
2458,57,7,62346.0,6,30,17.0,7,67,27,4,5,7,8,6,13,Sales,Executive,Bachelor,Female,Single,Day,Office,Balanced,0,0,0,1,0,0,0
2459,22,3,35219.0,3,21,72.0,2,49,9,1,1,6,5,3,4,Engineering,Associate,Master,Male,Divorced,Day,Office,Micromanager,1,0,0,0,1,0,0
2460,36,9,48079.0,6,35,1.0,1,32,0,2,4,2,13,1,10,Engineering,Manager,Bachelor,Male,Divorced,Day,Office,Supportive,0,0,0,0,0,1,0
2461,54,12,78251.0,14,41,21.0,3,33,0,5,1,6,6,6,12,Research,Analyst,Master,Female,Single,Day,Office,Balanced,0,0,0,0,0,1,0
2462,21,15,80626.0,18,11,21.0,2,30,0,5,1,5,16,9,9,Sales,Executive,Bachelor,Male,Married,Day,Hybrid,Supportive,0,0,0,0,1,0,0
2463,60,1,64908.0,18,52,62.0,13,42,2,2,2,7,12,2,15,Sales,Analyst,Bachelor,Male,Divorced,Day,Hybrid,Supportive,1,0,0,0,0,1,0
2464,26,18,90117.0,17,53,,11,70,30,2,5,5,19,2,7,Research,Executive,Bachelor,Female,Married,Flexible,Office,Micromanager,0,0,0,1,0,0,1
2465,50,20,83644.0,12,1,21.0,8,69,29,3,3,1,17,1,6,Engineering,Engineer,PhD,Male,Divorced,Day,Office,Balanced,0,0,0,0,0,0,0
2466,59,6,64233.0,0,12,24.0,7,52,12,3,5,7,0,5,9,Engineering,Lead,Master,Female,Single,Night,Hybrid,,0,0,0,1,0,0,0
2467,45,6,48322.0,14,50,44.0,4,54,14,4,2,6,3,7,5,HR,Executive,High School,Female,Single,Day,Office,Balanced,0,0,0,0,1,0,0
2468,50,5,30255.0,17,41,53.0,1,41,1,5,4,3,16,6,10,Sales,Associate,Bachelor,Female,Single,Day,Hybrid,Supportive,1,0,0,1,0,1,0
2469,31,16,82805.0,13,16,59.0,14,62,22,5,5,7,13,7,8,,Manager,High School,Female,Divorced,Day,Office,Supportive,1,1,0,1,0,1,0
2470,43,12,61331.0,3,21,77.0,4,36,0,5,3,4,16,0,8,,Manager,Master,Male,Divorced,Night,Remote,Micromanager,0,0,0,0,0,0,0
2471,45,3,55741.0,9,37,6.0,10,55,15,4,5,3,14,4,14,Sales,Associate,Bachelor,Male,Divorced,Flexible,Office,Micromanager,1,0,0,0,1,0,0
2472,34,18,97374.0,5,20,37.0,11,61,21,5,5,5,10,0,3,HR,Analyst,Bachelor,Male,Married,Day,Remote,Supportive,0,1,0,0,0,0,0
2473,45,13,86740.0,16,5,76.0,11,60,20,1,2,7,15,0,6,Engineering,Manager,Bachelor,Female,Married,Day,Hybrid,Micromanager,0,0,0,1,0,0,0
2474,27,18,75723.0,9,46,71.0,13,52,12,4,1,5,14,4,13,Operations,Analyst,Bachelor,Female,Married,Day,Office,Balanced,0,0,0,1,1,1,0
2475,21,8,59837.0,12,58,19.0,4,41,1,1,5,7,14,0,1,Marketing,Engineer,Master,Male,Single,Flexible,Hybrid,Balanced,0,0,0,0,0,0,1
2476,32,8,55031.0,11,57,75.0,3,45,5,2,2,3,1,10,3,Engineering,Lead,Bachelor,Female,Married,Day,Office,Supportive,1,0,1,0,1,0,0
2477,30,6,53723.0,10,24,56.0,8,54,14,5,3,3,3,8,8,Sales,Analyst,Master,Female,Single,Day,Office,Balanced,1,0,0,0,0,0,0
2478,32,0,33189.0,6,14,40.0,12,69,29,2,2,4,19,0,9,Operations,Associate,Bachelor,Female,Married,Day,Office,Micromanager,0,0,0,0,0,0,0
2479,50,2,41885.0,15,55,7.0,10,63,23,5,3,4,1,5,15,Legal,Manager,Bachelor,Other,Single,Day,Office,Supportive,0,1,0,1,0,0,1
2480,22,3,72830.0,8,40,63.0,4,30,0,3,3,6,17,7,13,Operations,Engineer,Bachelor,Female,Married,Day,Office,Balanced,0,0,0,1,0,0,0
2481,47,17,97997.0,2,2,10.0,14,66,26,5,4,6,10,7,8,Legal,Executive,Master,Female,Married,Day,Office,Balanced,0,0,0,0,0,0,1
2482,42,20,103158.0,4,27,37.0,10,52,12,2,4,2,3,6,4,Sales,Manager,Master,Male,Divorced,Day,Remote,,1,1,0,1,0,0,0
2483,38,10,64758.0,2,47,79.0,7,57,17,2,1,3,17,8,9,Sales,Associate,Bachelor,Female,Single,Day,Remote,Hands-off,1,0,0,0,0,0,0
2484,37,13,65813.0,11,58,56.0,1,58,18,2,4,1,4,9,7,Finance,Analyst,Master,Male,Single,Day,Office,Balanced,1,0,0,0,0,1,0
2485,54,3,50335.0,18,26,19.0,4,47,7,4,2,5,19,7,14,Finance,Analyst,Bachelor,Female,Married,Day,Remote,Hands-off,0,0,0,0,0,1,0
2486,29,10,58825.0,15,40,57.0,2,34,0,2,3,5,12,3,6,Engineering,Engineer,Master,Female,Single,Flexible,Office,Balanced,0,0,1,1,1,0,0
2487,57,10,80264.0,11,3,60.0,11,38,0,1,2,2,13,3,11,Operations,Associate,Bachelor,Male,Divorced,Day,Office,Supportive,0,0,0,1,0,0,0
2488,36,14,76116.0,5,26,53.0,11,47,7,1,1,1,17,0,0,Sales,Lead,Bachelor,Female,Single,Day,Remote,Supportive,1,1,0,0,1,0,0
2489,33,15,77666.0,0,23,66.0,7,32,0,4,4,7,3,0,15,Engineering,Analyst,Master,Male,Single,Day,Hybrid,Supportive,1,1,0,0,0,1,0
2490,42,16,111095.0,0,57,62.0,3,34,0,1,1,3,13,1,3,Engineering,Associate,High School,Female,Divorced,Day,Office,Hands-off,0,0,0,0,1,0,0
2491,36,4,,5,42,44.0,3,59,19,1,4,5,19,2,12,Engineering,Lead,Bachelor,Female,Single,Night,Office,Balanced,0,0,0,1,1,0,1
2492,42,17,96510.0,20,34,45.0,9,34,0,4,1,6,2,4,2,Operations,Engineer,High School,Male,Married,Flexible,Office,Supportive,0,0,0,0,0,1,0
2493,30,8,79301.0,10,36,,2,31,0,5,5,7,10,5,7,Marketing,Lead,Master,Male,Divorced,Day,Office,Balanced,0,0,0,0,0,0,0
2494,31,9,67260.0,7,5,21.0,5,38,0,3,4,4,5,0,15,Operations,Lead,Bachelor,Female,Married,Day,Remote,Balanced,0,0,0,1,0,0,0
2495,23,18,83385.0,14,19,24.0,7,60,20,1,4,3,5,9,13,Sales,Associate,Bachelor,Male,Divorced,Day,Hybrid,Balanced,1,0,0,0,0,0,0
2496,28,3,49723.0,11,2,70.0,9,67,27,2,1,6,1,9,3,Engineering,Lead,Master,Female,Married,Night,Hybrid,Balanced,1,0,0,0,1,0,0
2497,34,14,66902.0,2,13,52.0,2,32,0,3,1,6,6,1,4,Marketing,Analyst,PhD,Other,Divorced,Flexible,Hybrid,Balanced,0,0,1,1,0,0,0
2498,57,4,38088.0,3,24,35.0,10,31,0,3,5,3,7,8,11,Research,Executive,Bachelor,Male,Married,Day,Hybrid,Balanced,0,0,1,0,0,1,0
2499,49,12,82474.0,17,38,78.0,13,41,1,2,5,1,16,3,15,Operations,Manager,Master,Female,Divorced,Flexible,Remote,Balanced,0,0,0,0,0,0,1
2500,30,2,39933.0,4,20,,5,38,0,3,1,5,19,6,3,Engineering,Associate,Bachelor,Male,Married,Day,Hybrid,Balanced,0,1,0,0,0,0,0
2501,24,12,70046.0,5,43,2.0,11,38,0,4,4,1,0,3,9,Sales,Associate,Master,Male,Divorced,Day,Hybrid,Micromanager,0,0,0,1,1,1,0
2502,52,9,75162.0,10,55,57.0,2,43,3,1,1,7,0,1,6,HR,Executive,Bachelor,Male,Married,Night,Office,Supportive,1,1,0,0,0,0,0
2503,52,17,106335.0,13,14,33.0,15,35,0,3,4,7,12,10,12,Engineering,Engineer,Master,Male,Divorced,Flexible,Remote,Hands-off,0,0,0,0,1,1,1
2504,39,2,47420.0,16,59,6.0,3,68,28,4,1,5,20,10,5,Engineering,Manager,PhD,Female,Married,Flexible,Remote,Supportive,1,0,0,1,1,1,0
2505,45,20,123999.0,19,4,45.0,13,30,0,1,4,6,19,10,7,Sales,Lead,Master,Female,Divorced,Day,Office,Supportive,1,0,1,1,0,0,0
2506,42,19,95938.0,15,12,16.0,5,36,0,5,4,3,19,5,8,Engineering,Executive,Master,Male,Divorced,Day,Remote,Supportive,1,0,0,1,0,1,0
2507,40,13,88760.0,8,45,28.0,15,42,2,2,5,1,1,10,14,Legal,Associate,Master,Male,Single,Day,Remote,Balanced,1,0,0,1,0,1,0
2508,46,19,75224.0,2,42,74.0,14,36,0,2,5,0,11,5,3,Operations,Engineer,Master,Male,Single,Night,Office,Balanced,0,0,0,0,0,0,0
2509,53,0,39919.0,2,47,,11,31,0,1,2,3,5,8,4,Engineering,Executive,Bachelor,Female,Married,Day,Hybrid,Supportive,0,0,1,0,0,0,0
2510,39,17,70563.0,15,33,46.0,11,35,0,4,4,2,18,5,0,Finance,Manager,Bachelor,Female,Single,Flexible,Hybrid,Balanced,1,1,0,0,0,1,0
2511,38,9,61873.0,13,31,45.0,2,31,0,3,2,4,5,3,0,Sales,Manager,Bachelor,Female,Divorced,Flexible,Remote,Supportive,1,0,0,0,1,0,0
2512,53,1,37361.0,9,39,25.0,14,51,11,3,2,4,18,9,1,Finance,Lead,Bachelor,Male,Divorced,Day,Hybrid,Balanced,0,0,0,1,0,0,1
2513,54,17,86164.0,6,1,26.0,14,51,11,4,1,0,8,8,0,HR,Lead,Master,Female,Divorced,Night,Hybrid,Balanced,1,0,0,0,0,0,0
2514,53,11,57360.0,4,13,14.0,13,63,23,1,2,5,7,3,12,Research,Executive,PhD,Male,Divorced,Day,Office,Supportive,0,0,0,0,1,0,0
2515,35,12,58645.0,1,30,61.0,6,66,26,1,4,7,0,6,5,,Executive,Bachelor,Male,Divorced,Day,Hybrid,Micromanager,0,0,0,1,0,0,0
2516,39,10,72912.0,2,39,58.0,13,59,19,4,2,2,9,10,2,Research,Lead,Bachelor,Male,Single,Day,Remote,Micromanager,0,0,1,0,0,1,1
2517,40,2,45812.0,20,35,61.0,4,57,17,5,4,2,6,1,5,Research,Manager,High School,Male,Married,Day,Office,Micromanager,0,0,0,0,1,0,0
2518,35,10,74682.0,8,16,24.0,13,39,0,2,1,3,8,1,0,Operations,Lead,High School,Male,Single,Day,Office,Supportive,1,1,0,0,0,1,0
2519,31,5,81678.0,7,42,14.0,3,59,19,2,5,7,19,2,14,Engineering,Analyst,Master,Male,Single,Flexible,Hybrid,Balanced,0,0,0,0,0,0,0
2520,60,18,89409.0,3,42,56.0,4,51,11,1,4,1,2,1,13,Legal,Executive,Master,Male,Married,Day,Office,Balanced,1,0,0,0,0,1,0
2521,42,8,73031.0,20,9,11.0,11,38,0,3,4,2,10,5,15,Operations,Analyst,Master,Male,Divorced,Night,Hybrid,Micromanager,0,0,0,1,0,0,0
2522,29,0,44354.0,1,52,18.0,9,34,0,4,3,3,13,9,12,,Manager,Bachelor,Female,Divorced,Flexible,Remote,Supportive,0,0,0,1,1,0,0
2523,35,11,87315.0,10,35,37.0,6,49,9,4,3,1,2,3,8,Engineering,Lead,Bachelor,Male,Divorced,Night,Remote,Hands-off,0,0,0,1,1,0,0
2524,59,7,,19,45,3.0,6,54,14,5,2,4,13,8,11,Finance,Analyst,Bachelor,Female,Single,Night,Office,Balanced,0,0,0,0,0,0,0
2525,32,7,58877.0,10,26,37.0,5,61,21,5,5,2,19,6,0,Engineering,Lead,Bachelor,Female,Single,Flexible,Hybrid,Supportive,1,0,1,0,0,0,0
2526,39,18,90731.0,14,21,42.0,2,39,0,4,2,4,18,3,14,Engineering,Engineer,Master,Female,Divorced,Day,Hybrid,Balanced,1,0,0,0,0,0,0
2527,25,16,105287.0,14,3,22.0,10,59,19,3,2,7,9,8,12,Research,Associate,Bachelor,Female,Single,Day,Hybrid,Balanced,0,0,0,0,0,0,0
2528,24,4,56834.0,9,4,9.0,4,51,11,4,5,3,8,1,4,Marketing,Lead,Bachelor,Female,Divorced,Night,Office,,0,0,0,0,0,0,0
2529,45,9,79138.0,0,33,18.0,7,70,30,3,3,2,7,9,5,Sales,Manager,PhD,Male,Divorced,Day,Office,Micromanager,1,0,0,1,0,0,0
2530,22,8,72170.0,16,32,50.0,15,50,10,1,4,1,16,10,10,Engineering,Executive,Bachelor,Female,Divorced,Day,Remote,Balanced,1,0,0,1,1,0,0
2531,34,12,82942.0,17,3,34.0,2,33,0,1,2,0,10,0,5,Research,Lead,Bachelor,Male,Divorced,Day,Office,Supportive,1,0,0,1,0,1,0
2532,46,9,44990.0,14,19,76.0,7,48,8,1,5,1,20,1,8,Operations,Analyst,High School,Female,Married,Night,Remote,Balanced,0,0,0,0,0,1,1
2533,57,0,46161.0,1,16,6.0,13,33,0,2,4,1,4,8,14,Operations,Manager,Bachelor,Male,Single,Day,Remote,Supportive,0,0,0,1,0,0,0
2534,50,1,204710.0,4,44,32.0,5,69,29,2,3,6,5,3,7,Marketing,Associate,Master,Female,Divorced,Day,Hybrid,Micromanager,0,0,0,0,0,0,0
2535,40,4,40391.0,5,16,11.0,15,30,0,4,4,3,17,1,14,Sales,Engineer,Bachelor,Female,Married,Flexible,Office,Supportive,0,0,0,1,1,0,0
2536,31,17,81821.0,17,22,0.0,4,38,0,3,1,1,4,5,4,Sales,Lead,Bachelor,Female,Single,Day,Hybrid,Supportive,1,0,0,0,0,0,0
2537,53,9,57196.0,2,36,5.0,13,58,18,2,1,7,14,5,8,Sales,Executive,Bachelor,Female,Single,Night,Hybrid,Supportive,1,0,0,1,0,0,0
2538,33,14,68750.0,20,50,46.0,2,34,0,5,3,0,10,2,6,Operations,Manager,Bachelor,Male,Divorced,Day,Hybrid,Supportive,1,0,0,0,0,0,0
2539,31,19,77229.0,16,1,56.0,3,34,0,2,1,6,9,8,3,HR,Executive,High School,Male,Divorced,Flexible,Hybrid,Balanced,0,0,0,1,0,0,0
2540,34,15,66126.0,15,27,37.0,7,62,22,3,1,0,17,9,14,Operations,Manager,Master,Female,Divorced,Day,Office,Balanced,0,0,0,1,1,1,0
2541,35,17,98012.0,15,44,16.0,1,43,3,4,1,0,2,9,12,Sales,Engineer,High School,Male,Single,Day,Office,Supportive,1,0,0,0,0,0,0
2542,40,1,64588.0,2,36,70.0,9,67,27,3,5,6,12,8,15,Marketing,Analyst,Bachelor,Male,Divorced,Night,Remote,Balanced,1,0,1,1,1,0,0
2543,54,20,90843.0,19,43,33.0,13,36,0,5,3,4,5,8,6,Sales,Executive,Master,Male,Divorced,Flexible,Hybrid,,1,0,0,0,0,1,0
2544,54,0,51958.0,19,6,68.0,13,35,0,2,5,0,12,5,3,Finance,Associate,Master,Male,Single,Night,Office,Micromanager,0,0,0,1,0,1,0
2545,26,3,50900.0,13,55,32.0,10,35,0,1,3,7,5,7,7,Sales,Analyst,High School,Female,Married,Night,Hybrid,Supportive,1,0,0,0,0,1,0
2546,39,17,93799.0,17,43,40.0,12,69,29,2,5,7,3,5,4,Engineering,Associate,Bachelor,Female,Divorced,Day,Hybrid,Hands-off,0,0,0,1,0,0,0
2547,25,15,88368.0,0,43,7.0,8,42,2,5,2,4,17,8,11,Operations,Manager,Bachelor,Female,Single,Night,Office,Supportive,0,0,1,0,0,0,0
2548,52,13,73367.0,5,52,52.0,15,66,26,2,1,0,12,6,15,Engineering,Manager,PhD,Male,Single,Day,Office,Supportive,1,0,0,1,0,0,0
2549,28,19,122857.0,12,2,47.0,14,32,0,1,2,2,10,7,6,Research,Executive,Bachelor,Female,Married,Night,Hybrid,Micromanager,0,0,1,0,1,0,0
2550,29,20,94955.0,11,32,9.0,13,63,23,1,5,2,1,4,9,Sales,Executive,Bachelor,Male,Divorced,Day,Hybrid,Hands-off,0,0,0,0,1,1,0
2551,58,13,64613.0,5,19,17.0,4,67,27,4,4,7,13,6,1,Sales,Engineer,Master,Male,Divorced,Day,Office,Balanced,1,0,0,1,0,0,0
2552,30,7,59731.0,4,32,17.0,13,54,14,1,5,2,9,10,4,Sales,Executive,Bachelor,Female,Single,Day,Hybrid,Balanced,1,0,0,0,0,0,0
2553,47,1,63340.0,2,27,6.0,3,52,12,2,2,1,3,9,0,Engineering,Manager,Bachelor,Male,Divorced,Day,Office,Supportive,0,1,0,0,0,0,0
2554,29,18,114131.0,20,25,14.0,9,42,2,4,2,2,9,1,12,Engineering,Engineer,Bachelor,Male,Divorced,Day,Remote,Balanced,0,0,0,0,1,1,0
2555,51,4,44930.0,14,25,44.0,13,64,24,1,4,2,6,3,7,Engineering,Analyst,Master,Male,Married,Day,Hybrid,Hands-off,0,0,0,1,0,1,0
2556,55,18,98620.0,14,49,59.0,4,70,30,4,3,0,10,10,3,Finance,Associate,Bachelor,Female,Divorced,Day,Hybrid,Hands-off,1,0,0,0,0,1,0
2557,35,6,74492.0,12,29,26.0,14,68,28,2,4,5,0,10,6,Sales,Analyst,Bachelor,Female,Married,Flexible,Office,Micromanager,0,0,0,0,0,0,0
2558,22,6,63073.0,7,19,69.0,1,40,0,4,4,3,8,6,7,Finance,Lead,PhD,Male,Married,Flexible,Remote,Supportive,0,0,1,0,0,0,0
2559,27,14,75880.0,17,36,30.0,4,42,2,3,4,0,7,3,10,Sales,Associate,Master,Female,Divorced,Flexible,Hybrid,Hands-off,0,0,0,1,0,0,0
2560,35,20,102058.0,4,6,53.0,13,54,14,3,2,6,18,1,9,Engineering,Manager,Bachelor,Male,Single,Day,Office,Hands-off,0,0,0,0,0,1,1
2561,31,6,83463.0,13,20,25.0,11,31,0,1,5,5,16,6,14,Engineering,Manager,High School,Male,Single,Day,Hybrid,Balanced,0,0,0,1,0,0,1
2562,32,11,51089.0,10,48,7.0,3,37,0,5,1,7,3,1,11,HR,Associate,Bachelor,Female,Married,Flexible,Remote,Micromanager,1,0,0,0,1,0,0
2563,38,5,72376.0,20,48,35.0,2,56,16,5,3,2,11,3,2,Research,Executive,Bachelor,Male,Single,Day,Remote,Balanced,1,0,0,1,0,0,0
2564,37,5,57144.0,13,37,30.0,2,48,8,3,4,6,12,4,14,Finance,Executive,PhD,Male,Married,Day,Office,Supportive,1,0,0,1,0,0,0
2565,60,19,108085.0,11,39,41.0,14,56,16,3,3,7,0,4,7,Sales,Analyst,Bachelor,Female,Married,Flexible,Office,Micromanager,0,0,0,0,0,1,0
2566,35,3,53743.0,3,44,2.0,4,34,0,3,4,1,8,2,1,Sales,Analyst,Bachelor,Female,Single,Day,Office,Micromanager,1,0,0,1,1,1,0
2567,59,16,90477.0,16,11,43.0,12,65,25,1,4,1,7,6,2,HR,Manager,Master,Male,Single,Night,Remote,Balanced,0,0,0,1,1,0,0
2568,50,9,59394.0,14,47,33.0,8,45,5,2,5,1,14,2,7,Research,Engineer,Bachelor,Male,Single,Day,Office,Balanced,0,0,0,0,0,1,1
2569,28,8,62423.0,12,7,50.0,1,55,15,4,2,5,19,8,9,Engineering,Manager,High School,Male,Married,Day,Hybrid,Balanced,1,1,0,1,0,0,0
2570,41,16,85509.0,18,33,57.0,10,58,18,2,1,6,4,6,14,Sales,Associate,Bachelor,Female,Single,Day,Remote,Hands-off,1,1,0,0,0,1,0
2571,33,5,46812.0,14,51,39.0,5,61,21,4,4,4,5,3,15,Finance,Engineer,Bachelor,Male,Divorced,Flexible,Remote,Supportive,0,0,0,1,0,0,0
2572,25,9,,15,43,25.0,2,57,17,5,1,2,14,4,15,Sales,Lead,Bachelor,Female,Divorced,Day,Office,Micromanager,1,0,0,1,0,1,0
2573,44,20,97933.0,6,52,70.0,7,57,17,3,3,1,9,5,15,Sales,Lead,Bachelor,Female,Married,Day,Office,Supportive,0,0,0,1,0,0,0
2574,44,2,50089.0,20,4,21.0,11,36,0,1,2,4,1,3,12,Engineering,Engineer,Bachelor,Female,Divorced,Night,Office,Micromanager,0,0,0,0,1,0,0
2575,52,10,94963.0,10,57,64.0,6,42,2,3,3,2,20,0,10,Engineering,Lead,Bachelor,Male,Married,Day,Office,Balanced,0,0,0,1,1,0,0
2576,57,3,81357.0,7,39,11.0,12,45,5,1,2,7,5,8,9,Engineering,Analyst,Bachelor,Female,Divorced,Day,Hybrid,Supportive,1,0,0,1,0,0,0
2577,36,13,67903.0,16,26,32.0,11,49,9,5,5,7,17,8,13,Sales,Manager,Bachelor,Female,Divorced,Night,Office,Balanced,1,0,0,1,0,1,0
2578,44,3,36987.0,14,50,57.0,15,66,26,2,4,3,4,6,8,Legal,Executive,Bachelor,Male,Single,Night,Remote,Micromanager,0,0,0,0,1,0,1
2579,33,10,87587.0,8,27,52.0,4,39,0,1,3,1,17,6,3,,Analyst,Bachelor,Female,Married,Day,Hybrid,Hands-off,1,0,0,1,0,1,0
2580,25,3,41362.0,16,6,70.0,14,44,4,4,2,7,7,4,12,Marketing,Executive,PhD,Female,Divorced,Day,Office,Supportive,1,0,0,1,0,0,0
2581,53,7,59868.0,11,28,72.0,2,52,12,5,3,3,10,3,11,Legal,Engineer,Bachelor,Female,Married,Flexible,Office,Micromanager,0,1,0,1,1,0,0
2582,24,2,65246.0,19,1,,10,32,0,5,3,5,20,7,10,Engineering,Executive,Bachelor,Female,Married,Night,Office,Balanced,0,0,0,0,0,0,0
2583,28,17,101283.0,9,46,28.0,3,48,8,5,2,1,15,8,1,Marketing,Analyst,Bachelor,Female,Single,Night,Office,Balanced,1,0,0,0,0,1,0
2584,22,14,77048.0,19,36,26.0,4,48,8,5,3,3,4,6,3,Operations,Executive,Bachelor,Male,Single,Day,Remote,Hands-off,0,0,0,0,0,1,0
2585,29,18,104343.0,0,32,74.0,13,58,18,3,1,3,20,3,3,HR,Manager,High School,Male,Single,Day,Office,,0,0,0,0,0,0,1
2586,22,0,25276.0,4,14,26.0,2,65,25,3,3,2,7,4,1,Legal,Analyst,Master,Other,Single,Flexible,Remote,Supportive,0,0,0,1,0,0,0
2587,30,17,94150.0,19,2,73.0,12,49,9,3,2,3,18,10,0,Sales,Executive,Bachelor,Female,Divorced,Flexible,Hybrid,Supportive,1,0,0,0,1,0,0
2588,25,2,59669.0,18,6,55.0,1,68,28,3,3,0,11,10,14,Operations,Lead,High School,Female,Married,Day,Office,Micromanager,0,0,0,0,0,1,1
2589,22,12,75395.0,4,6,49.0,15,53,13,1,1,4,7,7,1,Engineering,Analyst,Bachelor,Male,Divorced,Day,Office,Hands-off,1,0,0,0,0,0,0
2590,29,2,57709.0,14,4,16.0,13,60,20,5,3,4,7,2,1,Engineering,Analyst,Bachelor,Female,Single,Day,Hybrid,Hands-off,1,0,0,1,0,0,0
2591,49,15,73210.0,1,44,,7,34,0,2,5,3,7,1,3,HR,Lead,Master,Male,Divorced,Day,Office,Balanced,1,0,0,0,0,0,1
2592,42,18,,12,35,64.0,14,62,22,5,5,5,4,10,8,Engineering,Executive,Master,Male,Married,Day,Hybrid,Balanced,1,0,0,1,1,0,0
2593,57,15,78166.0,9,27,65.0,15,56,16,4,4,2,14,10,2,Research,Associate,Bachelor,Male,Single,Day,Office,Balanced,0,0,0,0,0,0,0
2594,35,17,69837.0,16,47,1.0,5,66,26,1,3,1,18,2,15,Engineering,Executive,Bachelor,Male,Married,Flexible,Remote,Supportive,1,0,0,0,1,1,0
2595,25,11,75153.0,6,1,24.0,3,31,0,4,2,0,15,10,1,Sales,Lead,Bachelor,Male,Single,Night,Office,Micromanager,1,0,0,1,0,0,0
2596,35,2,62648.0,7,55,17.0,8,68,28,5,1,3,14,7,12,Legal,Associate,Bachelor,Male,Divorced,Flexible,Office,Micromanager,0,0,0,0,0,0,1
2597,46,4,59765.0,6,41,6.0,5,46,6,3,5,3,3,10,0,Marketing,Engineer,Bachelor,Male,Single,Day,Office,Micromanager,1,0,0,0,0,0,0
2598,50,13,79035.0,2,1,57.0,3,52,12,3,5,7,16,6,12,HR,Executive,Bachelor,Female,Single,Day,Office,Supportive,0,0,0,0,0,0,0
2599,51,9,80256.0,19,16,56.0,3,60,20,5,4,2,11,0,14,Engineering,Engineer,Master,Male,Married,Flexible,Office,Micromanager,1,0,0,1,1,0,1
2600,35,17,101867.0,12,31,4.0,3,62,22,2,3,4,2,6,9,Marketing,Analyst,Master,Female,Married,Day,Hybrid,Hands-off,0,1,1,1,1,0,0
2601,22,13,80029.0,4,2,,5,61,21,2,4,0,4,4,1,Legal,Executive,PhD,Female,Single,Flexible,Office,Balanced,0,0,0,0,0,0,0
2602,38,20,113060.0,10,8,64.0,6,31,0,5,1,3,19,2,9,Operations,Lead,High School,Male,Single,Day,Office,Balanced,1,0,0,1,0,0,0
2603,53,5,54635.0,16,16,58.0,13,33,0,4,1,0,10,3,9,HR,Lead,High School,Female,Divorced,Day,Office,Balanced,0,0,0,1,0,0,0
2604,39,17,98369.0,0,4,56.0,15,67,27,2,2,1,10,7,0,Engineering,Associate,Bachelor,Male,Married,Day,Office,,1,0,1,1,1,1,1
2605,24,15,,19,3,64.0,14,54,14,1,5,3,5,6,13,Engineering,Lead,Master,Male,Single,Night,Office,Balanced,1,0,1,0,0,0,0
2606,51,18,96068.0,19,5,15.0,15,70,30,2,2,5,1,2,2,HR,Manager,Master,Male,Single,Flexible,Hybrid,Supportive,1,0,0,0,0,0,0
2607,42,5,58361.0,17,45,71.0,11,36,0,5,3,7,12,1,1,Engineering,Executive,Master,Female,Divorced,Day,Hybrid,Supportive,0,0,0,1,0,0,0
2608,43,14,72511.0,18,10,1.0,4,59,19,5,3,0,2,7,10,Operations,Associate,Bachelor,Female,Married,Day,Hybrid,Balanced,1,0,0,1,1,0,0
2609,46,20,378005.0,5,33,37.0,1,39,0,4,5,7,7,2,13,Sales,Lead,PhD,Male,Divorced,Day,Remote,Balanced,1,0,0,1,0,0,0
2610,52,3,66132.0,20,43,37.0,15,40,0,1,2,5,6,7,2,Sales,Associate,Bachelor,Female,Married,Day,Office,Balanced,0,0,0,1,1,0,1
2611,51,15,88119.0,8,51,,8,39,0,3,2,4,18,5,4,Finance,Engineer,PhD,Female,Single,Night,Remote,Hands-off,1,1,0,0,0,0,0
2612,53,15,82984.0,1,38,64.0,6,60,20,1,1,5,0,8,1,Legal,Analyst,Master,Female,Single,Flexible,Office,Micromanager,0,0,0,1,0,0,1
2613,55,0,48535.0,18,32,0.0,3,62,22,2,2,5,12,10,2,Engineering,Executive,Bachelor,Female,Single,Night,Remote,Balanced,1,0,0,1,0,0,0
2614,41,6,62566.0,6,28,25.0,9,66,26,2,1,5,8,0,15,Research,Engineer,Bachelor,Female,Married,Flexible,Hybrid,Micromanager,0,0,0,0,0,0,0
2615,46,2,27675.0,16,60,9.0,10,51,11,2,4,3,11,6,2,Marketing,Executive,Master,Female,Divorced,Day,Remote,Micromanager,0,0,1,0,0,1,1
2616,26,19,,9,36,37.0,14,41,1,3,4,3,15,5,6,Engineering,Associate,Bachelor,Male,Single,Day,Office,Balanced,0,0,0,0,1,0,0
2617,44,17,100287.0,4,25,47.0,7,48,8,2,3,0,4,5,2,Marketing,Associate,High School,Male,Divorced,Day,Office,Supportive,1,0,0,1,0,0,0
2618,60,5,81786.0,18,18,13.0,3,47,7,4,3,0,14,0,2,Research,Engineer,Bachelor,Female,Married,Day,Hybrid,Micromanager,0,1,1,0,1,0,1
2619,40,2,62015.0,14,19,11.0,8,65,25,1,5,0,7,3,8,HR,Engineer,Bachelor,Female,Single,Flexible,Office,Balanced,1,0,0,1,0,0,0
2620,55,19,100219.0,4,41,50.0,9,51,11,2,2,5,11,1,6,Legal,Associate,Bachelor,Male,Single,Day,Office,Balanced,1,0,0,1,0,1,0
2621,56,1,46937.0,5,21,41.0,10,64,24,5,2,5,13,1,10,Operations,Executive,Bachelor,Male,Divorced,Flexible,Hybrid,Hands-off,1,0,0,0,0,0,0
2622,21,16,122170.0,11,36,35.0,8,54,14,4,5,2,11,2,15,Engineering,Executive,Bachelor,Female,Divorced,Flexible,Remote,Micromanager,1,0,0,0,0,0,0
2623,42,5,53437.0,17,27,11.0,1,70,30,3,1,4,12,10,10,Engineering,Lead,Bachelor,Female,Married,Day,Office,Micromanager,0,0,0,0,0,0,0
2624,37,17,95618.0,20,26,13.0,7,38,0,3,3,2,20,5,13,,Engineer,Master,Other,Single,Day,Hybrid,Balanced,1,0,0,0,0,0,1
2625,25,19,83121.0,11,2,59.0,9,34,0,5,3,1,17,7,14,Operations,Associate,High School,Male,Divorced,Day,Hybrid,Hands-off,1,0,0,0,1,1,0
2626,31,10,71111.0,6,43,,3,44,4,3,5,0,16,0,8,Sales,Executive,Master,Female,Married,Day,Office,Supportive,1,0,0,0,0,0,0
2627,46,4,60825.0,5,58,44.0,6,45,5,5,2,7,10,3,0,Engineering,Engineer,Bachelor,Female,Single,Day,Office,Supportive,0,0,0,1,0,0,0
2628,27,14,85880.0,10,57,38.0,3,45,5,5,2,0,18,4,0,Engineering,Lead,Bachelor,Female,Married,Day,Office,Balanced,0,0,0,1,0,0,0
2629,30,7,57875.0,7,10,68.0,2,31,0,1,4,4,16,0,8,Marketing,Associate,High School,Female,Married,Day,Office,Hands-off,1,0,0,1,0,1,0
2630,25,6,71838.0,11,14,32.0,6,47,7,3,4,1,2,10,9,,Executive,High School,Female,Married,Day,Hybrid,Supportive,0,0,0,0,0,0,0
2631,44,7,71555.0,1,28,0.0,11,66,26,3,2,0,18,1,11,Research,Executive,Master,Male,Divorced,Day,Hybrid,Balanced,1,0,0,0,0,0,0
2632,27,13,81379.0,0,4,42.0,2,69,29,2,1,5,17,9,3,Engineering,Associate,Master,Male,Married,Night,Hybrid,Balanced,0,0,0,1,0,0,0
2633,52,20,,15,58,40.0,13,56,16,2,4,3,14,3,9,Research,Analyst,Bachelor,Female,Married,Day,Hybrid,Balanced,0,0,0,0,0,0,0
2634,42,18,76852.0,7,25,3.0,13,43,3,5,2,1,20,6,0,HR,Manager,Bachelor,Other,Divorced,Flexible,Office,Balanced,1,0,0,0,1,0,0
2635,59,6,54781.0,14,19,2.0,11,37,0,4,3,3,1,10,2,Marketing,Associate,Master,Female,Single,Day,Remote,Supportive,0,0,0,0,0,0,0
2636,45,15,83848.0,9,11,32.0,5,68,28,1,4,3,19,8,14,Sales,Executive,Bachelor,Male,Single,Day,Hybrid,Micromanager,1,0,0,0,1,0,0
2637,44,13,87460.0,7,25,39.0,13,48,8,2,1,2,15,2,2,Marketing,Lead,Bachelor,Female,Single,Night,Office,Supportive,1,0,0,0,1,1,0
2638,29,11,75043.0,2,23,12.0,6,63,23,2,4,5,5,6,8,Sales,Manager,Bachelor,Female,Married,Day,Remote,Balanced,1,0,0,1,1,1,0
2639,36,19,89112.0,16,49,45.0,13,48,8,2,4,4,2,4,9,Legal,Lead,Master,Female,Single,Day,Remote,Balanced,0,0,0,0,0,0,0
2640,31,7,75448.0,16,6,6.0,13,60,20,5,4,7,6,8,3,Research,Manager,Bachelor,Female,Single,Day,Hybrid,Supportive,0,1,0,0,0,0,0
2641,51,5,32220.0,7,32,71.0,5,45,5,3,1,6,4,2,12,Engineering,Executive,Master,Male,Single,Day,Hybrid,Balanced,1,0,0,0,0,0,0
2642,29,20,63908.0,4,37,21.0,15,60,20,4,2,5,8,6,14,Sales,Manager,High School,Male,Divorced,Flexible,Office,Hands-off,1,0,0,0,0,0,0
2643,49,5,62249.0,19,11,57.0,13,69,29,1,2,0,14,3,6,Operations,Manager,High School,Female,Married,Day,Remote,Micromanager,1,1,0,1,0,0,0
2644,49,16,101656.0,17,49,15.0,3,38,0,3,4,6,5,10,5,Sales,Engineer,Master,Female,Divorced,Day,Office,Micromanager,1,0,1,1,0,1,1
2645,51,8,72846.0,20,11,51.0,8,30,0,4,4,3,11,2,7,Sales,Engineer,High School,Male,Single,Day,Office,Balanced,0,0,0,0,0,0,0
2646,33,13,81548.0,20,11,53.0,12,58,18,3,4,0,8,5,9,Operations,Manager,High School,Female,Single,Day,Remote,Supportive,1,1,0,1,1,0,0
2647,53,12,72786.0,10,56,69.0,13,49,9,5,3,4,16,2,2,Legal,Analyst,Master,Female,Single,Day,Office,Micromanager,0,0,0,0,0,1,0
2648,41,0,56416.0,8,56,77.0,7,58,18,3,4,6,9,2,1,Research,Engineer,Bachelor,Female,Married,Day,Hybrid,Micromanager,0,0,0,0,1,0,0
2649,35,10,86056.0,19,8,24.0,8,35,0,2,4,0,4,2,2,HR,Executive,High School,Female,Married,Night,Office,Hands-off,0,0,1,1,0,0,0
2650,47,4,53835.0,16,56,44.0,13,43,3,3,2,1,16,5,2,,Manager,Bachelor,Female,Divorced,Day,Office,Supportive,0,0,0,0,0,1,0
2651,39,15,86177.0,19,53,14.0,8,70,30,5,5,7,18,10,6,Engineering,Manager,Bachelor,Female,Married,Day,Office,Balanced,1,0,0,1,1,0,0
2652,28,19,85204.0,15,32,4.0,4,54,14,5,4,0,7,7,9,HR,Engineer,Bachelor,Male,Divorced,Day,Hybrid,Supportive,0,0,0,0,1,0,0
2653,23,11,79378.0,1,42,16.0,8,66,26,2,2,6,4,9,13,Sales,Associate,Bachelor,Male,Single,Flexible,Office,Supportive,1,0,0,0,1,0,0
2654,50,15,100292.0,3,30,45.0,5,45,5,4,4,5,12,7,12,Operations,Lead,Master,Male,Single,Flexible,Hybrid,,0,0,0,0,0,1,0
2655,36,1,41994.0,18,36,5.0,13,62,22,5,4,6,13,10,2,Engineering,Lead,Master,Male,Single,Night,Office,Hands-off,0,0,0,0,0,1,0
2656,31,0,60932.0,12,28,19.0,1,58,18,1,1,5,4,1,6,Engineering,Executive,Master,Male,Divorced,Night,Remote,Balanced,0,0,1,1,1,0,0
2657,54,18,90962.0,0,13,33.0,1,43,3,5,4,2,0,7,1,Operations,Associate,High School,Male,Married,Day,Hybrid,Supportive,1,0,0,0,0,1,0
2658,47,2,45185.0,13,39,76.0,7,45,5,3,2,4,2,7,11,Marketing,Executive,Bachelor,Female,Single,Day,Office,Supportive,0,0,0,0,0,0,0
2659,22,13,74986.0,15,8,57.0,10,43,3,4,2,4,18,1,9,Engineering,Associate,Bachelor,Male,Single,Flexible,Office,Supportive,1,0,0,1,0,0,1
2660,38,5,66925.0,1,2,80.0,6,34,0,4,4,3,8,10,1,Operations,Engineer,Bachelor,Female,Married,Day,Office,Micromanager,1,0,0,1,0,1,0
2661,51,14,64953.0,7,5,23.0,12,62,22,4,4,7,14,8,9,Research,Associate,Bachelor,Female,Married,Day,Office,Balanced,0,0,0,0,1,0,1
2662,51,1,57386.0,19,55,42.0,3,70,30,4,3,1,2,6,7,Operations,Executive,PhD,Male,Single,Day,Office,Supportive,0,0,0,1,0,1,0
2663,56,17,83858.0,19,6,44.0,10,52,12,5,1,4,3,10,9,HR,Engineer,Master,Male,Divorced,Day,Hybrid,Balanced,0,0,0,0,0,0,0
2664,52,10,68053.0,2,5,49.0,5,34,0,2,2,5,12,5,0,Marketing,Manager,Master,Male,Single,Flexible,Office,Balanced,1,0,0,0,1,0,0
2665,24,8,46518.0,6,17,54.0,2,55,15,1,2,0,16,7,9,Marketing,Lead,Bachelor,Female,Married,Day,Office,Supportive,1,0,0,1,1,1,0
2666,25,14,89201.0,9,35,80.0,9,60,20,1,2,2,7,2,2,Marketing,Lead,Master,Male,Married,Day,Office,Micromanager,1,1,0,0,1,0,0
2667,42,11,54878.0,3,6,47.0,8,35,0,5,3,5,9,1,13,HR,Manager,Master,Male,Single,Day,Hybrid,Micromanager,1,0,0,0,1,1,0
2668,32,19,93075.0,10,9,4.0,6,36,0,2,1,7,14,5,8,Research,Executive,Master,Male,Divorced,Day,Office,Hands-off,0,0,0,1,0,0,0
2669,34,13,62459.0,15,29,18.0,1,60,20,5,1,6,5,4,7,HR,Manager,PhD,Male,Divorced,Night,Office,Micromanager,1,1,0,0,0,0,0
2670,52,18,119241.0,14,50,34.0,15,44,4,5,5,7,19,5,3,HR,Lead,High School,Female,Married,Day,Hybrid,Supportive,1,0,0,0,0,0,0
2671,24,15,85619.0,5,39,37.0,7,70,30,5,2,3,4,7,14,Engineering,Executive,Bachelor,Female,Divorced,Day,Remote,Hands-off,1,0,0,0,0,0,0
2672,38,16,76235.0,3,2,16.0,7,30,0,5,2,0,20,0,10,Marketing,Analyst,Master,Male,Divorced,Day,Hybrid,Balanced,0,0,1,0,1,1,0
2673,40,20,72643.0,1,55,42.0,1,38,0,4,5,3,14,9,8,Engineering,Lead,Master,Male,Single,Night,Office,Micromanager,1,1,0,1,0,0,0
2674,22,8,74153.0,17,50,59.0,6,70,30,5,2,1,11,5,0,HR,Lead,Bachelor,Male,Married,Day,Office,Balanced,0,0,0,1,1,1,1
2675,44,8,55544.0,8,5,10.0,12,38,0,5,5,2,7,6,3,Sales,Executive,Bachelor,Male,Divorced,Flexible,Hybrid,Balanced,0,0,0,0,0,1,0
2676,49,12,65401.0,12,27,33.0,10,44,4,1,2,6,1,9,1,Operations,Analyst,Bachelor,Male,Married,Day,Hybrid,Balanced,1,0,0,1,0,0,0
2677,54,16,69513.0,11,23,60.0,11,69,29,2,4,3,8,9,13,Engineering,Associate,Bachelor,Male,Divorced,Flexible,Hybrid,Supportive,1,0,1,0,0,0,0
2678,37,5,39693.0,17,53,18.0,6,44,4,4,3,0,4,1,9,Marketing,Executive,Bachelor,Female,Married,Day,Remote,Micromanager,1,0,0,0,1,1,0
2679,49,17,93904.0,15,32,11.0,12,65,25,3,2,1,10,7,6,Legal,Manager,Bachelor,Male,Divorced,Day,Office,Balanced,0,0,0,1,1,0,1
2680,26,13,76688.0,5,22,14.0,6,62,22,1,5,3,2,1,15,Operations,Lead,High School,Male,Divorced,Day,Office,Supportive,1,0,0,0,0,0,1
2681,36,19,67303.0,11,18,77.0,1,70,30,5,2,3,19,10,11,Engineering,Executive,High School,Female,Married,Night,Hybrid,Balanced,0,0,0,0,1,0,0
2682,35,20,79410.0,8,20,16.0,10,44,4,4,5,5,9,3,0,Engineering,Lead,High School,Male,Single,Day,Hybrid,Balanced,0,0,0,1,0,1,0
2683,54,15,67373.0,14,51,57.0,12,68,28,1,3,1,7,1,10,Engineering,Executive,Bachelor,Female,Divorced,Night,Office,Hands-off,1,0,0,0,0,0,0
2684,27,6,62491.0,9,36,61.0,2,60,20,2,4,2,2,0,14,HR,Analyst,Bachelor,Female,Married,Day,Hybrid,Hands-off,1,0,0,1,0,1,0
2685,27,19,99729.0,17,34,13.0,8,39,0,5,3,6,15,7,8,HR,Manager,Master,Male,Single,Flexible,Remote,Hands-off,0,0,0,1,1,0,0
2686,36,15,102085.0,11,4,36.0,8,37,0,4,5,2,18,9,7,Finance,Engineer,High School,Female,Divorced,Day,Remote,Balanced,0,0,0,0,0,1,0
2687,23,0,50104.0,9,31,51.0,2,42,2,1,1,3,5,6,0,Operations,Engineer,Bachelor,Male,Married,Night,Hybrid,Micromanager,1,0,0,1,1,1,0
2688,48,10,80780.0,4,16,1.0,10,39,0,3,2,3,5,10,5,Marketing,Associate,Bachelor,Female,Married,Day,Office,Supportive,0,0,0,1,0,0,0
2689,36,11,51201.0,19,37,60.0,7,70,30,4,3,0,16,4,13,Operations,Manager,High School,Male,Divorced,Day,Hybrid,Balanced,0,0,0,1,0,1,0
2690,25,9,58030.0,3,30,72.0,14,61,21,5,5,1,17,8,9,Engineering,Analyst,Master,Male,Divorced,Day,Hybrid,Supportive,1,0,0,0,0,0,0
2691,59,4,60246.0,19,58,29.0,14,56,16,2,5,4,6,9,11,Engineering,Executive,Master,Female,Married,Day,Hybrid,Hands-off,1,0,0,0,1,1,0
2692,58,18,93784.0,17,53,44.0,4,31,0,4,2,6,1,2,13,Engineering,Associate,Bachelor,Female,Divorced,Day,Office,Supportive,1,0,0,0,1,1,0
2693,39,3,45431.0,0,50,18.0,1,32,0,4,3,5,5,4,10,Operations,Lead,High School,Female,Married,Day,Remote,Supportive,1,0,0,0,1,0,0
2694,41,8,70916.0,11,1,48.0,5,41,1,3,5,4,15,6,6,HR,Lead,Bachelor,Male,Single,Day,Remote,Balanced,1,0,0,0,0,0,1
2695,41,0,41350.0,4,49,63.0,4,58,18,5,3,7,13,10,12,Operations,Analyst,High School,Male,Divorced,Night,Office,Balanced,0,0,0,0,0,1,0
2696,47,10,62921.0,6,46,38.0,8,60,20,1,3,0,18,3,8,Legal,Engineer,Bachelor,Male,Divorced,Day,Hybrid,Balanced,0,1,0,1,0,0,0
2697,27,2,66407.0,10,19,21.0,9,30,0,3,2,1,20,5,2,Research,Executive,Bachelor,Female,Divorced,Flexible,Hybrid,Supportive,0,0,0,0,0,0,0
2698,30,16,87265.0,0,48,32.0,11,58,18,3,5,2,13,8,1,Finance,Executive,Bachelor,Male,Married,Night,Remote,Supportive,1,0,0,0,1,0,0
2699,39,10,71187.0,1,34,28.0,6,34,0,3,5,1,13,4,10,Legal,Executive,Bachelor,Male,Divorced,Day,Hybrid,Micromanager,1,1,0,0,0,0,0
2700,34,12,81855.0,20,46,40.0,2,35,0,4,4,7,18,10,7,Research,Engineer,Master,Male,Single,Day,Office,Supportive,0,0,1,1,0,1,1
2701,36,11,49064.0,17,38,5.0,7,34,0,3,2,5,15,10,2,Sales,Executive,Master,Male,Divorced,Day,Office,Balanced,0,0,0,0,0,0,0
2702,57,2,57536.0,18,37,48.0,11,48,8,2,1,6,20,4,3,Legal,Associate,Bachelor,Male,Married,Flexible,Remote,Supportive,0,0,0,1,1,0,0
2703,47,6,71988.0,20,21,31.0,3,43,3,2,1,4,7,10,11,Research,Associate,Bachelor,Female,Single,Day,Office,Balanced,0,0,0,1,1,0,0
2704,41,4,51099.0,17,44,14.0,14,31,0,2,4,2,8,5,4,Sales,Lead,Master,Female,Divorced,Day,Remote,,1,0,0,0,1,1,0
2705,58,17,88250.0,1,19,62.0,3,47,7,4,3,2,10,0,1,HR,Analyst,High School,Male,Married,Day,Hybrid,Supportive,1,0,0,0,0,0,0
2706,33,1,,11,41,1.0,12,51,11,5,4,0,7,6,11,Engineering,Associate,High School,Female,Single,Day,Hybrid,Balanced,1,0,0,0,0,0,0
2707,56,5,45254.0,13,12,74.0,4,54,14,3,1,3,19,7,7,Sales,Engineer,Master,Male,Single,Day,Remote,Supportive,0,0,0,0,0,0,0
2708,25,1,50292.0,14,3,18.0,11,68,28,3,1,1,14,7,9,,Engineer,Bachelor,Female,Single,Day,Hybrid,Supportive,1,0,0,0,0,1,0
2709,33,19,80995.0,9,1,77.0,13,66,26,1,5,0,14,10,2,Engineering,Executive,Master,Male,Single,Day,Office,Supportive,1,0,0,1,0,0,0
2710,49,7,52687.0,0,3,31.0,3,33,0,2,2,2,20,10,15,HR,Lead,Bachelor,Female,Married,Day,Office,Balanced,1,0,0,0,0,0,0
2711,56,16,112496.0,18,53,49.0,15,61,21,3,1,0,15,5,2,Engineering,Lead,High School,Male,Single,Day,Remote,Micromanager,1,0,0,0,1,0,0
2712,52,0,36641.0,9,53,24.0,12,32,0,2,3,6,16,8,6,Research,Lead,Bachelor,Male,Divorced,Day,Hybrid,,0,0,0,0,0,0,0
2713,28,4,35376.0,0,46,3.0,6,49,9,5,1,7,13,2,2,Engineering,Manager,Bachelor,Female,Married,Day,Hybrid,Balanced,0,0,0,1,1,0,0
2714,23,19,471905.0,1,51,27.0,6,59,19,1,2,6,0,3,13,Sales,Associate,Bachelor,Female,Married,Day,Office,Supportive,0,0,0,0,0,0,1
2715,45,5,407905.0,14,40,,12,62,22,5,1,0,13,0,2,Legal,Manager,Bachelor,Male,Married,Day,Remote,Supportive,0,0,0,0,0,0,0
2716,31,15,73886.0,9,25,74.0,14,30,0,1,1,7,19,8,10,Research,Lead,Bachelor,Female,Married,Day,Office,Supportive,0,0,0,1,1,0,0
2717,21,3,36798.0,16,35,80.0,11,50,10,4,5,1,11,4,0,Operations,Executive,Bachelor,Male,Married,Day,Office,Supportive,0,0,1,0,0,0,0
2718,55,8,,5,26,57.0,2,59,19,1,2,1,1,6,6,Engineering,Analyst,High School,Female,Single,Day,Office,Balanced,0,0,0,1,0,0,0
2719,46,2,49430.0,9,24,61.0,8,36,0,2,4,1,14,5,10,Finance,Lead,Bachelor,Male,Single,Night,Hybrid,Balanced,1,0,0,1,0,1,0
2720,30,11,85613.0,17,51,76.0,9,37,0,3,4,5,3,6,4,Operations,Executive,Master,Male,Married,Night,Hybrid,Balanced,1,0,0,0,0,0,0
2721,37,13,67005.0,6,15,29.0,4,32,0,2,1,0,17,2,5,Sales,Manager,Master,Female,Divorced,Day,Remote,Micromanager,0,0,0,1,0,0,1
2722,24,7,59822.0,9,49,4.0,10,55,15,1,1,2,16,1,3,Marketing,Engineer,PhD,Female,Divorced,Night,Office,Supportive,0,0,0,0,0,0,0
2723,56,15,96548.0,13,9,77.0,15,59,19,1,1,1,10,10,11,Research,Executive,Bachelor,Male,Married,Day,Hybrid,Micromanager,0,0,0,0,1,1,0
2724,44,9,246885.0,11,58,75.0,3,35,0,2,5,7,17,6,14,Legal,Associate,Bachelor,Female,Single,Day,Hybrid,Supportive,0,0,0,0,1,0,0
2725,46,16,96507.0,4,44,64.0,9,54,14,5,1,2,6,4,10,Sales,Analyst,Bachelor,Female,Single,Flexible,Office,Balanced,1,0,0,0,0,1,0
2726,36,10,55763.0,8,11,23.0,7,54,14,5,5,2,12,1,5,Engineering,Associate,Bachelor,Female,Married,Day,Office,,1,0,0,0,1,1,0
2727,51,18,90065.0,3,14,38.0,12,54,14,3,3,1,6,2,7,HR,Manager,High School,Female,Divorced,Day,Office,Supportive,1,0,0,1,0,0,0
2728,36,1,28985.0,2,48,73.0,4,30,0,5,3,6,17,10,13,Finance,Associate,Bachelor,Male,Single,Day,Office,Balanced,0,0,0,0,0,0,0
2729,43,19,84193.0,2,25,32.0,8,38,0,5,5,2,20,10,0,Engineering,Associate,Bachelor,Male,Single,Day,Hybrid,Balanced,1,0,1,1,0,0,0
2730,58,16,63404.0,8,8,6.0,5,52,12,1,3,3,7,2,11,Engineering,Manager,High School,Male,Divorced,Night,Office,Micromanager,1,0,1,1,1,0,0
2731,28,19,108567.0,12,26,65.0,13,70,30,5,5,5,12,2,15,Finance,Engineer,Master,Female,Single,Day,Hybrid,Balanced,1,0,0,1,0,0,0
2732,28,5,42707.0,9,30,6.0,2,51,11,5,3,0,4,7,3,Finance,Associate,Bachelor,Female,Single,Day,Hybrid,Micromanager,0,0,1,0,0,0,1
2733,60,7,37449.0,4,36,55.0,12,42,2,1,4,0,10,8,0,Engineering,Executive,Bachelor,Female,Divorced,Flexible,Remote,,0,0,0,1,1,0,0
2734,55,12,56182.0,18,3,51.0,3,41,1,2,5,5,16,4,10,Finance,Lead,Master,Female,Married,Day,Remote,Hands-off,1,1,0,0,0,0,0
2735,35,13,52044.0,3,41,55.0,6,45,5,2,3,7,9,0,10,Finance,Analyst,PhD,Male,Married,Flexible,Hybrid,,0,0,0,1,1,0,0
2736,42,17,87396.0,8,17,52.0,9,45,5,1,2,2,6,9,11,Sales,Manager,Bachelor,Male,Divorced,Day,Office,Hands-off,0,1,0,0,0,0,0
2737,54,12,65463.0,9,3,27.0,11,50,10,3,4,6,9,9,12,Finance,Executive,Master,Female,Married,Day,Hybrid,Supportive,1,0,0,0,0,0,0
2738,35,3,83152.0,8,40,58.0,5,70,30,4,5,4,6,10,6,Research,Lead,Bachelor,Male,Single,Day,Hybrid,Balanced,1,0,0,0,0,0,0
2739,60,11,77747.0,7,17,72.0,7,51,11,1,5,7,15,3,8,Sales,Manager,Master,Male,Married,Day,Office,Balanced,0,0,0,0,0,0,1
2740,23,6,50495.0,5,29,44.0,14,69,29,3,3,0,4,1,3,Sales,Analyst,High School,Male,Single,Flexible,Office,Balanced,0,0,0,1,1,0,0
2741,22,19,68619.0,17,19,6.0,4,69,29,1,2,3,16,6,8,Finance,Analyst,Bachelor,Male,Divorced,Day,Office,Supportive,1,0,0,0,0,0,0
2742,49,9,60864.0,4,13,78.0,3,54,14,3,3,2,11,7,15,Sales,Engineer,High School,Male,Divorced,Day,Office,,0,0,0,1,0,0,0
2743,40,4,50852.0,0,50,62.0,15,45,5,1,5,2,4,5,1,Operations,Engineer,Bachelor,Male,Single,Flexible,Office,Micromanager,0,0,0,0,0,0,0
2744,23,0,66012.0,11,7,42.0,13,61,21,4,4,0,20,10,0,Sales,Analyst,Master,Female,Married,Day,Remote,Hands-off,0,0,0,0,1,1,0
2745,33,19,99290.0,9,14,,15,40,0,3,1,2,0,6,4,,Engineer,PhD,Male,Single,Day,Office,Supportive,0,0,1,1,0,0,0
2746,54,6,55768.0,10,38,18.0,3,49,9,3,1,7,1,4,14,Operations,Engineer,PhD,Female,Single,Day,Remote,Micromanager,1,0,0,1,0,1,0
2747,25,1,34635.0,0,14,34.0,7,51,11,3,2,0,1,5,0,Sales,Manager,Master,Male,Single,Night,Office,Balanced,0,0,0,1,1,0,0
2748,33,6,47949.0,14,10,4.0,6,64,24,5,2,3,2,4,9,Engineering,Analyst,Master,Female,Divorced,Day,Hybrid,,0,0,0,1,0,0,0
2749,25,9,64221.0,8,50,70.0,3,55,15,5,2,4,12,7,13,Research,Analyst,Bachelor,Female,Single,Night,Office,Balanced,1,0,0,0,0,1,0
2750,56,16,,11,3,35.0,7,59,19,3,3,3,19,5,0,Finance,Analyst,Bachelor,Female,Married,Day,Remote,Micromanager,1,0,0,0,0,1,0
2751,58,16,92594.0,10,19,,14,56,16,2,4,7,14,8,12,Marketing,Manager,Bachelor,Female,Single,Flexible,Office,Hands-off,0,1,0,1,1,1,0
2752,43,7,55237.0,17,52,12.0,14,65,25,2,2,5,6,6,3,Engineering,Manager,Bachelor,Male,Divorced,Night,Hybrid,Balanced,0,0,0,0,1,1,0
2753,55,5,63102.0,0,60,34.0,15,58,18,5,4,7,11,6,13,Engineering,Engineer,High School,Female,Divorced,Night,Hybrid,Micromanager,0,0,0,0,0,0,0
2754,60,12,79191.0,11,16,52.0,11,70,30,3,4,7,12,1,2,,Associate,Bachelor,Female,Divorced,Day,Remote,Balanced,1,0,0,0,1,0,0
2755,37,8,,5,24,5.0,8,32,0,4,4,7,10,9,10,Engineering,Engineer,PhD,Male,Married,Night,Office,Balanced,1,0,0,1,0,0,0
2756,40,11,72288.0,10,41,12.0,12,43,3,1,2,5,18,9,14,Operations,Associate,High School,Female,Single,Day,Office,Micromanager,0,0,0,0,1,0,0
2757,27,17,89158.0,11,33,20.0,10,47,7,2,3,0,20,2,4,Engineering,Manager,PhD,Male,Divorced,Day,Hybrid,Hands-off,1,0,0,0,1,1,0
2758,37,17,84509.0,2,53,11.0,6,43,3,3,2,3,2,0,3,Operations,Lead,Master,Male,Single,Night,Office,Supportive,0,0,0,0,0,0,1
2759,27,20,,9,55,,9,62,22,2,1,7,11,10,4,Research,Manager,Master,Male,Married,Day,Hybrid,Supportive,1,0,0,0,0,0,0
2760,51,6,70991.0,0,2,32.0,13,30,0,3,1,2,4,2,11,HR,Engineer,High School,Male,Divorced,Day,Office,Balanced,0,0,0,1,0,0,0
2761,43,3,44875.0,0,14,12.0,7,62,22,5,5,7,13,1,2,Research,Executive,Master,Male,Divorced,Day,Remote,Micromanager,0,0,0,0,0,0,1
2762,40,4,275340.0,8,20,56.0,15,45,5,3,1,3,19,9,6,Operations,Analyst,Master,Female,Divorced,Day,Hybrid,Micromanager,0,0,0,1,1,1,0
2763,49,10,76098.0,10,24,47.0,7,52,12,2,3,3,14,9,3,Engineering,Analyst,Bachelor,Male,Divorced,Day,Office,Micromanager,0,1,0,1,1,0,0
2764,33,20,69135.0,19,37,24.0,7,32,0,3,1,4,18,7,7,Operations,Associate,Bachelor,Male,Married,Night,Remote,Supportive,1,0,0,0,0,0,0
2765,31,10,74694.0,14,10,19.0,3,63,23,5,1,5,14,7,7,Research,Analyst,High School,Male,Married,Night,Office,Balanced,0,0,0,1,0,0,1
2766,30,9,62383.0,12,37,25.0,11,68,28,1,5,5,17,5,2,Legal,Engineer,Bachelor,Male,Single,Day,Hybrid,Balanced,1,0,0,1,0,1,0
2767,23,17,105936.0,14,34,62.0,9,55,15,3,2,5,9,7,10,Engineering,Lead,PhD,Female,Divorced,Day,Office,Balanced,1,0,1,1,0,1,0
2768,49,7,48022.0,2,33,57.0,7,59,19,3,5,6,0,8,10,HR,Manager,Bachelor,Male,Divorced,Day,Hybrid,Balanced,1,0,0,1,0,0,0
2769,27,5,,5,8,23.0,13,42,2,1,3,4,8,3,15,Engineering,Associate,High School,Female,Single,Night,Remote,Balanced,0,0,0,1,0,0,0
2770,39,12,86424.0,1,3,35.0,1,37,0,1,1,2,14,10,8,Engineering,Manager,Bachelor,Female,Single,Day,Hybrid,Balanced,1,0,0,1,1,0,0
2771,21,2,51823.0,4,11,17.0,10,68,28,4,1,3,16,6,6,Engineering,Analyst,High School,Male,Single,Day,Hybrid,Balanced,1,0,0,0,1,1,0
2772,21,18,82904.0,18,52,75.0,1,66,26,4,4,4,4,5,2,Operations,Manager,Bachelor,Female,Divorced,Day,Hybrid,Balanced,1,0,0,0,0,0,0
2773,57,9,47975.0,12,10,73.0,11,39,0,3,2,6,8,8,9,Engineering,Engineer,Bachelor,Male,Divorced,Night,Hybrid,Supportive,0,0,0,0,0,0,0
2774,55,16,90760.0,9,16,67.0,15,62,22,2,2,3,3,10,11,,Executive,Bachelor,Female,Single,Day,Remote,Balanced,0,0,0,0,0,0,0
2775,52,15,46329.0,3,43,24.0,8,60,20,4,5,2,9,10,8,Marketing,Lead,Bachelor,Male,Single,Night,Remote,Hands-off,0,0,0,1,0,0,0
2776,60,6,50065.0,6,47,63.0,12,45,5,3,2,5,15,5,6,Finance,Associate,High School,Female,Divorced,Flexible,Remote,Supportive,1,0,1,1,0,0,0
2777,60,20,103310.0,12,55,43.0,12,51,11,5,3,4,17,10,13,Marketing,Analyst,PhD,Male,Single,Day,Hybrid,Balanced,1,0,0,0,1,0,0
2778,44,8,69525.0,4,49,29.0,2,56,16,4,1,6,20,8,12,Sales,Associate,Bachelor,Female,Single,Day,Office,Micromanager,1,0,0,0,0,0,1
2779,36,4,,3,1,17.0,10,68,28,2,3,0,5,4,5,Finance,Associate,High School,Female,Divorced,Day,Hybrid,Balanced,0,0,0,1,1,1,0
2780,46,19,,5,59,69.0,2,52,12,5,1,4,20,8,9,Sales,Associate,Master,Female,Single,Flexible,Remote,Hands-off,1,0,0,0,0,0,1
2781,47,19,73731.0,15,39,73.0,3,34,0,4,3,5,18,8,4,Sales,Manager,Master,Male,Divorced,Day,Hybrid,Hands-off,1,1,0,1,0,1,0
2782,54,10,92433.0,15,1,9.0,9,55,15,2,2,1,8,9,9,Sales,Analyst,High School,Female,Divorced,Night,Hybrid,Micromanager,0,1,0,0,0,0,0
2783,47,8,,18,39,16.0,1,69,29,3,2,7,12,9,13,Marketing,Engineer,Bachelor,Male,Divorced,Day,Hybrid,Balanced,0,0,0,0,1,0,0
2784,42,13,75484.0,12,22,70.0,9,67,27,1,3,0,14,2,9,Engineering,Analyst,Bachelor,Female,Single,Day,Hybrid,Balanced,1,0,1,1,1,0,0
2785,22,8,64667.0,11,32,47.0,15,62,22,3,4,0,4,4,7,Sales,Associate,Master,Female,Married,Day,Remote,Micromanager,0,1,0,0,0,1,0
2786,50,9,70480.0,18,24,22.0,1,33,0,4,4,4,20,2,15,Operations,Engineer,Master,Male,Single,Day,Hybrid,Balanced,0,0,0,1,0,0,0
2787,49,17,97900.0,8,23,33.0,7,51,11,5,1,5,19,0,6,HR,Lead,PhD,Female,Married,Day,Office,Micromanager,1,1,0,1,1,0,0
2788,47,2,31375.0,16,53,53.0,15,67,27,1,1,2,7,7,10,Research,Manager,Master,Male,Single,Day,Office,Supportive,1,0,0,1,0,0,0
2789,37,20,119837.0,6,45,,6,40,0,2,5,3,1,9,5,Engineering,Manager,Master,Male,Single,Day,Remote,Supportive,1,1,0,1,0,0,0
2790,51,7,65440.0,5,54,52.0,6,62,22,1,2,1,15,10,11,Sales,Lead,Bachelor,Female,Divorced,Day,Remote,Supportive,0,0,0,0,0,0,0
2791,31,10,68036.0,16,34,77.0,4,58,18,2,2,7,7,6,10,Research,Executive,Master,Male,Single,Day,Office,Balanced,1,0,0,0,0,1,0
2792,57,19,97290.0,1,45,34.0,15,43,3,4,1,4,11,9,10,,Engineer,Master,Male,Single,Night,Hybrid,Micromanager,1,0,0,0,0,0,0
2793,38,2,39752.0,16,27,48.0,6,56,16,1,5,2,4,7,7,Operations,Manager,Bachelor,Female,Divorced,Day,Hybrid,Hands-off,1,0,0,1,0,0,0
2794,39,20,101643.0,5,3,17.0,5,58,18,4,5,1,19,3,14,Sales,Lead,Bachelor,Male,Single,Day,Office,Balanced,0,0,0,1,0,0,0
2795,43,12,46374.0,14,39,41.0,4,51,11,1,3,5,0,6,13,Engineering,Associate,Bachelor,Male,Single,Day,Office,Balanced,1,0,0,0,0,1,0
2796,41,10,46008.0,11,53,39.0,14,67,27,2,2,6,1,10,12,Finance,Associate,Bachelor,Female,Married,Day,Hybrid,,0,0,0,1,0,0,0
2797,32,1,38798.0,7,39,76.0,2,63,23,2,2,4,6,6,0,Sales,Manager,Bachelor,Female,Divorced,Day,Hybrid,Balanced,1,0,0,0,1,0,0
2798,46,9,83006.0,10,17,34.0,12,64,24,5,4,1,10,6,2,HR,Executive,Master,Male,Divorced,Day,Remote,Hands-off,0,0,0,0,0,1,0
2799,58,18,115321.0,4,10,68.0,9,47,7,4,5,7,2,8,0,Operations,Lead,Bachelor,Female,Single,Day,Hybrid,Balanced,1,0,1,0,0,0,0
2800,45,2,,12,20,30.0,5,66,26,2,1,4,0,8,6,HR,Manager,Bachelor,Female,Single,Day,Hybrid,Balanced,0,0,0,0,0,0,0
2801,47,9,50960.0,20,22,72.0,12,70,30,1,5,4,13,3,13,Research,Manager,Bachelor,Female,Single,Day,Hybrid,Micromanager,0,1,0,1,0,0,0
2802,48,6,,6,39,80.0,4,33,0,2,5,1,17,10,13,Sales,Manager,Bachelor,Female,Married,Day,Office,Micromanager,1,0,1,0,0,0,1
2803,25,19,76866.0,20,26,78.0,3,67,27,3,2,3,20,2,3,Marketing,Lead,Bachelor,Male,Single,Day,Hybrid,Balanced,0,0,0,1,0,1,0
2804,35,1,54797.0,3,27,37.0,15,42,2,3,4,7,13,3,9,HR,Executive,Bachelor,Female,Single,Night,Remote,Supportive,0,0,1,0,0,0,0
2805,57,13,80810.0,20,52,53.0,6,35,0,2,4,1,11,3,4,Engineering,Manager,Master,Male,Single,Day,Office,,0,0,0,1,0,0,0
2806,46,10,74419.0,7,3,48.0,12,65,25,3,3,3,15,0,12,Finance,Analyst,Bachelor,Female,Married,Day,Office,Hands-off,0,0,0,0,0,1,0
2807,28,9,47191.0,18,18,17.0,10,55,15,4,1,6,17,4,12,Marketing,Engineer,Bachelor,Male,Divorced,Flexible,Office,Supportive,0,0,0,0,0,0,0
2808,56,3,63660.0,20,33,62.0,2,39,0,4,3,5,3,8,13,Sales,Engineer,Master,Female,Single,Night,Hybrid,Supportive,1,0,0,0,0,1,0
2809,41,18,72052.0,19,60,55.0,14,66,26,1,4,3,18,4,13,Engineering,Lead,Bachelor,Male,Single,Day,Remote,Supportive,0,0,0,1,0,0,0
2810,37,7,67545.0,8,37,,5,56,16,3,4,3,14,5,3,Engineering,Associate,Master,Female,Divorced,Day,Remote,Balanced,0,0,0,1,0,0,0
2811,28,13,70435.0,8,38,60.0,11,48,8,3,5,4,10,0,1,Operations,Associate,Bachelor,Male,Divorced,Day,Remote,Hands-off,0,0,0,1,0,1,0
2812,55,5,72225.0,14,46,66.0,2,46,6,4,3,2,10,4,0,Research,Associate,Master,Female,Married,Day,Office,Balanced,0,0,0,0,0,1,0
2813,60,13,93367.0,13,19,3.0,15,41,1,3,3,6,15,2,2,Operations,Associate,Bachelor,Male,Single,Night,Remote,Balanced,0,0,0,0,0,0,0
2814,45,2,34887.0,14,49,47.0,12,64,24,1,4,1,5,7,13,Finance,Executive,Master,Female,Single,Day,Office,Micromanager,0,0,0,0,1,0,1
2815,21,20,117066.0,7,59,65.0,11,39,0,3,1,4,3,3,4,Engineering,Analyst,Bachelor,Male,Single,Day,Office,Balanced,1,1,1,1,1,0,0
2816,47,6,66876.0,1,21,59.0,2,39,0,2,4,4,15,2,15,Sales,Executive,Bachelor,Female,Divorced,Day,Remote,Supportive,0,0,0,0,0,0,0
2817,39,4,53144.0,5,1,4.0,2,50,10,5,1,4,11,10,5,Research,Analyst,Bachelor,Male,Married,Day,Office,Micromanager,1,0,0,1,0,0,0
2818,56,11,79210.0,20,23,17.0,13,48,8,3,1,1,19,7,0,Sales,Analyst,Bachelor,Female,Single,Day,Remote,Supportive,0,0,0,0,1,0,0
2819,37,0,52318.0,10,3,76.0,7,51,11,1,1,2,6,8,6,Operations,Analyst,High School,Male,Married,Flexible,Office,Balanced,0,0,0,1,1,0,0
2820,35,12,77533.0,13,8,16.0,11,69,29,1,4,3,9,2,10,Research,Manager,High School,Female,Married,Day,Hybrid,Micromanager,1,0,0,0,0,0,1
2821,38,1,55887.0,6,49,79.0,7,36,0,2,4,1,15,6,13,Operations,Analyst,Bachelor,Female,Married,Day,Hybrid,Supportive,0,0,0,0,1,0,0
2822,46,7,71384.0,15,30,32.0,1,49,9,3,4,2,1,5,6,Research,Executive,Bachelor,Male,Married,Day,Office,Hands-off,1,0,0,1,0,0,0
2823,31,17,84437.0,6,35,76.0,6,31,0,2,3,3,7,8,1,Sales,Associate,Master,Male,Divorced,Day,Hybrid,,0,0,0,0,0,0,1
2824,50,18,97754.0,20,49,73.0,4,47,7,4,5,7,4,3,3,HR,Executive,Bachelor,Female,Single,Day,Hybrid,Micromanager,1,1,0,0,1,0,0
2825,29,16,110106.0,7,32,33.0,11,32,0,5,2,1,17,10,5,,Manager,Bachelor,Female,Divorced,Day,Hybrid,Supportive,0,0,0,1,0,0,1
2826,38,16,87810.0,0,25,11.0,7,50,10,1,4,4,2,6,15,Legal,Executive,Bachelor,Male,Single,Day,Hybrid,Balanced,0,1,0,1,1,1,0
2827,35,17,108003.0,7,42,,1,47,7,2,5,0,9,4,6,Research,Lead,Bachelor,Male,Single,Day,Hybrid,Supportive,0,0,0,1,1,0,0
2828,50,20,103834.0,15,46,61.0,12,38,0,2,2,1,2,2,8,Engineering,Lead,Master,Male,Divorced,Day,Hybrid,Balanced,0,0,0,0,0,0,0
2829,50,7,65797.0,0,33,71.0,12,37,0,3,2,3,7,0,4,HR,Engineer,High School,Female,Married,Day,Office,Balanced,1,0,0,0,1,0,0
2830,47,0,53586.0,14,45,46.0,7,65,25,3,3,7,12,6,9,HR,Executive,Bachelor,Male,Married,Flexible,Office,Supportive,0,0,0,1,0,0,0
2831,53,6,69985.0,18,12,59.0,5,37,0,5,5,0,17,1,8,HR,Associate,PhD,Female,Single,Night,Office,Balanced,1,0,0,1,0,0,0
2832,51,3,65312.0,18,19,59.0,5,63,23,1,1,6,7,2,10,Engineering,Associate,Bachelor,Male,Divorced,Night,Remote,Supportive,1,0,0,0,1,0,0
2833,38,15,75943.0,15,40,78.0,8,35,0,1,5,3,17,9,6,Sales,Analyst,High School,Male,Divorced,Day,Office,Supportive,0,0,0,1,0,0,0
2834,34,7,76501.0,17,10,16.0,15,58,18,5,2,2,8,2,0,Operations,Analyst,High School,Male,Single,Day,Office,Supportive,0,0,0,1,0,1,0
2835,57,14,95641.0,3,50,62.0,11,41,1,2,1,0,16,0,13,Operations,Analyst,High School,Female,Married,Day,Hybrid,,1,0,0,0,0,0,0
2836,45,18,122212.0,5,5,17.0,10,48,8,2,3,5,0,5,13,Research,Manager,High School,Male,Married,Day,Office,,0,0,0,1,1,0,0
2837,55,13,89111.0,15,56,3.0,6,46,6,4,1,4,11,6,15,HR,Executive,Bachelor,Female,Single,Flexible,Office,Balanced,1,0,0,0,0,0,0
2838,32,18,66893.0,2,34,0.0,9,61,21,4,5,3,16,2,4,Operations,Associate,High School,Female,Divorced,Night,Hybrid,Supportive,0,0,0,1,1,0,0
2839,40,9,67859.0,12,49,19.0,4,35,0,5,4,3,2,10,13,Operations,Manager,Bachelor,Female,Single,Flexible,Hybrid,,0,0,0,0,0,0,0
2840,22,0,44137.0,10,30,33.0,13,56,16,3,2,6,6,6,1,Operations,Lead,Bachelor,Female,Married,Night,Remote,Micromanager,0,0,0,1,0,1,0
2841,36,3,34312.0,9,30,70.0,9,35,0,1,5,2,14,9,11,Marketing,Executive,Bachelor,Male,Divorced,Day,Office,,0,0,0,0,0,0,1
2842,51,0,31094.0,19,55,68.0,1,45,5,3,4,4,15,10,12,Finance,Executive,High School,Male,Single,Day,Hybrid,Micromanager,1,0,0,0,0,1,0
2843,55,3,59802.0,20,37,11.0,2,54,14,4,4,7,17,9,9,,Manager,Bachelor,Female,Single,Day,Hybrid,Supportive,1,1,0,0,0,0,1
2844,41,4,45140.0,20,25,80.0,8,59,19,1,2,0,19,9,8,HR,Analyst,PhD,Male,Divorced,Flexible,Office,Supportive,0,0,0,0,0,1,0
2845,53,18,89036.0,6,21,26.0,1,55,15,3,1,1,15,3,6,Sales,Engineer,Bachelor,Male,Divorced,Flexible,Office,Supportive,0,0,0,0,0,0,0
2846,36,5,46467.0,0,50,14.0,4,41,1,5,1,0,15,10,11,Legal,Executive,Master,Female,Married,Day,Office,Micromanager,0,0,0,1,0,0,0
2847,48,6,58646.0,4,48,74.0,15,34,0,4,4,1,8,0,11,Research,Engineer,PhD,Female,Divorced,Day,Remote,Supportive,1,0,0,0,0,1,0
2848,57,13,78701.0,15,23,12.0,6,68,28,3,5,6,10,7,0,Engineering,Engineer,Bachelor,Female,Married,Day,Hybrid,Micromanager,1,0,0,0,1,0,0
2849,27,10,58923.0,5,17,1.0,7,67,27,1,2,6,19,0,8,Operations,Lead,High School,Female,Married,Day,Office,Hands-off,0,0,1,0,0,1,0
2850,46,8,56858.0,8,6,66.0,11,70,30,1,1,1,10,3,2,Engineering,Analyst,Master,Male,Married,Night,Office,Balanced,0,1,0,0,0,0,0
2851,23,11,83851.0,4,44,67.0,14,30,0,5,4,0,1,0,7,Engineering,Analyst,Bachelor,Male,Single,Day,Office,Micromanager,1,0,0,0,1,0,0
2852,25,0,56005.0,0,48,6.0,10,33,0,4,5,4,2,10,1,Marketing,Executive,Master,Female,Divorced,Flexible,Office,,0,0,0,0,1,0,0
2853,22,17,82557.0,1,45,,12,50,10,4,2,1,13,5,6,Engineering,Executive,Bachelor,Female,Single,Day,Remote,Supportive,0,0,0,0,1,0,0
2854,46,16,102720.0,9,8,29.0,8,58,18,3,2,2,17,7,8,Engineering,Executive,Master,Male,Divorced,Day,Hybrid,Micromanager,0,0,0,0,1,0,0
2855,60,6,51741.0,9,15,,13,62,22,4,5,0,18,5,5,Engineering,Executive,Master,Male,Married,Day,Office,Balanced,0,0,0,0,0,0,0
2856,46,5,55832.0,9,37,77.0,2,57,17,2,4,5,8,6,14,Marketing,Manager,Master,Female,Single,Flexible,Hybrid,Supportive,0,0,0,1,1,0,0
2857,44,14,68226.0,2,10,75.0,9,58,18,2,1,0,9,9,14,Marketing,Executive,High School,Male,Married,Night,Hybrid,Balanced,1,0,1,1,1,0,1
2858,59,20,108308.0,14,34,72.0,3,39,0,2,5,5,15,0,14,Operations,Engineer,Master,Male,Divorced,Night,Office,Micromanager,0,1,0,0,1,0,0
2859,52,11,63938.0,19,22,10.0,12,69,29,4,5,2,19,9,7,Finance,Lead,Bachelor,Male,Single,Day,Remote,Balanced,0,0,0,1,1,1,0
2860,39,3,46803.0,3,49,25.0,13,32,0,5,5,3,6,9,12,Operations,Engineer,Bachelor,Female,Married,Day,Office,Micromanager,0,0,0,1,1,0,1
2861,53,11,75800.0,6,18,44.0,13,70,30,2,3,6,2,2,13,Engineering,Analyst,High School,Male,Single,Day,Office,Micromanager,1,0,0,0,0,0,0
2862,27,0,22742.0,13,45,20.0,13,37,0,1,5,5,16,1,12,HR,Executive,Bachelor,Female,Divorced,Flexible,Hybrid,Balanced,0,0,0,0,0,0,0
2863,53,6,73669.0,15,35,61.0,8,35,0,3,3,5,16,3,5,Marketing,Associate,Bachelor,Female,Divorced,Day,Hybrid,Supportive,1,0,0,0,0,0,0
2864,43,17,68290.0,13,41,73.0,15,46,6,4,5,7,15,6,5,HR,Lead,High School,Female,Divorced,Day,Hybrid,Micromanager,0,0,0,0,0,0,0
2865,37,17,450705.0,7,26,38.0,11,32,0,4,4,6,12,3,11,Engineering,Manager,Master,Male,Divorced,Day,Hybrid,Hands-off,1,0,0,1,0,0,0
2866,58,19,95391.0,8,58,75.0,12,30,0,1,2,0,0,4,0,Marketing,Engineer,Bachelor,Male,Single,Night,Office,Balanced,0,0,0,1,1,1,0
2867,25,19,105600.0,1,27,40.0,12,55,15,2,2,4,9,8,2,Engineering,Analyst,Bachelor,Male,Divorced,Day,Office,Supportive,0,0,0,1,0,0,1
2868,38,5,38079.0,7,57,,15,36,0,5,2,4,12,8,2,Engineering,Engineer,High School,Female,Divorced,Day,Office,Hands-off,1,0,0,0,1,0,0
2869,49,1,44331.0,14,9,28.0,10,31,0,1,5,3,6,8,15,Marketing,Analyst,Bachelor,Male,Divorced,Day,Remote,Balanced,1,0,0,0,0,1,0
2870,57,7,58842.0,10,30,58.0,6,44,4,5,1,6,12,6,0,Marketing,Engineer,Master,Female,Single,Night,Hybrid,Hands-off,1,0,1,0,1,1,0
2871,57,18,100166.0,6,41,65.0,4,62,22,2,1,3,6,10,7,Operations,Manager,Master,Male,Single,Day,Office,Balanced,1,1,0,1,0,1,0
2872,28,15,66826.0,15,6,34.0,1,59,19,4,1,6,12,0,11,Operations,Analyst,Bachelor,Male,Married,Night,Office,Micromanager,0,0,0,0,0,0,0
2873,29,17,63068.0,13,53,8.0,15,51,11,5,5,2,20,4,13,Engineering,Engineer,Bachelor,Male,Divorced,Day,Hybrid,Micromanager,0,0,0,1,0,0,0
2874,21,19,96619.0,16,58,64.0,5,53,13,1,5,2,2,5,6,,Engineer,Bachelor,Male,Divorced,Day,Hybrid,Balanced,1,1,0,0,0,0,0
2875,41,2,56962.0,10,13,47.0,13,67,27,4,1,2,6,0,11,Marketing,Engineer,Master,Male,Married,Day,Hybrid,Micromanager,1,0,0,0,0,0,0
2876,32,19,89026.0,12,31,55.0,3,31,0,2,5,3,10,9,0,Sales,Associate,High School,Male,Married,Night,Office,Balanced,1,0,0,1,1,0,0
2877,25,7,54563.0,15,53,58.0,2,65,25,3,4,3,8,2,6,Operations,Associate,High School,Male,Married,Day,Office,Balanced,0,0,0,0,0,0,0
2878,56,10,88100.0,3,34,46.0,9,38,0,4,5,5,4,6,11,Engineering,Associate,Bachelor,Male,Divorced,Day,Hybrid,Balanced,1,0,0,0,0,0,1
2879,34,0,35260.0,6,45,57.0,9,38,0,3,4,7,17,1,1,Operations,Engineer,PhD,Female,Single,Day,Office,Micromanager,1,0,0,1,1,0,0
2880,46,13,79592.0,4,40,20.0,11,37,0,2,4,1,19,2,8,Engineering,Manager,Master,Female,Divorced,Flexible,Office,,1,0,0,1,0,1,1
2881,52,8,43217.0,8,58,75.0,9,48,8,4,1,4,1,7,8,Engineering,Analyst,Master,Male,Single,Flexible,Hybrid,Balanced,1,0,0,1,0,1,0
2882,21,2,57522.0,0,1,8.0,1,66,26,1,5,0,20,1,10,Engineering,Associate,Master,Male,Divorced,Day,Hybrid,Micromanager,1,0,0,0,1,1,1
2883,28,14,69087.0,0,40,21.0,14,52,12,4,4,2,15,9,3,Marketing,Executive,Master,Male,Single,Day,Hybrid,Balanced,0,0,0,0,1,0,0
2884,53,0,38264.0,20,17,33.0,13,32,0,1,2,1,7,6,2,Sales,Associate,Bachelor,Female,Divorced,Day,Remote,Micromanager,0,0,0,1,1,0,0
2885,45,8,64467.0,11,45,56.0,13,47,7,3,4,0,11,1,3,HR,Associate,Bachelor,Male,Married,Flexible,Remote,Balanced,0,0,1,1,0,0,0
2886,37,13,69554.0,13,20,59.0,3,68,28,5,4,6,8,9,4,Operations,Manager,Master,Male,Married,Night,Remote,Balanced,1,0,0,1,1,0,0
2887,27,11,80884.0,9,4,63.0,5,66,26,2,2,2,17,6,13,Engineering,Analyst,High School,Male,Married,Day,Hybrid,Balanced,0,0,0,0,0,0,0
2888,29,11,74981.0,12,29,45.0,15,55,15,2,3,5,15,9,14,Finance,Associate,Bachelor,Male,Divorced,Day,Remote,Balanced,0,0,0,0,0,0,0
2889,42,17,86437.0,8,17,52.0,14,54,14,3,5,4,9,5,8,Finance,Associate,Bachelor,Male,Married,Day,Office,Micromanager,0,0,0,0,0,0,0
2890,31,9,72841.0,14,34,43.0,5,58,18,5,2,5,1,5,0,Research,Engineer,Bachelor,Female,Single,Flexible,Office,Balanced,1,0,0,0,1,0,0
2891,50,4,47857.0,19,55,61.0,4,47,7,5,5,2,20,3,2,Engineering,Engineer,Bachelor,Female,Single,Day,Hybrid,Hands-off,0,0,0,1,1,0,0
2892,53,1,46957.0,14,40,78.0,1,39,0,5,5,5,10,9,5,Engineering,Manager,Bachelor,Female,Married,Day,Hybrid,Supportive,0,0,0,0,0,1,0
2893,39,3,52232.0,18,19,36.0,15,70,30,2,1,4,16,8,2,Engineering,Associate,Master,Male,Single,Day,Hybrid,Micromanager,0,0,0,0,0,0,1
2894,22,0,46961.0,6,48,58.0,2,68,28,2,5,5,3,8,0,Operations,Manager,Bachelor,Male,Single,Day,Office,Balanced,0,0,0,1,0,0,0
2895,60,20,97984.0,13,3,71.0,14,33,0,2,1,1,2,8,6,Engineering,Executive,Bachelor,Female,Married,Day,Hybrid,Balanced,0,1,0,1,1,0,0
2896,44,14,68707.0,20,60,75.0,14,57,17,1,4,6,3,9,7,Legal,Lead,High School,Female,Divorced,Day,Hybrid,Supportive,1,0,0,1,1,0,0
2897,41,3,57283.0,5,33,38.0,11,56,16,1,2,2,1,0,13,Engineering,Executive,Bachelor,Female,Single,Day,Office,,0,0,0,1,0,0,0
2898,56,10,45317.0,2,55,28.0,13,36,0,3,1,7,20,10,0,Engineering,Executive,Bachelor,Female,Single,Day,Hybrid,Balanced,0,0,0,1,1,1,0
2899,26,0,33577.0,20,6,78.0,2,61,21,4,3,1,1,5,4,,Lead,Bachelor,Female,Married,Day,Remote,,1,0,0,1,1,1,0
2900,52,4,42617.0,7,38,71.0,11,31,0,1,2,5,6,8,13,Operations,Manager,High School,Female,Single,Day,Office,Balanced,1,0,0,1,0,0,0
2901,43,19,83199.0,1,11,42.0,8,67,27,3,3,0,4,9,9,Finance,Analyst,Bachelor,Male,Divorced,Day,Hybrid,Supportive,0,0,0,1,0,0,0
2902,51,4,47242.0,10,36,47.0,12,31,0,5,2,4,2,5,12,Operations,Executive,Master,Female,Married,Day,Office,Supportive,0,0,0,0,0,0,0
2903,24,0,35984.0,6,2,33.0,6,41,1,3,4,4,15,7,9,Operations,Lead,Bachelor,Male,Divorced,Day,Hybrid,Supportive,1,0,0,1,0,1,0
2904,39,5,71079.0,3,44,37.0,8,43,3,5,5,0,3,10,7,Engineering,Lead,High School,Female,Divorced,Night,Remote,Micromanager,1,0,0,1,0,0,0
2905,60,8,71926.0,0,52,44.0,11,35,0,2,3,7,5,5,3,Research,Associate,High School,Male,Married,Day,Hybrid,Balanced,0,0,0,0,0,0,0
2906,36,6,42875.0,7,56,21.0,13,49,9,5,3,0,4,8,13,,Analyst,Bachelor,Female,Single,Night,Office,Balanced,1,0,0,1,0,0,0
2907,47,13,,0,57,75.0,1,53,13,1,2,0,7,1,8,Marketing,Lead,High School,Male,Divorced,Day,Hybrid,Hands-off,1,0,0,0,0,0,0
2908,54,6,81911.0,2,50,45.0,10,53,13,3,3,2,14,2,6,Finance,Associate,Master,Female,Single,Night,Hybrid,Hands-off,0,0,0,0,0,1,0
2909,32,6,35981.0,12,60,34.0,12,64,24,3,1,6,10,3,15,Sales,Engineer,PhD,Other,Divorced,Flexible,Remote,Supportive,0,0,0,0,1,0,0
2910,48,16,93723.0,12,53,36.0,14,35,0,1,4,5,19,6,11,HR,Lead,Bachelor,Female,Married,Day,Remote,Micromanager,1,0,1,0,1,0,1
2911,33,7,65864.0,19,36,27.0,1,37,0,1,5,3,2,0,6,Sales,Engineer,Bachelor,Female,Single,Day,Office,,0,0,0,1,0,1,0
2912,37,0,41105.0,10,51,12.0,12,43,3,5,1,2,17,8,8,Sales,Lead,Master,Male,Single,Night,Office,Supportive,0,0,0,0,0,1,0
2913,40,13,101973.0,8,5,54.0,8,58,18,2,5,0,8,1,5,Marketing,Executive,Bachelor,Female,Single,Day,Hybrid,Hands-off,1,0,0,0,0,0,0
2914,52,16,84780.0,20,6,21.0,10,68,28,5,3,4,0,10,9,Sales,Lead,Bachelor,Female,Married,Night,Office,Balanced,0,0,0,1,0,0,0
2915,42,16,87862.0,7,43,50.0,8,38,0,1,2,6,7,4,2,Sales,Engineer,Bachelor,Male,Single,Flexible,Office,Supportive,1,0,0,1,0,1,0
2916,59,4,56662.0,13,33,44.0,1,63,23,1,4,3,12,4,13,Engineering,Engineer,PhD,Male,Married,Day,Hybrid,Micromanager,1,1,0,0,0,0,0
2917,42,12,53957.0,16,5,49.0,10,48,8,2,5,7,20,4,5,Engineering,Manager,Master,Male,Married,Day,Office,Balanced,0,0,0,0,0,0,0
2918,47,14,64803.0,10,59,44.0,5,43,3,5,4,7,10,2,14,Sales,Lead,Master,Other,Married,Day,Office,Balanced,1,1,0,0,0,0,0
2919,58,19,112736.0,7,20,37.0,15,67,27,1,2,3,13,5,11,Marketing,Analyst,Master,Female,Divorced,Day,Hybrid,Micromanager,1,0,0,0,0,0,0
2920,22,2,36948.0,14,49,1.0,13,46,6,3,5,5,2,6,15,HR,Executive,Bachelor,Male,Divorced,Day,Office,Supportive,0,0,0,1,0,0,0
2921,54,2,44569.0,0,54,15.0,8,45,5,3,4,5,14,0,5,Marketing,Executive,High School,Male,Single,Flexible,Office,,0,0,0,0,0,0,0
2922,22,2,51090.0,1,50,74.0,4,30,0,5,3,6,17,4,3,Sales,Lead,Bachelor,Male,Single,Day,Office,Balanced,0,0,0,0,1,0,0
2923,57,1,46263.0,3,1,3.0,9,64,24,5,1,4,4,10,10,Operations,Manager,High School,Female,Married,Day,Hybrid,Supportive,1,0,0,0,0,0,0
2924,46,12,83584.0,5,25,7.0,11,46,6,5,1,6,18,2,12,Finance,Engineer,High School,Female,Divorced,Day,Hybrid,Supportive,0,1,1,0,0,0,0
2925,52,15,72604.0,6,34,73.0,8,51,11,5,3,3,9,6,12,Legal,Analyst,High School,Male,Divorced,Day,Office,Balanced,0,1,0,1,0,0,0
2926,45,18,108818.0,17,33,74.0,13,30,0,5,5,6,2,6,14,Engineering,Associate,PhD,Female,Married,Night,Hybrid,Balanced,0,0,0,1,1,0,0
2927,51,14,101992.0,9,2,8.0,1,45,5,2,3,2,18,5,8,Engineering,Manager,High School,Male,Married,Day,Remote,Micromanager,1,0,0,0,1,1,0
2928,54,8,58794.0,15,37,49.0,5,41,1,5,3,2,15,3,11,Legal,Lead,Master,Male,Divorced,Flexible,Remote,Hands-off,1,0,0,1,0,0,0
2929,35,9,88300.0,3,56,29.0,4,32,0,4,3,5,15,2,8,Engineering,Manager,Bachelor,Male,Divorced,Flexible,Office,,1,0,0,1,0,0,0
2930,54,13,72777.0,12,49,44.0,5,53,13,3,1,6,12,6,15,Marketing,Manager,Bachelor,Male,Single,Day,Remote,Supportive,0,0,0,0,0,1,0
2931,25,14,79324.0,10,6,7.0,6,43,3,1,5,1,13,2,8,Finance,Associate,Master,Male,Single,Day,Office,Supportive,1,1,0,1,0,0,0
2932,59,19,83409.0,19,26,28.0,7,63,23,5,5,5,3,0,10,Legal,Manager,High School,Female,Married,Day,Remote,Balanced,1,0,0,0,1,1,0
2933,30,11,91873.0,14,4,36.0,14,55,15,5,3,0,6,10,13,Sales,Engineer,Bachelor,Male,Single,Flexible,Office,Balanced,0,0,0,1,0,1,0
2934,48,2,49446.0,0,37,8.0,2,32,0,4,2,1,20,4,7,Operations,Lead,Bachelor,Male,Married,Day,Remote,Balanced,0,0,0,1,0,0,0
2935,55,12,88763.0,0,30,71.0,8,43,3,4,4,1,6,3,14,Research,Manager,High School,Male,Married,Day,Hybrid,Balanced,0,0,0,0,0,0,0
2936,46,3,42207.0,15,28,26.0,3,36,0,4,1,0,1,6,7,Sales,Engineer,High School,Female,Single,Day,Office,Hands-off,1,0,0,1,0,0,1
2937,47,18,121254.0,11,38,24.0,2,44,4,2,4,1,14,6,8,Sales,Engineer,High School,Male,Married,Day,Office,Supportive,1,1,0,1,1,0,0
2938,32,8,56555.0,10,15,,2,49,9,2,5,1,20,9,7,Finance,Associate,Bachelor,Male,Married,Day,Office,Balanced,1,0,0,0,1,0,0
2939,54,5,73452.0,19,28,36.0,3,67,27,5,2,3,8,5,9,Marketing,Associate,Bachelor,Male,Married,Day,Remote,Micromanager,0,0,0,1,1,0,1
2940,51,12,55080.0,17,58,76.0,7,46,6,3,4,1,17,1,9,HR,Engineer,Master,Female,Divorced,Day,Hybrid,Micromanager,0,0,1,0,1,0,1
2941,43,6,61052.0,0,43,65.0,2,43,3,2,3,1,5,6,5,HR,Engineer,Master,Female,Single,Day,Remote,Micromanager,1,1,0,0,1,0,0
2942,29,13,78495.0,0,55,30.0,7,56,16,3,2,3,17,7,13,Engineering,Manager,High School,Female,Divorced,Day,Remote,Supportive,1,0,0,0,0,1,0
2943,29,9,76970.0,6,46,14.0,12,50,10,2,5,0,5,5,11,Engineering,Lead,Bachelor,Male,Divorced,Night,Hybrid,Micromanager,0,1,0,0,1,0,0
2944,59,17,90363.0,18,42,57.0,1,66,26,5,4,5,19,9,0,Marketing,Engineer,Master,Male,Divorced,Day,Office,Hands-off,0,1,0,1,0,0,0
2945,33,16,70507.0,3,15,71.0,2,59,19,1,4,7,17,5,8,Marketing,Associate,Bachelor,Male,Single,Night,Remote,Balanced,0,0,0,0,1,0,1
2946,33,6,42924.0,3,46,15.0,1,70,30,5,1,2,12,0,11,Finance,Executive,High School,Other,Single,Night,Hybrid,Hands-off,0,0,0,0,0,0,0
2947,26,0,42108.0,9,19,50.0,8,41,1,3,3,3,10,10,5,Engineering,Manager,Bachelor,Female,Divorced,Night,Remote,Balanced,0,0,0,0,1,1,0
2948,59,5,82509.0,2,28,50.0,5,70,30,4,1,7,16,4,14,Legal,Executive,Master,Male,Divorced,Day,Hybrid,Balanced,1,0,0,0,0,0,0
2949,21,6,62750.0,11,26,56.0,14,35,0,1,3,3,2,4,10,Legal,Executive,Bachelor,Male,Single,Day,Hybrid,Supportive,0,0,0,0,1,0,0
2950,49,20,103646.0,20,42,,1,50,10,3,3,7,9,9,8,Sales,Manager,Bachelor,Female,Married,Day,Remote,Micromanager,0,0,0,1,0,0,1
2951,30,12,74894.0,15,6,65.0,14,31,0,3,3,3,8,10,1,Operations,Engineer,High School,Male,Married,Day,Hybrid,Balanced,0,0,0,1,0,1,0
2952,28,0,27896.0,12,27,24.0,8,33,0,3,3,6,16,1,0,Operations,Manager,Bachelor,Male,Married,Day,Remote,Micromanager,0,0,0,0,0,0,0
2953,27,13,63875.0,4,45,16.0,15,53,13,2,3,5,15,8,2,Finance,Lead,High School,Female,Married,Day,Remote,Micromanager,1,0,0,0,1,0,0
2954,58,7,70943.0,3,41,74.0,11,45,5,1,1,0,6,2,6,Research,Analyst,Master,Male,Single,Day,Office,Balanced,1,0,1,1,1,0,0
2955,21,4,60613.0,4,35,58.0,7,67,27,2,4,5,12,2,9,Finance,Executive,Bachelor,Male,Married,Day,Remote,Balanced,1,0,0,0,0,1,1
2956,45,6,51618.0,2,25,40.0,5,68,28,5,1,5,9,0,9,Sales,Lead,Bachelor,Male,Married,Flexible,Hybrid,Balanced,0,0,0,0,0,0,0
2957,48,8,64824.0,17,10,23.0,10,63,23,3,3,3,8,8,6,Engineering,Analyst,Master,Female,Married,Day,Office,Balanced,1,0,0,0,0,0,0
2958,37,0,46413.0,18,20,45.0,15,67,27,3,3,2,11,5,0,Operations,Analyst,High School,Female,Divorced,Day,Hybrid,Balanced,1,1,0,0,0,0,0
2959,40,5,45994.0,1,18,77.0,5,52,12,1,4,1,10,4,0,Marketing,Engineer,Master,Female,Single,Day,Hybrid,Supportive,0,0,0,1,1,0,0
2960,40,18,92362.0,16,28,3.0,13,55,15,5,3,1,12,3,12,Sales,Executive,Bachelor,Female,Married,Night,Hybrid,Balanced,0,0,0,0,0,1,0
2961,53,16,76107.0,14,45,26.0,7,43,3,4,2,1,1,0,15,Sales,Manager,Master,Female,Divorced,Day,Office,Balanced,0,0,0,0,0,1,0
2962,57,7,74176.0,0,24,64.0,14,39,0,2,5,1,18,8,8,Operations,Associate,High School,Female,Married,Day,Remote,Micromanager,0,0,0,1,0,0,0
2963,50,10,75188.0,2,45,19.0,8,49,9,3,1,3,17,8,13,Operations,Engineer,Bachelor,Female,Married,Day,Hybrid,Micromanager,0,0,0,0,0,0,0
2964,55,0,51099.0,5,6,39.0,10,64,24,5,1,5,16,2,3,Sales,Manager,Bachelor,Male,Divorced,Day,Office,Hands-off,0,0,0,0,1,0,0
2965,53,1,27325.0,3,36,56.0,4,70,30,3,4,2,17,7,7,Operations,Analyst,Master,Male,Divorced,Night,Remote,Balanced,1,1,1,0,0,0,0
2966,30,11,72107.0,15,37,35.0,2,66,26,5,2,4,16,10,13,HR,Lead,Bachelor,Male,Divorced,Night,Hybrid,Supportive,0,0,0,0,1,0,0
2967,54,11,70260.0,14,20,37.0,7,60,20,1,1,3,2,1,14,Engineering,Associate,Master,Female,Single,Day,Hybrid,Supportive,0,1,1,0,0,1,0
2968,44,7,70999.0,8,17,0.0,12,61,21,4,1,0,8,10,6,,Engineer,Bachelor,Female,Married,Night,Remote,Balanced,0,0,0,1,0,0,0
2969,21,3,47773.0,18,13,9.0,8,47,7,1,5,5,6,3,7,Engineering,Analyst,Bachelor,Male,Divorced,Flexible,Office,Supportive,1,0,0,1,0,0,0
2970,28,8,94416.0,4,45,73.0,3,66,26,1,1,3,4,7,13,Research,Analyst,Master,Female,Single,Flexible,Remote,Supportive,1,0,0,1,0,1,0
2971,51,1,49648.0,3,27,17.0,15,60,20,3,2,5,3,10,6,Engineering,Lead,Bachelor,Male,Divorced,Day,Office,Balanced,1,0,0,0,1,0,0
2972,54,15,64649.0,12,29,28.0,15,41,1,3,2,4,12,8,1,Engineering,Associate,Bachelor,Male,Single,Night,Office,Hands-off,1,0,0,0,0,0,0
2973,22,9,70459.0,1,21,64.0,15,61,21,3,2,6,20,4,6,Finance,Executive,Bachelor,Female,Single,Flexible,Hybrid,Balanced,1,0,0,0,1,1,0
2974,28,10,64900.0,15,58,31.0,8,43,3,5,2,3,20,5,5,Sales,Engineer,Master,Male,Single,Night,Remote,Hands-off,0,0,0,0,1,1,0
2975,45,4,68345.0,14,26,71.0,9,70,30,3,3,0,10,6,11,Sales,Lead,Master,Male,Single,Day,Hybrid,Supportive,0,0,0,0,0,0,0
2976,46,20,,10,29,28.0,6,66,26,3,2,6,18,8,15,Engineering,Engineer,Master,Male,Single,Day,Remote,Hands-off,1,0,0,1,0,1,0
2977,54,19,,1,5,11.0,13,60,20,5,4,4,20,10,10,HR,Engineer,Bachelor,Female,Divorced,Day,Hybrid,Hands-off,1,1,0,0,1,0,0
2978,49,5,54057.0,9,40,53.0,14,52,12,3,5,6,6,6,5,Engineering,Manager,High School,Female,Single,Day,Remote,Balanced,0,0,0,1,0,0,0
2979,34,19,73458.0,10,20,56.0,4,63,23,2,5,5,11,6,14,Operations,Associate,Bachelor,Male,Divorced,Day,Hybrid,Hands-off,0,0,0,1,0,1,0
2980,51,0,24931.0,4,21,40.0,10,49,9,4,3,2,9,6,2,Marketing,Executive,Bachelor,Male,Single,Night,Hybrid,Micromanager,1,0,0,0,0,0,0
2981,48,4,68159.0,16,11,34.0,15,47,7,4,3,2,13,8,7,Sales,Engineer,Bachelor,Female,Single,Day,Hybrid,Micromanager,1,0,0,1,0,0,0
2982,53,6,29360.0,7,48,64.0,3,55,15,5,2,6,20,2,7,Engineering,Lead,PhD,Female,Single,Day,Office,Balanced,1,0,0,0,0,1,0
2983,52,11,83095.0,3,53,56.0,9,43,3,2,5,3,16,5,4,Research,Associate,Bachelor,Male,Married,Night,Office,Hands-off,0,0,0,0,1,0,0
2984,52,15,98014.0,13,48,61.0,14,67,27,3,5,5,13,0,3,HR,Analyst,Bachelor,Female,Single,Day,Office,,1,0,0,1,1,0,0
2985,22,13,79231.0,6,25,7.0,1,45,5,5,3,4,9,5,8,Engineering,Associate,Master,Male,Married,Flexible,Office,Micromanager,0,0,0,0,1,0,0
2986,53,1,53899.0,6,5,28.0,14,56,16,5,5,0,10,9,11,Engineering,Engineer,Master,Female,Divorced,Day,Remote,Hands-off,1,0,0,0,0,0,0
2987,37,4,59602.0,19,28,62.0,13,48,8,4,1,1,2,4,9,Sales,Executive,PhD,Male,Divorced,Flexible,Hybrid,Balanced,1,0,0,0,0,0,0
2988,36,13,82984.0,14,10,65.0,1,70,30,2,4,0,12,5,6,Engineering,Manager,PhD,Female,Single,Night,Hybrid,Balanced,1,0,1,0,0,1,0
2989,34,19,,19,42,51.0,11,36,0,4,2,7,15,0,14,Sales,Engineer,PhD,Female,Single,Day,Remote,Micromanager,1,0,0,0,0,0,0
2990,38,17,93948.0,2,7,0.0,2,36,0,3,3,5,8,2,5,Finance,Manager,Bachelor,Male,Single,Day,Hybrid,Balanced,1,0,0,1,0,0,0
2991,45,5,213980.0,3,27,22.0,4,56,16,5,1,5,2,7,10,Sales,Associate,Master,Male,Single,Day,Remote,Balanced,1,0,0,0,0,0,0
2992,25,10,51738.0,1,9,6.0,5,36,0,3,1,7,7,8,10,Finance,Manager,Bachelor,Male,Single,Night,Office,Supportive,0,0,0,0,0,0,0
2993,49,16,78673.0,14,47,31.0,12,40,0,1,4,2,18,6,3,Sales,Analyst,Bachelor,Male,Divorced,Flexible,Hybrid,Supportive,0,0,0,0,1,0,0
2994,33,0,46175.0,11,59,46.0,4,52,12,2,2,3,1,10,1,Marketing,Lead,Master,Other,Married,Flexible,Hybrid,Micromanager,1,0,0,0,0,1,0
2995,29,20,89414.0,18,16,64.0,5,66,26,1,1,6,7,7,15,Sales,Executive,Master,Female,Single,Flexible,Office,Balanced,1,0,0,0,0,1,0
2996,22,8,55685.0,12,5,25.0,4,70,30,1,2,3,20,5,2,Sales,Engineer,High School,Male,Divorced,Day,Remote,Balanced,0,0,0,1,1,1,0
2997,57,0,43265.0,0,42,26.0,6,48,8,2,3,0,10,7,13,Finance,Manager,Bachelor,Female,Married,Flexible,Remote,Supportive,0,0,0,0,1,0,0
2998,29,20,93601.0,15,23,,12,60,20,2,1,7,12,4,5,Operations,Analyst,Bachelor,Male,Divorced,Day,Hybrid,Micromanager,1,0,0,0,1,0,0
2999,43,8,62292.0,13,15,18.0,1,52,12,4,4,6,14,2,4,Engineering,Executive,Bachelor,Female,Divorced,Day,Remote,Balanced,0,0,0,0,1,0,0
3000,40,17,105550.0,13,45,42.0,4,47,7,5,3,1,16,8,4,HR,Lead,Master,Male,Divorced,Day,Hybrid,Micromanager,1,1,0,0,0,0,0
3001,59,8,67811.0,13,49,74.0,8,30,0,1,4,6,1,8,9,Finance,Engineer,High School,Female,Single,Day,Hybrid,Hands-off,0,0,0,0,1,0,0
3002,34,2,43848.0,15,19,30.0,2,61,21,4,3,7,15,4,1,Engineering,Lead,Bachelor,Female,Single,Day,Hybrid,Hands-off,0,0,1,0,0,0,0
3003,32,0,24560.0,4,31,24.0,2,69,29,5,1,7,2,1,11,Finance,Associate,Bachelor,Female,Single,Day,Office,Supportive,1,0,0,0,0,0,0
3004,58,10,,5,35,54.0,2,43,3,2,1,1,18,6,6,Engineering,Associate,Bachelor,Male,Single,Day,Hybrid,Supportive,1,0,0,1,0,0,0
3005,37,5,54723.0,3,4,72.0,14,55,15,3,3,2,2,7,8,Engineering,Associate,Bachelor,Male,Married,Flexible,Hybrid,Balanced,0,0,0,0,1,0,0
3006,28,1,50536.0,8,53,74.0,9,61,21,4,1,6,9,9,15,Marketing,Engineer,High School,Male,Divorced,Flexible,Office,Balanced,0,0,0,0,0,0,0
3007,40,11,106280.0,14,43,27.0,7,69,29,1,5,1,9,4,13,Legal,Manager,Bachelor,Male,Divorced,Day,Hybrid,Hands-off,0,1,1,1,1,0,1
3008,58,19,,8,20,,13,67,27,2,1,6,17,4,13,Sales,Analyst,High School,Female,Divorced,Day,Hybrid,Balanced,0,0,0,0,0,0,0
3009,34,11,,1,57,17.0,12,31,0,2,1,3,15,10,6,Sales,Associate,Master,Female,Married,Day,Office,Micromanager,0,0,0,0,1,0,0
3010,30,9,334390.0,0,31,28.0,13,38,0,3,1,2,12,8,2,Engineering,Lead,Bachelor,Female,Single,Night,Remote,,0,0,0,0,0,0,0
3011,35,11,76873.0,13,41,30.0,8,39,0,2,3,1,2,10,11,Engineering,Manager,Bachelor,Male,Divorced,Day,Remote,Hands-off,0,0,1,0,0,0,0
3012,42,3,51980.0,18,13,2.0,14,51,11,1,5,3,9,7,8,Sales,Manager,Bachelor,Female,Divorced,Day,Hybrid,Balanced,0,0,0,0,1,0,0
3013,22,11,74287.0,5,11,31.0,12,44,4,2,1,6,18,2,8,Operations,Analyst,Bachelor,Female,Single,Flexible,Remote,Supportive,0,0,0,0,0,0,0
3014,21,16,71467.0,0,49,35.0,1,49,9,3,3,3,10,4,9,Finance,Associate,High School,Female,Single,Day,Hybrid,Micromanager,1,0,0,0,0,0,0
3015,51,15,47388.0,12,12,72.0,6,33,0,1,2,7,9,7,2,Operations,Associate,Bachelor,Female,Married,Day,Office,Micromanager,1,0,0,0,0,0,0
3016,23,15,105692.0,9,41,46.0,11,52,12,2,2,7,5,8,5,Engineering,Associate,Master,Male,Married,Day,Office,Balanced,0,0,0,1,0,0,0
3017,46,0,74934.0,15,6,,5,58,18,3,1,7,4,10,11,Marketing,Engineer,Master,Female,Married,Day,Office,,0,0,0,1,0,0,0
3018,58,1,52486.0,11,12,20.0,2,65,25,4,5,6,19,3,2,HR,Analyst,Bachelor,Female,Single,Day,Office,Balanced,0,0,0,0,1,1,0
3019,23,12,85690.0,5,38,22.0,2,40,0,2,4,4,14,1,6,Marketing,Engineer,Bachelor,Female,Single,Day,Remote,Balanced,0,0,0,1,0,0,0
3020,21,0,51687.0,2,49,21.0,6,50,10,1,3,3,18,2,0,Operations,Executive,Bachelor,Female,Married,Flexible,Remote,Supportive,0,0,0,0,0,0,0
3021,29,6,54240.0,2,50,55.0,8,45,5,1,2,4,12,4,15,Operations,Associate,High School,Male,Divorced,Day,Office,Balanced,0,1,0,1,1,0,0
3022,34,7,61656.0,7,38,73.0,9,69,29,3,2,6,16,4,12,HR,Executive,Bachelor,Male,Single,Day,Remote,Supportive,0,0,0,1,0,0,0
3023,38,6,,10,53,29.0,3,49,9,5,2,5,17,8,15,HR,Engineer,Bachelor,Male,Married,Day,Office,Micromanager,1,0,0,0,0,0,0
3024,30,1,62961.0,20,13,27.0,14,47,7,2,2,1,18,9,4,Engineering,Engineer,Master,Male,Single,Day,Hybrid,Balanced,0,0,0,0,1,0,0
3025,41,11,74691.0,20,51,23.0,5,69,29,1,2,6,19,9,0,Finance,Engineer,Bachelor,Female,Single,Day,Remote,Supportive,0,0,0,0,0,0,0
3026,48,12,70471.0,18,30,51.0,4,52,12,4,2,5,5,0,7,Operations,Executive,Bachelor,Male,Single,Day,Office,Micromanager,0,0,0,1,0,0,0
3027,41,3,40912.0,12,2,26.0,7,70,30,2,3,7,20,9,9,Research,Engineer,Bachelor,Male,Divorced,Night,Office,Micromanager,1,0,0,1,0,0,0
3028,50,18,73920.0,18,53,30.0,14,63,23,4,4,2,10,5,0,Finance,Associate,PhD,Male,Divorced,Day,Remote,Supportive,0,0,0,0,1,0,0
3029,30,9,,13,31,8.0,6,64,24,2,3,7,17,6,13,Finance,Manager,Bachelor,Male,Single,Flexible,Hybrid,Supportive,0,0,0,0,0,0,0
3030,58,20,102009.0,19,20,,6,41,1,1,5,0,3,2,15,Marketing,Associate,Bachelor,Male,Single,Night,Office,Supportive,1,0,0,1,0,0,0
3031,52,1,69854.0,20,23,22.0,6,59,19,3,1,1,3,4,2,,Executive,Master,Female,Single,Day,Hybrid,,1,0,0,0,0,0,0
3032,46,13,56225.0,19,3,24.0,5,63,23,4,5,5,8,8,0,,Associate,Master,Female,Divorced,Flexible,Office,Balanced,1,0,1,0,0,0,1
3033,35,4,25971.0,11,11,79.0,1,52,12,4,3,5,20,3,4,Engineering,Manager,Master,Male,Married,Day,Hybrid,Balanced,0,0,0,0,1,0,0
3034,55,14,75093.0,0,12,67.0,7,63,23,4,1,6,18,2,10,Research,Executive,PhD,Male,Single,Day,Office,Balanced,0,0,0,1,0,0,0
3035,26,3,61747.0,12,15,61.0,6,53,13,1,3,7,6,8,13,HR,Analyst,Bachelor,Male,Married,Day,Hybrid,,0,0,0,0,0,0,0
3036,36,20,91134.0,19,41,44.0,5,44,4,4,1,4,11,7,5,Sales,Lead,Master,Female,Single,Day,Office,Micromanager,0,0,0,1,0,1,0
3037,49,14,91257.0,3,2,19.0,5,56,16,3,2,4,12,9,3,Engineering,Lead,Master,Male,Single,Night,Remote,Hands-off,1,0,0,1,1,0,0
3038,37,17,94787.0,13,40,72.0,1,35,0,5,1,0,10,4,7,Research,Engineer,Bachelor,Male,Divorced,Night,Office,Balanced,1,0,0,1,0,1,0
3039,59,5,47194.0,3,11,34.0,12,64,24,1,5,4,2,5,7,Marketing,Lead,PhD,Female,Married,Day,Office,Micromanager,1,0,0,1,0,0,1
3040,51,13,98832.0,8,25,,9,59,19,4,1,6,20,10,1,Finance,Engineer,Master,Female,Divorced,Day,Hybrid,Hands-off,1,0,0,0,1,0,0
3041,37,6,42204.0,3,56,22.0,8,60,20,5,5,2,8,8,9,Sales,Engineer,Bachelor,Female,Divorced,Day,Hybrid,Supportive,1,1,0,1,0,1,0
3042,52,13,84561.0,17,56,32.0,1,61,21,4,5,4,1,9,6,Engineering,Analyst,Bachelor,Female,Married,Flexible,Hybrid,Supportive,1,0,0,0,1,0,0
3043,43,0,41364.0,11,8,19.0,4,46,6,5,1,6,10,8,1,Sales,Executive,Master,Female,Divorced,Flexible,Office,Hands-off,0,1,0,1,0,0,0
3044,50,9,63468.0,1,13,38.0,13,54,14,1,2,7,7,7,1,Marketing,Manager,Bachelor,Female,Married,Flexible,Office,Hands-off,0,0,0,1,0,1,0
3045,50,2,39379.0,13,4,30.0,14,40,0,4,5,2,16,3,12,Operations,Analyst,Bachelor,Female,Single,Day,Office,Hands-off,1,0,0,0,0,0,0
3046,28,19,93176.0,9,54,74.0,10,52,12,3,2,1,18,6,7,Engineering,Executive,High School,Female,Divorced,Day,Remote,Micromanager,0,0,0,0,1,0,0
3047,55,8,77341.0,10,40,22.0,13,30,0,1,1,7,0,7,4,Finance,Engineer,Master,Female,Single,Day,Hybrid,Micromanager,0,0,0,0,0,0,0
3048,57,12,74204.0,15,11,68.0,6,32,0,3,2,4,5,9,5,Engineering,Associate,Bachelor,Female,Single,Day,Office,Balanced,0,0,0,1,1,0,0
3049,35,4,,3,51,25.0,11,35,0,1,5,4,0,5,2,Finance,Lead,Bachelor,Male,Married,Night,Office,Supportive,1,0,0,1,0,0,0
3050,60,12,55696.0,3,34,7.0,7,47,7,1,5,1,11,1,12,HR,Manager,Bachelor,Female,Divorced,Night,Hybrid,Micromanager,1,0,0,0,0,0,0
3051,44,10,67421.0,15,48,48.0,1,68,28,1,4,0,14,10,11,Sales,Lead,Master,Male,Married,Night,Office,Supportive,0,0,1,0,0,0,1
3052,42,3,78890.0,8,55,73.0,10,44,4,5,2,2,12,0,1,Sales,Analyst,Bachelor,Other,Married,Day,Hybrid,Balanced,1,0,0,0,0,0,0
3053,41,9,64657.0,1,60,45.0,4,51,11,1,1,0,7,0,14,Operations,Associate,Bachelor,Female,Single,Day,Office,Micromanager,0,0,0,1,1,0,0
3054,41,11,82945.0,6,37,14.0,11,49,9,1,4,5,5,3,7,Sales,Executive,Bachelor,Female,Married,Day,Hybrid,Balanced,1,0,0,0,0,0,0
3055,33,8,50462.0,4,43,69.0,11,31,0,3,3,6,14,6,5,Finance,Manager,Bachelor,Female,Married,Day,Remote,Supportive,0,1,0,1,0,0,0
3056,51,14,,4,20,67.0,8,47,7,5,4,6,15,7,13,Sales,Manager,Master,Male,Single,Night,Hybrid,Supportive,1,0,0,0,0,1,1
3057,33,7,72132.0,19,16,38.0,10,45,5,5,4,7,16,7,11,Operations,Associate,Bachelor,Male,Divorced,Day,Remote,Micromanager,0,0,0,0,0,0,1
3058,44,13,76868.0,16,15,72.0,2,64,24,2,3,7,9,4,12,Legal,Manager,Master,Female,Single,Day,Office,Hands-off,0,1,0,1,1,0,0
3059,57,6,55450.0,11,14,78.0,15,41,1,1,1,3,17,10,4,HR,Engineer,Master,Male,Single,Night,Office,Micromanager,1,0,0,1,0,1,0
3060,58,0,37052.0,0,19,,13,36,0,3,4,3,8,6,3,Research,Analyst,Bachelor,Female,Single,Day,Office,Micromanager,0,0,0,1,1,1,0
3061,21,9,74919.0,6,23,22.0,11,68,28,3,1,2,7,1,14,Sales,Executive,Master,Male,Divorced,Flexible,Office,Micromanager,0,0,0,0,0,0,0
3062,43,6,64845.0,12,9,33.0,12,63,23,5,1,2,17,2,11,,Manager,Bachelor,Male,Divorced,Night,Office,Balanced,0,0,0,0,0,0,1
3063,31,4,61046.0,0,57,48.0,8,56,16,1,3,5,12,2,9,HR,Executive,Master,Female,Divorced,Flexible,Office,Micromanager,1,0,0,0,0,0,0
3064,52,1,67978.0,9,3,25.0,2,62,22,2,2,1,5,3,9,Operations,Executive,High School,Male,Married,Night,Office,Supportive,0,0,0,0,0,0,0
3065,28,18,82227.0,8,52,8.0,2,55,15,3,1,2,0,3,4,Operations,Engineer,Master,Male,Single,Day,Hybrid,Micromanager,1,0,0,1,0,0,0
3066,27,16,65928.0,13,26,72.0,13,54,14,4,5,7,16,3,4,Engineering,Manager,High School,Male,Single,Flexible,Hybrid,Hands-off,0,0,1,1,0,0,0
3067,31,3,177265.0,12,49,28.0,15,39,0,1,3,2,12,2,5,Operations,Associate,Bachelor,Male,Married,Day,Office,Supportive,0,0,0,0,0,0,0
3068,23,3,69292.0,18,4,38.0,15,38,0,5,5,5,19,6,2,Engineering,Analyst,Master,Female,Divorced,Day,Remote,Micromanager,1,0,0,1,0,1,0
3069,59,11,76513.0,12,1,,13,60,20,2,4,7,0,8,8,Research,Manager,PhD,Female,Married,Day,Hybrid,Balanced,1,0,0,1,1,0,0
3070,43,4,55791.0,10,3,33.0,3,50,10,4,1,5,1,6,6,Sales,Analyst,Master,Male,Divorced,Day,Hybrid,Supportive,0,1,0,0,0,0,0
3071,48,8,67514.0,11,27,64.0,8,62,22,5,5,3,4,7,10,Marketing,Executive,High School,Female,Married,Day,Hybrid,Supportive,0,0,0,1,0,0,0
3072,50,15,78903.0,13,30,60.0,1,56,16,2,5,7,8,9,7,Sales,Executive,Bachelor,Female,Single,Day,Hybrid,Micromanager,1,0,0,0,0,1,1
3073,48,1,60582.0,14,24,33.0,8,45,5,4,3,1,19,9,10,Engineering,Lead,High School,Female,Married,Flexible,Office,Balanced,1,0,1,0,0,0,0
3074,38,11,88235.0,1,58,25.0,6,34,0,2,2,7,12,8,11,Sales,Manager,Bachelor,Male,Divorced,Day,Hybrid,Supportive,1,0,0,0,0,0,0
3075,49,9,61136.0,19,1,4.0,1,68,28,2,4,0,0,9,5,Sales,Lead,Bachelor,Female,Divorced,Day,Remote,Hands-off,1,0,1,1,1,0,1
3076,57,17,82139.0,3,46,,9,54,14,4,1,3,17,7,2,Sales,Manager,Master,Male,Divorced,Day,Hybrid,Micromanager,0,0,1,0,0,0,1
3077,26,19,99587.0,14,26,57.0,1,68,28,1,5,5,9,8,4,Marketing,Associate,Bachelor,Male,Married,Night,Hybrid,Supportive,0,0,0,0,0,1,0
3078,57,10,80971.0,2,29,3.0,15,40,0,2,5,0,10,4,5,Marketing,Manager,Bachelor,Male,Single,Day,Office,Balanced,0,0,0,0,1,1,0
3079,58,3,69296.0,17,23,77.0,3,46,6,4,4,6,1,5,8,Engineering,Associate,Master,Female,Married,Flexible,Hybrid,Supportive,1,0,0,0,0,0,0
3080,49,5,69692.0,17,35,13.0,5,47,7,3,2,5,9,4,2,Sales,Associate,PhD,Female,Single,Day,Hybrid,Micromanager,0,0,0,1,0,1,1
3081,56,16,89112.0,6,14,46.0,10,57,17,2,4,0,8,8,14,Research,Associate,Bachelor,Male,Single,Night,Hybrid,Balanced,0,1,0,1,0,0,0
3082,21,4,52023.0,12,60,75.0,11,37,0,5,4,0,1,5,1,Engineering,Analyst,Bachelor,Female,Single,Night,Office,Micromanager,1,0,0,0,1,0,0
3083,43,5,70859.0,17,34,,1,70,30,2,4,4,3,3,12,Engineering,Lead,Bachelor,Female,Married,Day,Hybrid,Supportive,1,1,0,1,0,0,0
3084,45,14,76014.0,7,7,71.0,11,56,16,5,3,4,5,6,12,Engineering,Lead,Master,Female,Divorced,Night,Hybrid,Balanced,0,0,0,1,0,1,0
3085,50,13,84773.0,5,50,45.0,8,65,25,4,5,4,18,5,11,Marketing,Engineer,Bachelor,Female,Married,Day,Office,Micromanager,1,0,0,1,0,0,0
3086,58,20,106517.0,13,37,12.0,8,70,30,4,2,0,4,3,3,Research,Analyst,Bachelor,Male,Married,Day,Office,,0,0,0,0,0,1,0
3087,60,12,63067.0,13,40,51.0,2,69,29,5,4,2,5,2,6,Sales,Lead,Master,Male,Married,Day,Office,Supportive,1,0,0,0,0,0,0
3088,23,11,73186.0,4,34,77.0,13,66,26,3,3,0,15,7,12,Sales,Analyst,Bachelor,Male,Married,Day,Office,Micromanager,1,0,0,1,1,1,0
3089,25,19,79507.0,16,46,16.0,7,45,5,1,2,1,4,3,2,Finance,Lead,Bachelor,Male,Single,Day,Hybrid,Balanced,0,0,0,1,1,0,0
3090,36,8,77797.0,19,41,11.0,3,43,3,4,1,4,11,4,4,Operations,Analyst,Bachelor,Male,Married,Flexible,Office,Hands-off,0,0,1,0,1,0,0
3091,45,18,94990.0,16,13,79.0,11,41,1,1,3,4,4,8,14,Engineering,Analyst,High School,Other,Divorced,Day,Office,Balanced,1,0,0,0,1,1,0
3092,31,4,65978.0,3,33,62.0,4,53,13,1,1,6,18,1,6,Legal,Lead,High School,Male,Single,Day,Hybrid,Balanced,0,0,0,1,0,0,0
3093,58,3,55789.0,6,10,27.0,6,50,10,1,3,4,1,10,15,Research,Lead,Bachelor,Male,Divorced,Day,Office,Balanced,1,0,0,0,1,1,0
3094,45,18,83872.0,1,7,34.0,14,58,18,2,2,1,18,7,12,Engineering,Executive,Bachelor,Male,Married,Flexible,Office,Micromanager,0,0,0,0,0,0,1
3095,48,17,,5,46,48.0,10,57,17,4,2,4,4,8,5,Sales,Lead,Bachelor,Female,Single,Day,Hybrid,Hands-off,1,0,0,1,0,0,0
3096,25,13,,9,47,55.0,3,34,0,5,3,4,13,0,4,Marketing,Associate,High School,Male,Divorced,Day,Remote,Supportive,0,0,0,0,1,0,0
3097,40,10,76779.0,13,32,44.0,11,36,0,1,1,1,20,6,2,Operations,Executive,Master,Male,Divorced,Day,Office,Micromanager,1,0,0,0,1,0,0
3098,38,11,56890.0,9,40,17.0,10,47,7,1,5,4,7,3,1,Engineering,Manager,Master,Male,Divorced,Day,Remote,Balanced,0,1,0,1,0,1,0
3099,43,13,,0,13,59.0,4,32,0,4,4,7,13,7,5,Sales,Associate,Master,Female,Single,Flexible,Remote,Hands-off,1,0,0,1,1,0,0
3100,28,11,68138.0,5,59,53.0,5,53,13,1,4,3,5,5,11,Marketing,Analyst,Bachelor,Female,Divorced,Night,Office,Micromanager,0,0,0,0,0,0,0
3101,51,16,77601.0,20,51,62.0,2,39,0,1,2,1,17,5,12,Research,Manager,High School,Male,Divorced,Day,Office,Micromanager,0,1,0,0,1,1,0
3102,21,10,65640.0,15,26,38.0,1,47,7,4,5,1,0,0,10,Sales,Associate,Bachelor,Male,Single,Night,Remote,Micromanager,0,0,0,1,0,0,0
3103,38,15,79510.0,11,48,,13,31,0,4,2,2,16,3,5,Marketing,Lead,Master,Female,Divorced,Flexible,Hybrid,Balanced,1,1,0,0,0,0,0
3104,30,16,83025.0,11,55,1.0,1,56,16,3,2,2,8,8,5,Sales,Associate,PhD,Male,Divorced,Day,Remote,Balanced,1,0,0,0,0,0,0
3105,35,17,94330.0,7,11,20.0,14,54,14,4,1,5,3,9,13,HR,Analyst,Bachelor,Female,Single,Night,Office,Balanced,0,0,0,1,0,0,0
3106,38,0,47860.0,11,33,66.0,6,66,26,1,3,1,3,4,3,Sales,Manager,Bachelor,Male,Single,Day,Office,Balanced,0,0,0,0,0,0,0
3107,54,1,56121.0,5,50,31.0,3,46,6,4,2,2,14,1,6,Marketing,Lead,High School,Male,Married,Day,Office,,0,0,0,1,0,0,0
3108,54,19,101912.0,18,8,44.0,7,31,0,2,4,3,9,5,10,Engineering,Engineer,PhD,Male,Married,Day,Office,Supportive,0,0,0,0,0,0,0
3109,23,6,89732.0,3,40,3.0,11,44,4,4,2,3,9,0,14,Sales,Lead,Master,Female,Single,Day,Hybrid,Supportive,0,0,0,0,0,1,0
3110,32,20,106355.0,17,33,6.0,3,53,13,5,4,4,18,6,3,Finance,Analyst,Master,Female,Married,Day,Office,Micromanager,1,0,1,0,0,0,0
3111,48,12,85698.0,4,19,71.0,12,66,26,4,4,2,4,7,15,Marketing,Executive,High School,Female,Single,Day,Office,,0,0,0,0,0,0,0
3112,41,20,97360.0,14,28,37.0,11,52,12,3,3,4,15,2,6,Operations,Manager,Bachelor,Male,Single,Day,Hybrid,Balanced,1,0,0,0,1,0,0
3113,34,9,51513.0,7,20,1.0,13,50,10,4,4,4,0,1,13,Engineering,Executive,Master,Female,Married,Day,Office,Supportive,1,0,0,0,0,0,0
3114,46,13,89321.0,8,10,6.0,9,49,9,5,3,1,1,3,2,Sales,Engineer,High School,Male,Divorced,Day,Hybrid,Balanced,0,0,0,0,1,0,0
3115,24,19,108864.0,19,50,22.0,1,60,20,2,3,4,2,6,2,Engineering,Executive,High School,Male,Single,Flexible,Remote,Balanced,0,0,0,0,0,0,0
3116,55,12,60782.0,4,3,37.0,5,68,28,4,4,2,9,6,12,Operations,Executive,Master,Male,Single,Day,Office,Supportive,0,0,0,0,0,0,0
3117,33,11,83987.0,11,51,73.0,13,44,4,2,1,1,14,9,15,Finance,Associate,Master,Female,Divorced,Day,Hybrid,Balanced,0,0,1,1,1,1,1
3118,37,5,72772.0,6,28,9.0,9,66,26,2,5,6,10,10,13,Research,Executive,Master,Female,Married,Day,Hybrid,Balanced,0,0,0,0,1,0,0
3119,37,9,87906.0,12,40,4.0,1,46,6,5,2,3,2,1,8,Engineering,Associate,Master,Other,Single,Flexible,Office,Balanced,1,1,0,1,1,0,0
3120,37,9,79326.0,0,22,44.0,14,49,9,5,1,4,7,6,0,Sales,Associate,Master,Male,Married,Night,Hybrid,Micromanager,0,0,0,0,0,0,1
3121,49,17,79691.0,6,2,7.0,11,41,1,4,5,7,7,8,12,Sales,Lead,Bachelor,Female,Single,Day,Office,Supportive,1,0,0,0,1,0,1
3122,50,1,69616.0,8,16,75.0,10,41,1,2,4,2,17,10,4,Marketing,Associate,High School,Female,Divorced,Day,Remote,Balanced,1,0,0,1,0,0,1
3123,55,6,80651.0,12,29,49.0,1,63,23,2,1,6,16,9,0,Operations,Manager,Master,Male,Married,Flexible,Office,Balanced,1,1,0,0,0,1,0
3124,24,15,76671.0,3,59,80.0,3,53,13,3,2,2,13,2,6,Engineering,Manager,Bachelor,Male,Divorced,Day,Remote,Balanced,0,0,0,1,0,0,0
3125,26,8,62666.0,7,23,37.0,14,66,26,4,2,0,11,2,3,Sales,Executive,Bachelor,Female,Married,Flexible,Office,Micromanager,1,0,0,0,1,0,0
3126,23,14,86953.0,16,3,2.0,13,48,8,4,3,2,20,7,2,Sales,Engineer,Bachelor,Female,Married,Day,Hybrid,Supportive,1,0,0,0,0,0,0
3127,27,7,63291.0,5,58,13.0,12,34,0,4,1,5,3,8,14,Engineering,Engineer,High School,Male,Divorced,Day,Hybrid,Supportive,0,0,0,0,0,0,0
3128,41,10,70789.0,8,43,0.0,14,60,20,2,3,0,11,2,8,,Associate,Master,Female,Divorced,Day,Office,Micromanager,1,0,1,1,0,0,0
3129,24,20,114510.0,20,4,63.0,9,69,29,5,5,7,20,1,15,Finance,Lead,Bachelor,Male,Married,Day,Office,Micromanager,1,0,0,0,0,0,1
3130,36,13,77447.0,16,32,65.0,1,38,0,5,2,0,2,5,5,Engineering,Analyst,Master,Female,Single,Flexible,Remote,Micromanager,1,0,0,0,0,0,0
3131,43,1,,17,48,56.0,2,42,2,4,1,2,1,5,0,Finance,Associate,Bachelor,Male,Single,Day,Remote,Micromanager,0,0,0,0,0,1,1
3132,26,16,79090.0,20,14,79.0,2,47,7,2,3,5,17,2,8,Marketing,Manager,Master,Male,Married,Day,Hybrid,Balanced,0,0,1,0,0,0,0
3133,24,13,58617.0,4,28,43.0,13,65,25,3,5,4,0,3,13,Marketing,Analyst,Bachelor,Male,Single,Day,Office,Supportive,1,0,0,1,0,0,0
3134,43,14,65404.0,20,36,12.0,10,66,26,3,1,3,6,2,15,Engineering,Executive,Bachelor,Male,Married,Night,Office,Balanced,0,0,0,1,1,1,0
3135,45,18,88364.0,12,18,61.0,4,31,0,5,3,5,7,0,7,Sales,Manager,Master,Male,Divorced,Day,Remote,Supportive,1,0,0,1,0,0,0
3136,29,7,73638.0,20,35,9.0,14,58,18,1,2,2,13,5,3,Marketing,Lead,PhD,Male,Married,Day,Remote,Balanced,0,0,0,0,0,1,0
3137,56,19,93744.0,4,31,45.0,9,50,10,4,3,1,16,10,13,Engineering,Analyst,Master,Female,Divorced,Day,Office,Micromanager,0,0,0,1,1,0,0
3138,57,2,60014.0,1,26,9.0,9,58,18,5,5,6,18,5,13,HR,Lead,Master,Male,Divorced,Night,Office,Balanced,0,0,0,1,0,1,0
3139,37,3,54533.0,4,38,48.0,8,51,11,1,3,4,0,0,1,Marketing,Lead,Bachelor,Female,Single,Day,Remote,Hands-off,1,0,0,1,0,0,0
3140,34,6,82766.0,9,30,46.0,15,57,17,1,4,7,1,4,11,Finance,Associate,Bachelor,Female,Divorced,Flexible,Office,Balanced,0,0,0,1,0,1,1
3141,46,12,57569.0,13,21,32.0,9,32,0,3,2,1,11,10,3,Sales,Associate,Bachelor,Female,Divorced,Day,Hybrid,Hands-off,1,0,0,0,0,0,0
3142,27,16,88029.0,14,60,13.0,5,31,0,5,5,5,13,5,5,Finance,Associate,Bachelor,Male,Married,Day,Office,Balanced,0,0,0,1,0,1,1
3143,42,14,98333.0,9,23,16.0,14,63,23,5,2,5,17,7,12,Research,Associate,Master,Male,Married,Day,Office,Balanced,0,0,1,0,1,0,0
3144,46,15,77833.0,10,3,67.0,1,38,0,3,4,4,11,5,14,Sales,Analyst,Master,Male,Single,Flexible,Office,Supportive,0,1,0,0,0,0,0
3145,52,18,91486.0,19,58,24.0,7,56,16,4,3,4,10,4,1,Sales,Associate,Master,Female,Single,Night,Hybrid,Balanced,0,0,0,0,1,0,0
3146,60,4,68920.0,7,11,27.0,11,59,19,3,3,4,1,7,10,Legal,Analyst,High School,Female,Divorced,Day,Office,,1,0,0,0,0,0,0
3147,30,18,98223.0,15,24,,7,54,14,1,3,6,20,6,6,Sales,Manager,PhD,Female,Divorced,Day,Hybrid,Balanced,1,0,0,1,1,0,1
3148,37,0,50449.0,7,51,8.0,8,35,0,5,2,5,5,6,1,Sales,Engineer,Master,Female,Divorced,Day,Remote,Balanced,1,0,0,0,0,0,0
3149,46,9,56941.0,18,28,29.0,2,38,0,1,4,0,20,5,11,Marketing,Executive,High School,Male,Divorced,Flexible,Office,Balanced,0,0,0,0,0,0,0
3150,47,10,58970.0,2,17,4.0,6,38,0,3,4,1,15,3,9,Engineering,Engineer,High School,Female,Single,Day,Office,Balanced,1,0,0,0,0,0,0
3151,29,5,,9,35,49.0,8,39,0,4,4,3,8,3,12,Engineering,Manager,High School,Female,Married,Day,Hybrid,,1,0,0,1,1,1,0
3152,47,10,69535.0,11,20,42.0,6,37,0,5,2,5,5,3,13,Sales,Associate,Bachelor,Male,Single,Day,Hybrid,Balanced,1,0,0,0,1,1,0
3153,29,0,54295.0,0,51,68.0,12,54,14,1,4,2,15,10,0,Research,Lead,High School,Female,Divorced,Night,Hybrid,Supportive,1,0,0,1,0,0,0
3154,55,7,84551.0,12,42,24.0,14,69,29,1,2,4,2,10,11,Marketing,Executive,Bachelor,Male,Divorced,Day,Office,Balanced,0,0,0,1,0,0,0
3155,31,12,98471.0,19,39,40.0,15,35,0,1,2,2,8,10,2,Sales,Engineer,Bachelor,Male,Single,Day,Office,Balanced,0,0,0,0,0,1,0
3156,46,18,82289.0,16,1,52.0,13,41,1,2,2,0,15,3,15,HR,Analyst,Master,Female,Married,Day,Hybrid,Balanced,0,0,0,1,1,0,0
3157,32,14,82365.0,11,50,77.0,2,41,1,2,2,3,8,7,6,Operations,Associate,Master,Female,Divorced,Night,Office,Micromanager,0,1,0,0,0,0,0
3158,54,10,65392.0,9,15,74.0,14,69,29,1,5,7,5,3,15,,Manager,Bachelor,Female,Married,Night,Hybrid,Balanced,0,0,0,0,0,0,1
3159,22,12,82936.0,8,4,2.0,10,36,0,2,2,6,0,0,9,Research,Executive,Master,Male,Divorced,Day,Office,Micromanager,0,0,0,0,0,0,0
3160,46,13,96951.0,11,20,34.0,13,51,11,1,4,6,15,6,4,HR,Engineer,Master,Female,Single,Day,Remote,Micromanager,0,0,0,1,0,1,0
3161,59,8,83493.0,0,46,71.0,7,39,0,4,3,5,20,6,8,Engineering,Lead,Master,Male,Divorced,Day,Office,Supportive,0,0,0,1,0,0,0
3162,50,20,105029.0,9,12,23.0,12,37,0,4,3,6,2,0,2,,Lead,Master,Female,Single,Day,Remote,Micromanager,1,1,1,0,0,0,0
3163,34,1,42451.0,17,56,,13,63,23,5,5,2,8,7,5,Sales,Associate,Master,Male,Married,Day,Remote,,1,0,0,1,0,0,0
3164,38,14,92289.0,1,29,40.0,1,47,7,2,1,3,19,10,9,Engineering,Analyst,PhD,Male,Divorced,Flexible,Hybrid,Balanced,0,0,1,0,0,0,0
3165,57,14,90757.0,9,33,8.0,5,67,27,4,4,7,2,1,9,Engineering,Manager,PhD,Female,Divorced,Day,Office,Balanced,1,0,0,1,0,0,0
3166,41,13,79855.0,12,39,77.0,6,57,17,5,5,5,16,7,6,Sales,Lead,Bachelor,Male,Single,Day,Remote,Supportive,0,0,0,1,1,1,0
3167,30,7,51154.0,11,24,50.0,15,53,13,4,2,4,19,5,13,HR,Manager,Master,Female,Married,Flexible,Office,Hands-off,1,0,0,1,0,1,0
3168,36,5,65385.0,17,14,25.0,6,40,0,2,1,1,2,9,12,HR,Lead,Bachelor,Male,Married,Day,Remote,Supportive,0,0,0,0,0,1,0
3169,49,6,39283.0,13,10,23.0,6,31,0,5,3,3,7,1,9,Legal,Manager,Master,Female,Single,Flexible,Hybrid,Balanced,0,1,0,0,0,0,0
3170,36,9,72396.0,13,53,50.0,5,48,8,3,1,5,6,3,14,Engineering,Lead,Bachelor,Male,Divorced,Day,Office,Hands-off,0,0,0,1,0,0,0
3171,60,2,268670.0,5,60,21.0,5,56,16,5,5,3,12,4,4,Marketing,Associate,Master,Male,Married,Night,Office,Balanced,1,0,0,1,0,0,0
3172,58,0,34611.0,11,58,,10,42,2,2,5,3,9,10,9,Legal,Manager,Bachelor,Male,Single,Day,Office,Micromanager,1,0,0,0,1,0,0
3173,28,9,54740.0,3,30,55.0,13,60,20,1,5,2,16,1,12,Marketing,Analyst,Bachelor,Female,Married,Day,Office,Micromanager,1,0,0,1,1,1,0
3174,39,0,72041.0,10,33,6.0,8,59,19,2,3,7,9,3,12,,Executive,Bachelor,Male,Married,Day,Hybrid,Hands-off,0,0,0,0,0,0,0
3175,21,19,90452.0,6,23,37.0,15,36,0,4,1,4,8,10,9,Engineering,Engineer,High School,Female,Single,Night,Office,Micromanager,1,0,0,0,0,0,0
3176,25,11,50676.0,19,50,19.0,15,37,0,1,1,3,11,4,1,Engineering,Engineer,Bachelor,Female,Single,Day,Remote,Supportive,1,1,0,0,0,1,0
3177,31,20,99272.0,0,34,,4,34,0,2,4,6,2,3,13,,Associate,High School,Male,Divorced,Day,Office,Balanced,0,0,0,0,0,0,0
3178,43,14,79660.0,4,30,67.0,4,56,16,5,5,5,6,7,8,Legal,Analyst,Bachelor,Male,Divorced,Day,Remote,Supportive,0,1,0,1,1,0,0
3179,34,12,74648.0,16,33,10.0,1,56,16,1,2,3,8,9,11,Research,Associate,Bachelor,Female,Divorced,Night,Office,Balanced,1,0,0,0,0,1,0
3180,49,9,73771.0,8,5,61.0,7,62,22,4,1,4,3,4,13,Legal,Executive,Bachelor,Female,Married,Day,Office,Balanced,0,1,0,0,0,0,0
3181,46,3,25537.0,13,30,43.0,11,53,13,1,1,2,0,9,13,Sales,Manager,Bachelor,Female,Married,Day,Hybrid,Balanced,0,0,0,0,1,0,0
3182,32,12,65731.0,7,46,,12,66,26,3,4,0,14,10,13,Marketing,Associate,Master,Male,Married,Night,Remote,Micromanager,0,0,0,0,1,0,0
3183,50,2,238320.0,20,46,68.0,1,31,0,2,2,3,7,0,15,HR,Analyst,Bachelor,Female,Married,Day,Remote,Micromanager,0,0,0,0,0,0,0
3184,37,4,48990.0,5,38,40.0,13,32,0,4,1,0,18,7,1,Engineering,Executive,Master,Female,Divorced,Night,Hybrid,Supportive,1,0,1,0,1,0,0
3185,47,3,47548.0,1,7,69.0,3,44,4,4,4,7,20,7,5,Engineering,Engineer,Master,Female,Married,Day,Remote,,1,1,0,0,0,0,0
3186,34,20,86246.0,0,43,68.0,9,64,24,2,1,6,5,9,5,Research,Lead,Master,Other,Married,Flexible,Office,,1,1,0,0,1,0,0
3187,51,18,85932.0,10,46,73.0,1,41,1,2,4,2,16,4,12,Engineering,Lead,Bachelor,Female,Single,Night,Remote,Micromanager,1,0,0,1,1,1,0
3188,26,3,32818.0,7,13,36.0,8,69,29,5,3,0,13,10,8,Finance,Engineer,PhD,Male,Single,Day,Office,Balanced,1,0,0,0,0,1,0
3189,44,17,89104.0,17,53,54.0,10,66,26,1,2,3,4,5,8,Engineering,Associate,Master,Female,Divorced,Day,Remote,Balanced,1,0,0,0,0,1,1
3190,41,11,74650.0,6,22,53.0,3,41,1,2,5,5,9,5,4,Legal,Executive,Bachelor,Female,Divorced,Day,Hybrid,Balanced,1,0,0,1,0,0,0
3191,39,8,35994.0,16,22,11.0,7,47,7,2,4,6,3,4,10,Operations,Manager,Bachelor,Male,Divorced,Day,Office,Supportive,1,0,0,1,0,0,1
3192,56,7,67262.0,19,43,61.0,10,43,3,2,3,7,13,4,7,Operations,Executive,Master,Female,Married,Day,Hybrid,Hands-off,0,0,0,0,0,0,0
3193,34,4,59940.0,1,13,15.0,4,68,28,5,1,6,20,1,1,Sales,Analyst,PhD,Other,Divorced,Day,Hybrid,Supportive,0,0,0,0,0,1,0
3194,45,13,94085.0,17,49,26.0,9,41,1,3,2,0,13,9,3,Operations,Lead,Master,Female,Single,Day,Office,Balanced,0,0,0,1,0,0,0
3195,22,12,75950.0,15,38,28.0,5,40,0,5,1,6,12,6,6,Legal,Manager,Bachelor,Female,Single,Day,Hybrid,Balanced,0,0,0,0,0,0,0
3196,35,6,48364.0,3,38,44.0,6,50,10,5,2,2,6,6,11,Sales,Engineer,Bachelor,Male,Single,Day,Hybrid,Balanced,1,0,0,0,0,0,0
3197,22,6,68867.0,0,2,,15,30,0,4,3,0,7,7,10,Sales,Engineer,Bachelor,Male,Single,Day,Office,Balanced,0,0,0,0,0,0,0
3198,59,18,76731.0,13,25,7.0,4,34,0,4,4,5,7,5,4,Operations,Analyst,Master,Male,Divorced,Day,Hybrid,Supportive,0,0,0,1,0,1,0
3199,26,19,68601.0,5,31,15.0,13,51,11,4,5,7,0,9,1,Engineering,Analyst,Bachelor,Male,Married,Day,Office,,0,1,0,1,0,0,0
3200,30,11,81883.0,16,1,2.0,14,67,27,5,4,2,20,8,14,Marketing,Lead,High School,Male,Divorced,Day,Remote,Balanced,1,1,0,1,0,0,0
3201,49,5,75589.0,19,9,16.0,4,35,0,1,3,2,16,8,11,Legal,Analyst,High School,Male,Single,Day,Office,Micromanager,0,1,0,0,1,0,0
3202,47,17,82755.0,3,33,57.0,15,61,21,3,4,2,7,2,6,Engineering,Engineer,Master,Male,Married,Day,Office,Balanced,0,0,0,1,1,0,0
3203,54,7,49116.0,16,5,31.0,5,61,21,1,1,2,13,8,11,Finance,Engineer,High School,Male,Divorced,Day,Hybrid,Micromanager,0,0,0,0,1,1,1
3204,59,11,82266.0,11,51,38.0,15,37,0,3,5,3,12,7,6,Operations,Analyst,High School,Female,Single,Day,Office,Hands-off,0,1,0,0,0,0,0
3205,45,10,68511.0,16,57,51.0,11,58,18,4,1,0,13,4,13,,Associate,Bachelor,Male,Married,Day,Office,Supportive,1,0,0,0,0,0,0
3206,21,8,55431.0,17,52,54.0,11,45,5,3,2,1,7,8,1,Engineering,Associate,High School,Male,Divorced,Flexible,Hybrid,Micromanager,1,0,0,0,1,0,0
3207,47,8,49227.0,14,11,,3,58,18,3,1,0,10,10,11,Marketing,Manager,Master,Female,Single,Night,Remote,Supportive,1,0,0,0,0,1,0
3208,58,10,60979.0,6,31,21.0,9,33,0,1,3,3,14,5,2,Finance,Engineer,High School,Male,Divorced,Flexible,Hybrid,Supportive,0,0,0,0,0,1,0
3209,30,10,76354.0,7,9,64.0,3,46,6,1,4,6,16,8,6,Sales,Lead,High School,Male,Divorced,Night,Hybrid,Hands-off,1,0,0,1,1,0,0
3210,21,13,70179.0,16,2,37.0,5,49,9,4,1,5,14,0,3,Finance,Engineer,High School,Male,Single,Flexible,Hybrid,Hands-off,1,0,0,0,1,0,0
3211,31,19,104139.0,3,27,13.0,2,32,0,3,5,1,5,3,12,Finance,Engineer,High School,Female,Married,Day,Office,Balanced,1,0,1,1,0,0,0
3212,52,13,66293.0,5,40,56.0,14,32,0,3,4,6,6,1,12,Sales,Manager,Bachelor,Female,Married,Day,Remote,Micromanager,1,0,0,0,0,0,0
3213,59,17,75285.0,20,20,1.0,11,69,29,2,4,0,12,10,3,Engineering,Executive,Bachelor,Other,Divorced,Day,Remote,Supportive,0,0,0,1,0,1,0
3214,54,7,74941.0,6,15,,1,64,24,5,3,1,14,2,14,Operations,Associate,Bachelor,Male,Divorced,Day,Remote,Balanced,0,0,0,0,0,0,0
3215,46,14,75427.0,19,12,60.0,5,35,0,4,4,1,7,3,5,Sales,Executive,Bachelor,Female,Married,Day,Office,Supportive,0,0,0,1,0,0,0
3216,50,12,80430.0,20,19,26.0,6,67,27,3,4,1,15,0,15,,Manager,Bachelor,Female,Married,Day,Office,Hands-off,0,0,0,1,1,1,0
3217,38,3,,16,37,70.0,12,61,21,1,4,5,8,0,9,Sales,Manager,Master,Female,Married,Day,Office,,1,0,0,0,1,0,0
3218,22,4,53080.0,13,7,3.0,2,50,10,1,1,3,11,7,4,Marketing,Associate,Master,Female,Single,Day,Office,Micromanager,0,0,1,0,0,0,0
3219,40,6,,20,51,9.0,1,57,17,1,3,1,10,8,11,Research,Executive,Bachelor,Male,Single,Day,Office,Hands-off,0,0,0,1,0,0,0
3220,51,19,92786.0,18,32,4.0,15,51,11,4,1,3,18,4,1,HR,Executive,Bachelor,Female,Married,Day,Office,Supportive,1,0,0,0,0,0,0
3221,56,2,,10,4,67.0,13,32,0,3,4,6,15,7,7,Finance,Analyst,Bachelor,Female,Divorced,Day,Office,Supportive,0,0,0,0,0,1,0
3222,57,9,73682.0,3,3,46.0,5,56,16,5,1,7,17,3,0,Sales,Manager,Bachelor,Female,Divorced,Day,Remote,Balanced,0,1,0,1,1,0,0
3223,48,12,74635.0,1,33,79.0,8,68,28,5,2,3,1,5,4,,Engineer,High School,Male,Married,Day,Remote,Balanced,1,1,0,1,0,0,0
3224,39,17,76234.0,7,37,15.0,13,44,4,2,3,4,0,0,1,Research,Executive,Bachelor,Male,Married,Day,Office,Balanced,0,0,0,1,1,0,1
3225,48,9,58594.0,5,29,21.0,14,35,0,4,2,1,19,10,1,Engineering,Executive,Bachelor,Male,Single,Day,Office,Micromanager,0,1,0,0,0,0,0
3226,53,17,87949.0,10,47,60.0,8,53,13,1,3,5,11,9,2,Legal,Analyst,Master,Male,Single,Day,Remote,Micromanager,0,0,0,1,1,0,0
3227,28,10,68831.0,8,34,48.0,2,51,11,5,3,3,2,10,12,Engineering,Analyst,Bachelor,Female,Married,Day,Remote,Micromanager,0,0,0,1,0,0,0
3228,57,5,56616.0,10,59,10.0,7,69,29,3,1,1,20,8,13,Marketing,Analyst,Bachelor,Female,Married,Day,Office,Supportive,1,0,0,0,1,0,0
3229,55,12,92125.0,7,14,9.0,3,44,4,5,4,7,17,2,7,Research,Engineer,Bachelor,Female,Married,Day,Hybrid,Micromanager,0,0,0,0,1,1,0
3230,59,7,67358.0,3,37,31.0,1,67,27,5,5,3,0,2,9,Engineering,Associate,Master,Male,Divorced,Day,Office,Supportive,0,0,0,0,0,0,0
3231,30,6,58083.0,16,51,40.0,14,59,19,4,5,5,8,4,15,Marketing,Analyst,Bachelor,Male,Single,Day,Hybrid,Supportive,0,1,0,0,0,0,0
3232,37,17,94685.0,9,52,8.0,10,53,13,1,4,2,10,3,13,Finance,Analyst,Master,Female,Married,Day,Office,Supportive,0,0,0,1,1,0,0
3233,28,3,53639.0,19,6,36.0,9,41,1,3,4,4,18,6,12,,Associate,Master,Female,Single,Day,Office,Micromanager,0,0,0,1,1,0,0
3234,42,20,113750.0,17,60,59.0,11,69,29,2,2,5,19,8,5,Sales,Lead,Master,Male,Single,Day,Office,Micromanager,0,1,0,0,0,1,0
3235,52,5,52647.0,14,53,,8,65,25,4,5,7,7,5,0,Sales,Lead,High School,Male,Divorced,Night,Remote,Micromanager,1,0,0,1,0,0,0
3236,43,8,63370.0,6,12,36.0,12,45,5,3,4,0,0,2,3,Engineering,Lead,PhD,Female,Married,Night,Office,Micromanager,0,0,0,0,0,0,0
3237,44,8,60311.0,17,15,23.0,1,44,4,2,3,3,18,3,12,Finance,Associate,Bachelor,Female,Married,Day,Office,Micromanager,0,0,0,0,1,0,0
3238,60,2,46590.0,9,23,13.0,3,59,19,1,5,6,12,1,9,Sales,Associate,High School,Male,Single,Night,Office,Micromanager,1,0,1,0,0,0,1
3239,21,20,96173.0,8,25,67.0,8,61,21,4,4,1,7,6,14,Sales,Executive,High School,Male,Single,Day,Remote,Balanced,0,0,0,0,1,1,0
3240,21,6,62380.0,14,7,72.0,5,61,21,2,4,1,15,4,1,Research,Lead,Master,Female,Single,Day,Hybrid,Supportive,0,0,0,0,1,0,1
3241,32,19,100469.0,9,10,66.0,6,57,17,4,1,3,5,1,10,Finance,Lead,Master,Male,Divorced,Day,Hybrid,Micromanager,0,0,0,1,1,1,0
3242,28,19,108324.0,6,42,56.0,1,51,11,3,1,4,5,2,15,Finance,Engineer,PhD,Female,Married,Day,Hybrid,Micromanager,1,1,0,0,0,0,0
3243,44,8,76218.0,6,5,32.0,12,65,25,1,3,1,9,10,0,Sales,Engineer,Master,Male,Single,Day,Office,Balanced,1,0,0,1,1,0,0
3244,36,0,21842.0,16,44,50.0,9,42,2,2,4,6,0,7,1,HR,Lead,Bachelor,Female,Divorced,Flexible,Hybrid,,1,0,0,1,0,0,0
3245,28,2,42222.0,6,34,4.0,14,66,26,4,1,3,0,10,6,Operations,Manager,Master,Female,Divorced,Day,Office,Supportive,0,0,0,1,0,0,1
3246,36,1,36464.0,19,45,35.0,14,38,0,3,4,4,16,5,4,Engineering,Executive,Bachelor,Male,Divorced,Night,Office,Balanced,1,0,0,1,0,0,0
3247,35,0,21036.0,4,52,34.0,8,64,24,3,2,3,20,1,9,Engineering,Engineer,High School,Female,Married,Night,Office,Micromanager,1,0,0,0,0,0,0
3248,44,7,56518.0,11,10,10.0,4,67,27,4,5,5,6,8,7,HR,Manager,Bachelor,Male,Single,Day,Remote,Balanced,0,0,0,0,1,0,0
3249,36,3,46984.0,13,20,17.0,3,35,0,2,1,1,12,2,9,Marketing,Manager,Bachelor,Female,Married,Flexible,Remote,,0,0,0,0,0,0,0
3250,42,12,59860.0,5,47,44.0,10,63,23,2,1,5,19,9,4,Marketing,Associate,High School,Female,Single,Day,Office,Hands-off,0,1,0,0,0,0,0
3251,39,16,74273.0,19,9,24.0,7,33,0,1,5,1,3,4,8,HR,Manager,Master,Female,Single,Day,Office,Balanced,1,0,0,1,0,0,0
3252,59,20,67766.0,11,18,68.0,7,46,6,5,5,3,11,6,15,Operations,Lead,Bachelor,Male,Divorced,Day,Hybrid,Micromanager,0,0,0,0,0,0,0
3253,23,6,71410.0,3,34,69.0,5,33,0,1,4,2,20,1,6,Sales,Manager,Master,Female,Married,Day,Remote,,1,0,0,1,0,0,0
3254,30,1,51141.0,17,35,21.0,7,34,0,1,2,4,16,10,9,Sales,Manager,High School,Female,Single,Day,Office,Micromanager,1,0,0,0,0,0,0
3255,56,17,90964.0,1,55,66.0,7,63,23,3,1,0,4,4,15,Engineering,Analyst,Bachelor,Male,Single,Flexible,Hybrid,Supportive,0,0,1,0,0,0,0
3256,51,12,68241.0,9,19,9.0,6,34,0,1,4,7,11,8,9,Sales,Manager,Bachelor,Male,Married,Night,Office,Balanced,1,0,0,0,1,0,0
3257,39,10,88479.0,11,31,70.0,3,41,1,2,3,6,20,5,12,Engineering,Executive,Bachelor,Female,Single,Day,Office,,0,0,0,0,0,1,0
3258,39,11,84754.0,18,47,46.0,4,31,0,2,5,6,4,7,10,Operations,Engineer,Master,Male,Married,Night,Office,Supportive,0,0,0,0,1,1,0
3259,29,6,58231.0,10,49,0.0,14,46,6,1,1,1,17,8,8,Marketing,Associate,Bachelor,Female,Divorced,Flexible,Remote,Supportive,0,0,0,1,1,0,0
3260,46,9,54691.0,11,27,40.0,5,59,19,4,2,7,5,9,7,Engineering,Analyst,Master,Female,Married,Flexible,Hybrid,Hands-off,0,0,0,0,0,0,0
3261,50,12,53380.0,9,53,76.0,3,54,14,5,3,3,19,0,11,Engineering,Associate,Bachelor,Female,Divorced,Day,Hybrid,Hands-off,0,0,0,1,1,0,0
3262,30,14,70155.0,7,49,7.0,1,69,29,5,2,4,14,6,7,Legal,Executive,PhD,Female,Divorced,Day,Office,Balanced,0,1,0,0,0,0,0
3263,49,6,39894.0,3,10,53.0,12,53,13,3,2,3,19,8,6,Engineering,Analyst,Master,Male,Married,Night,Office,Supportive,0,0,0,0,0,0,0
3264,51,19,86136.0,16,14,35.0,1,50,10,5,2,1,17,8,1,Marketing,Associate,Bachelor,Other,Married,Day,Office,Micromanager,1,0,0,0,0,0,0
3265,35,10,61954.0,13,43,49.0,8,38,0,4,5,0,17,10,4,Engineering,Lead,PhD,Male,Married,Night,Hybrid,Balanced,1,0,0,0,1,0,0
3266,34,7,57422.0,16,13,6.0,15,70,30,3,4,5,14,3,14,Operations,Lead,Master,Female,Divorced,Day,Remote,Hands-off,0,0,0,0,0,0,1
3267,29,16,76474.0,3,42,80.0,2,60,20,4,5,7,15,2,8,,Engineer,PhD,Female,Married,Flexible,Remote,Supportive,0,0,0,0,0,1,0
3268,54,15,80577.0,18,8,67.0,6,53,13,4,3,0,18,0,2,Marketing,Analyst,Bachelor,Male,Single,Day,Remote,Supportive,0,0,0,0,1,1,0
3269,42,20,90145.0,2,46,43.0,9,53,13,1,1,4,9,5,4,Engineering,Engineer,High School,Female,Married,Flexible,Office,Micromanager,0,0,0,0,0,0,0
3270,58,1,40175.0,9,55,3.0,12,34,0,3,3,0,11,0,9,Finance,Associate,Bachelor,Male,Married,Day,Hybrid,Balanced,1,0,0,1,0,1,0
3271,30,3,49190.0,18,35,34.0,12,48,8,3,3,1,9,2,1,Finance,Associate,High School,Female,Single,Day,Hybrid,Balanced,1,0,0,0,0,0,0
3272,38,4,60111.0,1,54,10.0,7,31,0,4,1,1,18,3,6,Sales,Lead,High School,Male,Single,Flexible,Office,Balanced,1,0,0,1,0,1,0
3273,45,8,83873.0,10,44,41.0,11,62,22,4,3,5,18,10,12,Engineering,Lead,Bachelor,Male,Single,Day,Office,Micromanager,1,0,0,1,1,1,0
3274,40,8,52617.0,20,13,37.0,6,59,19,5,2,6,10,6,15,Sales,Executive,Master,Other,Divorced,Day,Remote,Micromanager,0,0,0,0,1,1,0
3275,60,0,51291.0,16,17,20.0,3,63,23,5,4,5,5,3,15,Research,Analyst,Master,Male,Divorced,Day,Office,Balanced,1,0,0,0,1,1,0
3276,29,20,95219.0,14,34,3.0,2,50,10,2,4,3,2,9,6,,Engineer,Bachelor,Female,Married,Day,Office,Micromanager,1,0,0,1,0,0,0
3277,27,7,61789.0,9,36,9.0,7,32,0,4,3,5,9,4,5,Operations,Executive,Bachelor,Female,Divorced,Day,Office,Micromanager,0,0,0,0,0,0,0
3278,47,9,74439.0,20,43,69.0,12,58,18,2,5,2,13,6,8,Operations,Analyst,Bachelor,Male,Married,Day,Hybrid,Balanced,0,0,0,1,1,0,0
3279,60,1,45836.0,13,40,71.0,10,65,25,3,4,7,9,7,14,Finance,Manager,High School,Male,Single,Day,Hybrid,Balanced,1,0,0,1,1,1,0
3280,30,9,57296.0,12,24,36.0,9,65,25,3,3,7,16,9,1,Sales,Engineer,Bachelor,Male,Divorced,Day,Office,Micromanager,0,0,0,0,0,0,0
3281,36,3,48108.0,7,26,52.0,9,55,15,2,3,5,10,8,8,Research,Engineer,High School,Female,Married,Night,Office,Balanced,1,0,0,1,0,0,0
3282,31,17,70865.0,8,36,6.0,12,52,12,5,3,6,20,6,12,Sales,Executive,Bachelor,Male,Single,Night,Hybrid,Balanced,1,0,0,0,0,1,0
3283,44,6,266930.0,11,10,,12,42,2,4,5,4,18,10,0,Engineering,Engineer,Master,Female,Single,Day,Remote,Micromanager,0,0,0,1,0,0,0
3284,60,20,76269.0,19,55,32.0,6,38,0,2,1,6,19,9,15,Marketing,Associate,High School,Male,Married,Night,Remote,Micromanager,0,0,0,0,1,0,0
3285,36,18,93417.0,5,43,36.0,9,65,25,4,2,2,6,1,8,Research,Associate,Master,Male,Divorced,Flexible,Office,Supportive,1,0,0,0,1,0,0
3286,51,17,102229.0,6,58,44.0,1,50,10,5,1,1,18,7,14,Research,Manager,Master,Female,Divorced,Day,Hybrid,Balanced,0,0,0,1,1,0,0
3287,41,15,102409.0,16,10,,13,31,0,3,5,0,0,1,6,Operations,Analyst,Bachelor,Female,Divorced,Day,Hybrid,Balanced,0,0,0,1,0,0,0
3288,27,10,98385.0,10,56,52.0,8,32,0,4,3,0,9,0,0,Operations,Engineer,High School,Male,Single,Day,Remote,Balanced,0,0,0,1,0,1,1
3289,46,13,101978.0,12,39,64.0,7,68,28,2,2,0,8,9,9,Engineering,Associate,Master,Male,Married,Day,Hybrid,Balanced,1,1,0,1,0,0,0
3290,36,14,67651.0,10,57,69.0,11,56,16,5,5,3,18,0,13,Engineering,Engineer,Bachelor,Male,Married,Day,Office,Supportive,1,0,0,0,1,0,0
3291,24,12,59544.0,19,6,43.0,8,64,24,5,2,7,8,6,3,Engineering,Executive,Bachelor,Female,Married,Flexible,Remote,Micromanager,1,0,0,0,0,0,0
3292,31,19,77772.0,15,35,76.0,14,38,0,4,3,3,16,0,15,Research,Engineer,Bachelor,Female,Divorced,Night,Office,Supportive,0,0,0,1,1,1,0
3293,35,14,77447.0,19,37,70.0,8,68,28,4,5,4,9,6,2,Engineering,Associate,Bachelor,Male,Divorced,Day,Hybrid,Balanced,1,0,0,0,0,1,0
3294,46,17,93617.0,18,28,13.0,13,54,14,3,3,0,2,4,3,HR,Executive,Bachelor,Male,Single,Day,Office,Balanced,0,0,0,1,1,0,1
3295,51,18,101320.0,4,51,27.0,15,56,16,4,3,7,10,2,3,Finance,Manager,Bachelor,Male,Single,Day,Hybrid,Micromanager,1,1,0,1,1,1,0
3296,49,16,74153.0,3,32,69.0,13,48,8,1,4,2,5,4,13,Sales,Analyst,High School,Male,Married,Day,Hybrid,Supportive,1,0,0,0,0,0,1
3297,52,11,81898.0,11,17,63.0,7,57,17,2,1,2,19,4,8,,Engineer,Bachelor,Male,Single,Night,Hybrid,Micromanager,1,1,0,1,0,0,0
3298,56,6,50263.0,1,41,48.0,5,67,27,2,3,5,5,9,1,HR,Engineer,Master,Male,Married,Day,Office,Micromanager,0,0,0,0,1,0,1
3299,34,19,103723.0,13,31,47.0,4,67,27,5,2,1,14,2,3,Engineering,Lead,Master,Female,Divorced,Day,Remote,Supportive,1,0,1,1,1,0,0
3300,57,14,73849.0,19,7,53.0,12,49,9,2,2,0,19,2,10,Operations,Executive,Master,Female,Single,Day,Hybrid,Supportive,0,0,0,0,0,0,0
3301,34,18,519815.0,2,24,10.0,7,41,1,1,5,4,19,1,4,,Engineer,Bachelor,Female,Married,Day,Office,Supportive,1,1,0,1,0,0,0
3302,23,6,47602.0,9,51,,7,49,9,1,2,4,7,7,5,Operations,Manager,Master,Female,Divorced,Day,Office,Supportive,1,0,0,1,0,0,0
3303,23,13,56880.0,4,10,44.0,6,49,9,2,5,2,19,9,0,Sales,Lead,Bachelor,Female,Single,Day,Hybrid,Supportive,1,0,0,1,0,1,0
3304,59,11,41084.0,7,27,73.0,2,70,30,1,3,4,7,3,0,Finance,Analyst,Bachelor,Female,Divorced,Day,Office,Hands-off,0,0,1,1,0,0,0
3305,59,1,64504.0,5,8,39.0,9,44,4,1,4,4,0,5,12,Sales,Manager,Bachelor,Male,Single,Day,Remote,Balanced,0,0,0,0,1,0,0
3306,21,7,66301.0,19,53,17.0,5,38,0,5,5,4,11,8,4,Finance,Engineer,Bachelor,Male,Married,Day,Office,Micromanager,1,0,0,1,0,1,0
3307,39,15,84042.0,5,32,,8,61,21,4,3,6,7,9,2,Marketing,Lead,Master,Male,Married,Flexible,Office,Hands-off,1,0,0,1,0,1,0
3308,44,20,69164.0,4,43,7.0,14,31,0,4,3,7,3,10,9,Sales,Lead,Bachelor,Male,Divorced,Day,Office,Supportive,1,0,0,0,0,0,0
3309,39,11,73149.0,2,41,10.0,12,51,11,2,3,7,20,9,15,Finance,Analyst,Master,Female,Married,Day,Remote,,1,0,0,1,0,0,0
3310,51,0,49413.0,8,22,35.0,14,38,0,1,4,3,15,4,0,Engineering,Analyst,Bachelor,Male,Divorced,Day,Office,Micromanager,0,0,0,1,1,0,0
3311,27,13,77549.0,13,18,57.0,4,52,12,4,1,1,13,5,2,Legal,Engineer,Bachelor,Female,Married,Day,Office,Supportive,0,0,0,1,0,0,0
3312,52,11,75850.0,6,59,1.0,6,44,4,4,2,2,8,0,3,Research,Engineer,Master,Female,Divorced,Day,Hybrid,Supportive,1,0,0,0,0,0,0
3313,41,7,63316.0,11,52,20.0,13,51,11,5,4,2,5,8,3,Operations,Associate,Bachelor,Female,Married,Day,Office,Balanced,0,0,0,1,0,0,0
3314,24,18,105495.0,20,53,25.0,8,59,19,1,4,5,19,6,13,Operations,Manager,Bachelor,Female,Divorced,Day,Remote,Micromanager,0,0,0,0,0,1,1
3315,37,10,76203.0,3,35,10.0,9,52,12,4,3,0,19,0,3,Sales,Manager,PhD,Male,Married,Day,Remote,Balanced,1,0,0,1,1,0,0
3316,60,2,57494.0,11,56,0.0,10,49,9,3,4,6,3,5,13,Research,Engineer,Master,Female,Married,Day,Office,Supportive,0,1,0,1,0,0,0
3317,43,5,47582.0,12,58,39.0,1,63,23,5,1,7,7,2,3,Finance,Analyst,Bachelor,Male,Single,Day,Hybrid,Hands-off,0,0,0,1,0,0,0
3318,22,4,56216.0,9,55,61.0,3,70,30,3,2,4,8,0,14,Operations,Lead,Bachelor,Male,Single,Day,Office,Balanced,0,0,0,0,0,0,1
3319,27,13,76977.0,15,30,45.0,14,52,12,2,2,5,17,0,2,Engineering,Analyst,Master,Female,Single,Day,Office,Hands-off,0,0,0,0,1,0,0
3320,32,9,38896.0,5,55,10.0,1,30,0,3,4,1,1,6,14,Engineering,Executive,High School,Male,Married,Day,Remote,Hands-off,1,0,0,0,0,0,0
3321,44,18,114533.0,7,27,42.0,13,53,13,3,3,0,15,3,12,Engineering,Analyst,Bachelor,Male,Divorced,Day,Hybrid,Balanced,0,0,0,0,0,0,0
3322,60,2,66460.0,9,31,70.0,9,46,6,4,3,4,14,1,8,Finance,Associate,Bachelor,Female,Single,Day,Remote,Balanced,1,0,0,1,0,1,0
3323,48,11,78804.0,8,36,69.0,2,55,15,5,4,5,0,2,4,,Analyst,Bachelor,Male,Single,Day,Hybrid,Hands-off,0,0,0,1,0,0,0
3324,46,1,45497.0,2,18,60.0,7,36,0,5,4,1,19,7,3,Sales,Associate,Master,Male,Divorced,Night,Remote,Hands-off,1,0,0,1,0,0,0
3325,24,8,63274.0,4,55,32.0,4,44,4,4,4,5,11,3,15,Engineering,Executive,Master,Female,Single,Day,Hybrid,Balanced,1,0,1,1,0,0,0
3326,56,19,87711.0,1,18,35.0,8,30,0,5,5,4,9,10,5,Engineering,Engineer,Master,Male,Married,Night,Office,Balanced,1,0,0,0,0,0,0
3327,35,19,79506.0,1,38,49.0,11,43,3,3,4,7,1,0,0,Engineering,Analyst,Master,Male,Divorced,Day,Remote,Supportive,1,1,0,1,0,0,0
3328,30,0,39839.0,12,31,26.0,13,63,23,4,4,4,5,5,9,HR,Manager,Master,Female,Divorced,Flexible,Office,Micromanager,1,0,0,0,0,0,0
3329,31,6,,5,26,35.0,9,65,25,3,5,0,11,4,13,Engineering,Manager,Bachelor,Male,Married,Day,Office,Micromanager,0,0,1,0,1,0,0
3330,26,16,97083.0,18,52,28.0,15,35,0,5,2,7,9,9,10,Sales,Manager,Master,Male,Married,Day,Office,Balanced,0,0,0,0,0,0,0
3331,38,20,92156.0,14,8,71.0,12,63,23,4,3,4,20,10,8,Engineering,Engineer,High School,Male,Divorced,Flexible,Hybrid,Balanced,0,0,0,1,0,0,0
3332,46,9,58618.0,7,28,43.0,9,50,10,2,1,2,8,4,2,Engineering,Executive,Master,Female,Single,Day,Hybrid,Balanced,0,0,0,0,0,0,0
3333,55,4,240510.0,15,40,61.0,4,41,1,4,1,4,14,4,3,Marketing,Lead,Master,Male,Divorced,Day,Remote,Supportive,0,0,0,0,0,0,0
3334,59,7,55459.0,18,43,17.0,6,45,5,3,5,6,16,7,10,Engineering,Manager,Bachelor,Female,Single,Day,Hybrid,Balanced,1,1,0,1,0,0,0
3335,37,9,64014.0,19,17,51.0,12,37,0,3,2,6,8,6,4,Engineering,Lead,Master,Female,Single,Day,Remote,Supportive,1,0,0,1,1,0,0
3336,51,2,71145.0,8,27,31.0,15,67,27,2,1,5,7,5,7,Research,Analyst,Master,Female,Single,Day,Office,Supportive,0,0,0,0,1,1,0
3337,51,3,47553.0,8,1,49.0,15,44,4,2,3,6,13,10,9,,Associate,Bachelor,Male,Married,Day,Office,Hands-off,0,1,0,0,0,0,0
3338,22,3,58651.0,0,44,35.0,12,53,13,2,3,2,13,1,15,Engineering,Lead,Bachelor,Female,Married,Day,Hybrid,Supportive,1,0,0,0,0,0,0
3339,32,6,66298.0,4,9,8.0,11,41,1,2,3,7,8,10,12,Marketing,Executive,Bachelor,Female,Divorced,Day,Office,Hands-off,1,0,0,0,0,0,0
3340,21,10,56166.0,7,47,50.0,15,65,25,3,5,7,11,1,8,HR,Executive,Bachelor,Female,Single,Day,Office,Hands-off,0,0,0,0,0,0,0
3341,52,7,58533.0,11,30,32.0,8,70,30,3,2,5,19,8,1,Operations,Manager,High School,Male,Single,Flexible,Hybrid,Supportive,1,0,1,0,0,0,0
3342,48,20,111099.0,11,41,69.0,4,62,22,5,1,5,6,1,15,Operations,Executive,Bachelor,Female,Single,Night,Remote,Balanced,1,0,1,1,1,0,0
3343,45,11,79407.0,14,57,74.0,6,47,7,3,5,5,9,3,8,HR,Engineer,Master,Female,Divorced,Night,Office,Balanced,1,1,0,0,0,0,0
3344,40,20,,17,36,52.0,4,48,8,5,5,1,9,9,0,Marketing,Manager,Bachelor,Male,Married,Day,Office,Supportive,0,1,0,1,0,0,0
3345,28,0,37154.0,6,21,25.0,1,55,15,2,4,0,18,4,13,Research,Engineer,Bachelor,Male,Single,Day,Office,Balanced,1,0,0,1,0,0,0
3346,37,16,85515.0,13,24,77.0,10,36,0,5,3,4,5,9,4,Engineering,Associate,Bachelor,Female,Single,Day,Hybrid,Hands-off,0,0,0,1,0,0,0
3347,52,20,98250.0,20,4,1.0,8,45,5,2,1,2,6,7,12,Finance,Analyst,Master,Female,Divorced,Day,Hybrid,Balanced,1,0,0,0,0,0,0
3348,24,10,84909.0,11,52,74.0,7,61,21,3,2,0,8,3,3,Sales,Associate,Bachelor,Male,Single,Day,Remote,Balanced,0,0,0,0,0,0,0
3349,56,1,47488.0,15,38,2.0,13,31,0,4,1,2,16,6,9,Engineering,Lead,Master,Female,Divorced,Day,Hybrid,Supportive,0,1,0,1,1,0,0
3350,34,7,43075.0,18,34,3.0,2,36,0,2,1,1,13,7,9,Legal,Executive,Master,Male,Married,Day,Remote,Hands-off,0,1,0,0,0,1,0
3351,42,6,,18,27,69.0,2,42,2,4,2,4,7,4,13,Research,Analyst,Bachelor,Male,Married,Day,Office,Supportive,0,0,0,0,0,0,1
3352,59,17,95821.0,0,18,28.0,9,37,0,1,2,3,14,7,13,Operations,Analyst,Bachelor,Female,Married,Day,Remote,Balanced,1,0,0,1,1,1,0
3353,46,0,41348.0,11,28,30.0,12,42,2,5,3,3,20,4,10,Engineering,Executive,Bachelor,Female,Single,Day,Office,Hands-off,1,0,0,0,0,0,0
3354,38,14,81420.0,18,25,39.0,11,30,0,3,3,2,18,1,4,Marketing,Lead,Bachelor,Male,Divorced,Day,Hybrid,Hands-off,1,0,0,0,0,0,0
3355,56,7,67259.0,16,60,38.0,6,34,0,1,2,4,6,6,13,Sales,Analyst,Bachelor,Male,Married,Flexible,Office,Balanced,0,0,0,0,1,0,0
3356,41,11,79867.0,16,17,39.0,13,60,20,1,1,1,7,5,6,Engineering,Lead,High School,Female,Single,Flexible,Office,Micromanager,1,0,0,1,0,0,0
3357,24,8,60324.0,2,15,49.0,10,37,0,5,5,7,13,6,13,Research,Executive,Master,Female,Divorced,Day,Office,Balanced,0,0,0,1,0,0,0
3358,33,11,75858.0,12,47,20.0,15,52,12,3,5,7,11,1,3,HR,Analyst,Bachelor,Female,Divorced,Day,Office,,1,0,0,0,1,0,0
3359,25,2,68410.0,5,2,61.0,6,48,8,2,4,7,1,3,15,Engineering,Manager,Bachelor,Female,Divorced,Day,Hybrid,Micromanager,1,1,0,0,1,0,0
3360,43,8,84440.0,1,9,16.0,5,43,3,2,3,0,20,2,14,Finance,Engineer,High School,Female,Divorced,Day,Remote,Micromanager,1,1,0,1,0,0,0
3361,35,18,68843.0,17,34,66.0,14,55,15,5,1,4,11,4,11,Sales,Manager,Bachelor,Male,Divorced,Night,Hybrid,Balanced,1,0,0,0,0,1,0
3362,24,20,88425.0,6,8,11.0,3,67,27,2,4,7,5,10,13,,Lead,Bachelor,Male,Divorced,Day,Hybrid,Supportive,1,0,0,1,0,0,0
3363,36,14,78367.0,16,40,12.0,9,67,27,1,4,2,19,10,9,Operations,Associate,Bachelor,Male,Married,Day,Remote,Supportive,0,0,0,1,1,1,0
3364,39,14,86846.0,13,12,12.0,5,41,1,1,2,2,2,1,1,Operations,Analyst,Bachelor,Female,Married,Day,Office,Hands-off,0,0,0,1,1,1,0
3365,51,11,52883.0,19,10,44.0,5,61,21,1,4,1,8,5,6,,Engineer,Master,Male,Married,Day,Office,Hands-off,1,0,0,1,1,0,0
3366,38,18,81667.0,17,51,38.0,5,40,0,4,3,4,1,8,8,HR,Analyst,Master,Male,Married,Day,Remote,Balanced,0,0,0,0,0,0,0
3367,24,11,67739.0,6,33,20.0,15,61,21,5,5,6,0,2,0,Research,Engineer,High School,Female,Single,Day,Remote,Supportive,0,0,0,0,0,0,0
3368,45,12,58930.0,3,33,30.0,1,35,0,1,4,7,12,5,9,Research,Associate,PhD,Male,Divorced,Flexible,Office,Supportive,0,0,1,0,0,0,0
3369,34,13,88457.0,0,51,6.0,10,51,11,2,1,6,12,7,6,Legal,Executive,Bachelor,Male,Divorced,Night,Remote,Hands-off,1,0,0,0,0,1,0
3370,28,7,51647.0,19,17,78.0,11,51,11,1,4,5,0,8,13,Finance,Lead,Bachelor,Male,Married,Day,Hybrid,Micromanager,1,0,0,1,0,1,0
3371,53,17,74558.0,18,21,43.0,2,40,0,3,1,0,2,0,8,Engineering,Manager,Master,Male,Divorced,Night,Remote,Balanced,0,0,0,1,1,1,0
3372,52,8,62666.0,8,44,67.0,3,66,26,5,5,7,0,8,2,Finance,Engineer,Master,Male,Divorced,Day,Office,Balanced,0,0,0,0,0,0,0
3373,57,13,90137.0,7,36,58.0,7,60,20,3,5,5,14,6,13,Sales,Analyst,Bachelor,Female,Single,Day,Office,Supportive,0,0,0,0,0,0,0
3374,38,7,49216.0,9,49,7.0,12,53,13,4,3,2,19,2,13,Finance,Executive,Bachelor,Female,Single,Day,Office,Balanced,1,0,0,0,0,0,0
3375,27,17,101751.0,1,25,5.0,11,69,29,5,1,0,13,2,12,Engineering,Executive,Bachelor,Female,Divorced,Day,Remote,,0,0,0,0,1,0,0
3376,28,4,45545.0,1,21,71.0,12,39,0,2,1,1,19,9,5,Marketing,Lead,Master,Male,Divorced,Day,Remote,Hands-off,1,0,0,0,1,0,0
3377,27,18,86255.0,2,17,25.0,11,38,0,5,5,6,20,4,11,Engineering,Executive,Bachelor,Male,Divorced,Day,Office,Balanced,1,0,0,1,0,0,0
3378,37,10,106467.0,3,17,74.0,8,55,15,5,4,0,7,7,6,,Manager,Master,Male,Married,Day,Hybrid,Hands-off,1,0,0,0,0,0,0
3379,25,11,73678.0,16,54,21.0,8,69,29,2,4,0,9,0,4,Sales,Engineer,High School,Female,Divorced,Day,Hybrid,Micromanager,0,0,1,0,0,1,1
3380,23,4,57765.0,1,42,8.0,12,43,3,1,5,2,14,0,0,Engineering,Associate,High School,Male,Divorced,Day,Hybrid,Supportive,1,0,0,1,0,0,0
3381,31,13,84222.0,11,27,5.0,14,34,0,3,4,1,16,8,7,Engineering,Executive,High School,Female,Single,Day,Office,,1,1,0,0,0,1,1
3382,40,1,36941.0,17,55,27.0,3,49,9,3,3,5,10,5,1,Sales,Lead,Bachelor,Male,Single,Flexible,Office,Balanced,1,0,0,1,0,1,0
3383,35,19,108180.0,0,57,30.0,10,39,0,3,5,1,20,0,0,Research,Engineer,Bachelor,Female,Married,Day,Office,Supportive,0,0,0,0,0,1,0
3384,33,9,70368.0,16,31,21.0,9,61,21,4,2,6,0,3,15,Sales,Manager,Bachelor,Male,Married,Day,Hybrid,Supportive,0,0,0,1,1,1,0
3385,42,20,101738.0,5,25,43.0,15,54,14,5,3,3,15,8,12,Operations,Associate,Bachelor,Male,Single,Day,Hybrid,Hands-off,0,0,0,0,1,1,0
3386,47,5,53698.0,9,23,48.0,13,31,0,5,4,4,7,3,2,Engineering,Executive,Master,Female,Divorced,Night,Office,Hands-off,1,0,0,0,1,0,0
3387,39,12,68751.0,4,39,51.0,15,32,0,4,5,7,19,5,14,Operations,Analyst,Bachelor,Male,Married,Day,Hybrid,Supportive,0,1,0,1,1,0,0
3388,41,18,397035.0,4,56,30.0,11,55,15,1,5,7,4,3,2,Research,Executive,High School,Male,Married,Night,Hybrid,Micromanager,0,0,0,0,0,0,0
3389,55,6,48669.0,4,7,80.0,3,54,14,4,3,6,11,7,3,Marketing,Lead,Master,Female,Divorced,Day,Hybrid,Micromanager,0,0,0,1,0,0,0
3390,56,1,45106.0,20,33,,13,36,0,3,4,1,14,7,13,Engineering,Analyst,Bachelor,Male,Married,Day,Office,Supportive,1,0,0,1,0,1,0
3391,32,0,41424.0,14,30,1.0,4,46,6,1,4,6,10,3,3,Finance,Executive,Master,Female,Married,Flexible,Office,Supportive,1,0,0,0,1,0,0
3392,35,11,287135.0,20,48,79.0,7,61,21,2,4,1,8,2,10,,Associate,Bachelor,Female,Married,Day,Hybrid,Supportive,0,0,0,0,0,0,0
3393,35,10,89049.0,2,8,75.0,14,57,17,3,5,5,9,9,1,HR,Lead,High School,Male,Married,Flexible,Hybrid,Supportive,1,0,0,0,0,1,0
3394,49,12,77896.0,18,25,45.0,10,40,0,3,5,2,18,0,1,Engineering,Lead,High School,Male,Married,Day,Hybrid,Supportive,1,0,0,0,0,0,0
3395,55,7,64042.0,12,35,49.0,7,51,11,4,2,0,2,2,15,Sales,Associate,Master,Male,Married,Day,Office,Supportive,1,0,0,1,1,0,0
3396,22,11,85437.0,13,47,53.0,14,64,24,4,1,2,8,6,15,Sales,Executive,Bachelor,Female,Single,Night,Office,Supportive,0,0,0,1,0,0,0
3397,21,19,80804.0,8,38,29.0,14,38,0,5,3,3,11,2,8,Marketing,Analyst,Bachelor,Female,Single,Day,Hybrid,Micromanager,1,0,0,0,0,0,0
3398,54,4,36788.0,13,23,78.0,2,67,27,1,4,7,10,4,4,Finance,Executive,Bachelor,Male,Single,Day,Remote,Supportive,1,0,0,0,0,0,0
3399,35,1,47898.0,0,15,53.0,7,44,4,4,4,6,3,10,11,Research,Associate,Bachelor,Male,Married,Day,Office,Micromanager,0,0,0,0,0,0,0
3400,47,17,71853.0,12,44,30.0,5,32,0,5,1,4,14,5,10,Research,Lead,Master,Male,Divorced,Day,Office,Hands-off,1,0,0,1,0,0,0
3401,38,10,73712.0,12,32,57.0,12,39,0,3,5,2,2,4,3,Finance,Engineer,Bachelor,Male,Single,Night,Office,Balanced,1,0,0,0,0,0,0
3402,24,14,93245.0,6,30,42.0,5,62,22,4,4,0,16,0,8,Marketing,Engineer,High School,Female,Married,Day,Hybrid,Micromanager,0,0,0,0,0,0,0
3403,42,15,99898.0,6,24,20.0,8,47,7,4,1,2,18,10,13,Engineering,Associate,Master,Female,Divorced,Day,Office,Micromanager,0,0,1,1,0,1,0
3404,35,14,74790.0,16,20,48.0,1,41,1,3,2,0,15,8,12,Research,Analyst,Master,Female,Married,Day,Hybrid,Supportive,1,0,0,1,0,0,0
3405,25,1,36782.0,10,5,41.0,15,31,0,3,3,7,17,2,9,Research,Analyst,Master,Male,Single,Night,Office,Micromanager,0,0,0,1,0,0,0
3406,34,12,84503.0,11,19,11.0,12,60,20,2,1,6,8,7,7,Operations,Associate,Bachelor,Female,Married,Day,Office,Balanced,1,0,0,1,1,0,0
3407,42,10,68515.0,4,22,61.0,1,68,28,2,5,5,20,2,9,Research,Engineer,Bachelor,Male,Married,Day,Hybrid,Supportive,0,0,0,1,0,0,1
3408,29,19,93048.0,12,54,57.0,4,56,16,1,5,2,6,1,12,Marketing,Engineer,Bachelor,Other,Single,Flexible,Office,Balanced,0,0,0,0,0,0,0
3409,41,11,98315.0,8,54,20.0,8,60,20,2,1,5,6,5,3,Engineering,Executive,Master,Male,Divorced,Day,Hybrid,Supportive,0,0,0,0,1,0,1
3410,34,9,65306.0,8,44,10.0,4,58,18,3,5,3,10,7,7,Sales,Analyst,Master,Male,Single,Day,Office,Balanced,0,0,0,1,1,0,1
3411,57,9,75478.0,14,54,12.0,2,31,0,2,3,7,1,8,9,Sales,Associate,Bachelor,Male,Single,Day,Hybrid,,1,0,0,0,0,0,0
3412,40,17,95717.0,4,27,38.0,7,55,15,5,3,7,20,3,5,HR,Analyst,Bachelor,Female,Married,Day,Remote,Hands-off,0,0,0,1,0,0,0
3413,45,12,58088.0,12,7,69.0,6,43,3,5,2,7,6,4,13,Engineering,Engineer,High School,Male,Divorced,Day,Remote,Micromanager,0,0,0,1,0,0,0
3414,36,19,83876.0,20,47,,1,48,8,3,5,4,14,7,4,,Associate,Bachelor,Female,Single,Flexible,Office,Balanced,1,1,1,0,1,0,0
3415,38,6,63722.0,0,8,19.0,6,30,0,1,1,1,17,4,14,Operations,Manager,Bachelor,Female,Single,Day,Hybrid,Balanced,0,0,0,0,0,0,0
3416,27,18,73607.0,2,18,26.0,1,61,21,3,4,5,3,10,3,Marketing,Engineer,Bachelor,Male,Divorced,Day,Office,Micromanager,0,0,1,0,1,0,1
3417,31,19,99310.0,16,4,30.0,13,59,19,5,5,4,19,8,4,Operations,Associate,High School,Female,Married,Day,Hybrid,Hands-off,1,0,0,1,0,1,0
3418,26,0,53540.0,3,42,34.0,3,69,29,2,4,4,1,4,3,Marketing,Lead,Master,Male,Single,Day,Office,Supportive,0,0,0,0,1,0,0
3419,38,14,65005.0,4,16,79.0,11,37,0,3,5,3,15,6,11,Engineering,Engineer,PhD,Female,Single,Day,Office,Hands-off,1,0,0,1,1,0,0
3420,41,17,97313.0,17,4,49.0,4,49,9,4,5,2,17,0,4,Sales,Executive,High School,Female,Married,Day,Hybrid,Supportive,1,0,0,1,0,1,0
3421,22,18,93011.0,19,49,57.0,5,31,0,1,2,5,11,6,13,Sales,Executive,Bachelor,Female,Divorced,Night,Office,Supportive,1,0,0,0,0,0,1
3422,22,7,71452.0,8,44,50.0,15,33,0,2,5,1,7,10,4,Research,Associate,Master,Female,Single,Flexible,Hybrid,Balanced,0,1,0,1,0,0,0
3423,44,3,53357.0,7,58,13.0,5,47,7,1,4,3,17,4,10,Sales,Manager,Master,Female,Married,Day,Office,Hands-off,0,0,0,1,1,0,0
3424,22,7,82954.0,10,25,25.0,12,32,0,5,5,3,0,10,2,Engineering,Lead,Bachelor,Female,Married,Night,Office,Micromanager,0,0,0,0,0,1,0
3425,47,4,50966.0,16,3,68.0,8,37,0,1,2,6,7,0,4,Finance,Manager,Bachelor,Male,Single,Flexible,Office,Hands-off,1,0,0,0,0,0,0
3426,26,6,70054.0,18,15,33.0,14,41,1,5,2,0,5,1,4,Sales,Analyst,Master,Female,Divorced,Day,Office,Hands-off,0,0,0,1,1,0,0
3427,24,13,71490.0,11,26,62.0,10,54,14,1,1,5,15,8,7,Sales,Manager,Master,Male,Divorced,Day,Remote,Balanced,0,0,0,0,0,1,0
3428,37,14,97748.0,15,13,42.0,3,52,12,1,5,4,6,7,13,Marketing,Manager,Bachelor,Female,Single,Day,Office,Balanced,1,0,0,1,0,1,0
3429,53,12,89072.0,10,47,39.0,11,46,6,2,2,0,6,9,6,Marketing,Associate,High School,Male,Married,Day,Hybrid,Hands-off,0,0,0,0,0,1,0
3430,41,10,72848.0,11,50,49.0,12,63,23,3,4,6,20,6,0,HR,Executive,Bachelor,Male,Married,Flexible,Hybrid,Supportive,1,0,0,0,1,0,0
3431,46,6,85890.0,15,35,24.0,14,66,26,1,3,4,9,1,12,Marketing,Engineer,Master,Female,Single,Day,Office,Supportive,0,0,0,0,1,1,0
3432,46,0,51941.0,4,56,25.0,4,40,0,1,5,3,1,2,12,Sales,Executive,PhD,Male,Married,Day,Hybrid,Balanced,0,0,0,1,0,0,0
3433,23,6,,6,1,35.0,6,32,0,5,2,2,12,3,13,Sales,Lead,Bachelor,Female,Single,Day,Remote,,0,0,0,1,0,0,0
3434,47,10,79945.0,20,30,0.0,13,37,0,4,3,6,5,8,1,Operations,Lead,Bachelor,Female,Single,Day,Office,Balanced,0,0,0,0,0,0,0
3435,24,19,63769.0,11,13,37.0,10,43,3,4,1,7,8,4,10,Legal,Executive,High School,Female,Single,Night,Office,Hands-off,0,0,0,0,0,0,0
3436,42,17,85296.0,16,1,11.0,7,37,0,1,4,0,6,10,12,Sales,Executive,Master,Male,Divorced,Day,Remote,Micromanager,1,0,0,1,0,0,1
3437,49,15,69064.0,7,45,72.0,5,60,20,2,3,7,16,10,1,Marketing,Analyst,Bachelor,Male,Divorced,Day,Remote,Hands-off,0,0,0,1,0,0,0
3438,47,13,83629.0,13,46,80.0,14,33,0,2,4,2,6,3,6,Legal,Manager,Bachelor,Male,Divorced,Day,Office,Balanced,0,0,0,0,1,0,0
3439,32,7,69447.0,18,51,43.0,2,64,24,3,1,7,8,7,1,Finance,Associate,Bachelor,Female,Married,Night,Remote,Supportive,0,0,0,0,0,0,0
3440,53,13,72879.0,12,48,60.0,15,66,26,3,4,3,7,8,14,Engineering,Lead,Bachelor,Male,Married,Day,Hybrid,Micromanager,1,0,0,0,0,1,0
3441,57,20,79885.0,1,26,67.0,9,69,29,5,2,2,17,5,3,Sales,Analyst,Master,Male,Divorced,Day,Hybrid,Balanced,0,0,0,0,0,1,0
3442,55,12,70351.0,13,36,3.0,13,30,0,3,3,3,1,6,2,Engineering,Lead,Bachelor,Male,Divorced,Night,Office,Supportive,0,0,0,1,1,0,0
3443,38,18,95307.0,18,4,36.0,12,60,20,5,5,3,17,5,11,Finance,Associate,Bachelor,Female,Married,Day,Office,Hands-off,1,0,0,1,0,1,0
3444,36,11,62330.0,3,4,11.0,11,43,3,5,5,1,11,4,14,Engineering,Analyst,Bachelor,Male,Single,Day,Remote,Micromanager,0,0,0,0,0,1,0
3445,31,6,83274.0,18,45,7.0,3,61,21,2,5,2,20,1,14,HR,Analyst,High School,Male,Divorced,Day,Hybrid,Balanced,1,0,0,1,0,0,0
3446,45,7,50261.0,14,46,2.0,15,61,21,5,2,0,6,10,13,HR,Executive,Bachelor,Other,Married,Day,Hybrid,Balanced,0,0,0,1,0,1,0
3447,25,7,55370.0,18,40,5.0,7,44,4,3,3,3,5,6,2,Finance,Manager,Bachelor,Male,Divorced,Day,Office,Balanced,0,0,0,1,0,0,0
3448,35,17,83093.0,6,22,34.0,6,56,16,2,5,2,14,9,6,Finance,Manager,Master,Female,Divorced,Day,Office,Balanced,1,0,0,1,1,0,1
3449,42,0,36557.0,5,28,75.0,13,52,12,3,4,1,15,9,0,Engineering,Associate,Master,Female,Single,Day,Office,Hands-off,1,1,0,1,0,0,0
3450,22,19,506605.0,19,56,46.0,7,61,21,3,2,0,11,1,2,Operations,Executive,Master,Male,Single,Day,Office,Balanced,0,0,0,0,0,1,0
3451,47,6,68189.0,10,52,68.0,14,66,26,5,1,7,1,4,12,Engineering,Associate,High School,Female,Married,Flexible,Office,Supportive,1,0,0,1,1,0,0
3452,49,10,85240.0,0,24,,9,64,24,5,5,4,9,10,7,Sales,Manager,High School,Male,Single,Day,Office,Micromanager,0,0,0,0,0,1,0
3453,36,0,48405.0,6,32,73.0,5,49,9,3,3,6,17,10,3,Finance,Associate,PhD,Female,Married,Night,Office,Balanced,0,0,0,1,0,0,0
3454,29,19,99108.0,0,7,33.0,14,39,0,3,1,7,5,8,11,Marketing,Analyst,Bachelor,Female,Divorced,Day,Office,Hands-off,1,0,0,1,1,0,0
3455,53,2,57594.0,4,44,24.0,6,45,5,5,1,1,13,6,3,Finance,Associate,Master,Female,Married,Flexible,Remote,Supportive,0,0,0,1,1,0,0
3456,25,7,55920.0,15,6,37.0,7,47,7,1,3,0,20,0,9,Sales,Executive,Master,Female,Single,Day,Remote,Hands-off,0,0,0,0,1,0,0
3457,41,1,53033.0,4,54,16.0,4,44,4,4,4,0,11,0,10,Operations,Engineer,Master,Male,Single,Flexible,Office,Micromanager,0,0,0,0,0,1,1
3458,27,13,79917.0,8,37,49.0,13,38,0,5,1,3,10,2,3,Finance,Executive,Bachelor,Female,Married,Day,Hybrid,Balanced,0,0,0,1,0,0,0
3459,55,3,,11,39,43.0,4,59,19,1,4,0,13,4,14,Sales,Engineer,Bachelor,Male,Married,Day,Hybrid,Hands-off,0,0,0,0,0,0,0
3460,48,11,95557.0,14,60,16.0,6,40,0,5,2,4,19,8,3,Research,Manager,Bachelor,Male,Divorced,Night,Hybrid,Supportive,0,0,0,1,1,0,0
3461,22,0,26131.0,0,2,62.0,12,45,5,4,3,7,8,2,11,Sales,Executive,PhD,Male,Married,Day,Remote,Micromanager,1,0,0,0,0,0,0
3462,47,7,62877.0,20,15,71.0,3,33,0,1,1,2,7,0,0,Marketing,Executive,Master,Female,Divorced,Day,Hybrid,Micromanager,0,0,0,1,0,0,0
3463,45,20,89658.0,14,31,17.0,14,36,0,3,5,0,15,3,8,Finance,Executive,Bachelor,Male,Single,Day,Office,Hands-off,0,0,0,0,0,0,0
3464,51,18,85418.0,10,34,61.0,8,45,5,4,4,6,1,6,3,Operations,Lead,Master,Male,Divorced,Night,Hybrid,Supportive,0,0,0,0,0,0,0
3465,37,14,75701.0,6,27,21.0,4,56,16,3,5,7,20,2,8,,Executive,Master,Male,Single,Day,Hybrid,Hands-off,0,0,0,0,0,1,0
3466,47,13,70367.0,3,46,7.0,11,48,8,4,3,4,4,2,0,,Executive,PhD,Female,Divorced,Night,Office,Micromanager,1,0,0,0,0,0,0
3467,22,0,34953.0,16,60,49.0,10,32,0,4,5,6,1,6,7,Legal,Associate,Bachelor,Male,Married,Day,Office,Balanced,0,0,0,0,1,1,0
3468,47,19,102941.0,6,44,53.0,3,59,19,3,5,1,3,10,5,Finance,Engineer,Bachelor,Male,Divorced,Flexible,Hybrid,Supportive,0,0,0,1,0,1,0
3469,55,4,52939.0,2,32,21.0,15,57,17,2,5,4,10,10,10,Sales,Lead,Bachelor,Female,Divorced,Day,Remote,Hands-off,1,0,0,0,0,0,0
3470,22,11,65024.0,18,8,40.0,12,60,20,5,4,6,18,2,8,Finance,Executive,Master,Female,Married,Day,Office,Micromanager,0,0,0,0,0,0,0
3471,60,10,70072.0,12,47,80.0,9,31,0,2,5,0,18,9,13,Marketing,Engineer,Master,Male,Married,Day,Hybrid,,0,0,0,0,0,0,0
3472,50,3,61769.0,9,36,15.0,3,51,11,3,5,5,1,7,10,Legal,Lead,Bachelor,Female,Divorced,Night,Office,,0,0,0,0,1,1,0
3473,22,18,104987.0,4,37,56.0,6,63,23,3,1,6,9,5,14,Engineering,Associate,Master,Male,Divorced,Flexible,Office,Hands-off,0,0,0,0,0,1,0
3474,38,0,57165.0,7,1,23.0,9,51,11,1,1,3,0,2,14,Legal,Lead,Bachelor,Female,Single,Day,Office,Balanced,1,0,0,1,0,0,0
3475,31,5,42028.0,15,49,46.0,13,69,29,2,1,7,16,3,13,Engineering,Engineer,High School,Female,Divorced,Flexible,Office,Micromanager,1,1,0,1,0,0,0
3476,55,20,98662.0,14,37,24.0,5,43,3,5,3,2,6,7,3,Marketing,Lead,High School,Male,Single,Day,Office,Micromanager,0,0,0,0,1,0,0
3477,38,16,94561.0,20,31,50.0,9,40,0,2,1,3,4,10,3,Marketing,Associate,Bachelor,Male,Divorced,Day,Office,Micromanager,0,0,0,0,0,0,0
3478,21,5,58704.0,7,38,19.0,12,34,0,5,3,1,13,0,1,HR,Engineer,Bachelor,Female,Married,Day,Office,Balanced,1,0,0,1,0,0,0
3479,43,12,63455.0,13,12,42.0,15,59,19,4,1,6,20,9,1,Research,Analyst,Bachelor,Male,Divorced,Day,Office,Balanced,1,0,0,0,0,1,0
3480,43,3,61784.0,7,42,24.0,6,52,12,3,4,4,12,4,12,Marketing,Manager,Bachelor,Female,Single,Flexible,Remote,Balanced,1,0,0,0,1,1,0
3481,50,7,59392.0,12,17,34.0,15,41,1,3,2,7,18,2,9,Engineering,Engineer,Master,Male,Divorced,Day,Office,Micromanager,0,0,0,0,0,0,0
3482,52,11,86141.0,4,2,69.0,11,64,24,2,3,5,7,6,0,Engineering,Associate,Master,Female,Divorced,Day,Office,Hands-off,1,0,0,0,0,0,0
3483,31,16,99639.0,11,54,73.0,5,67,27,1,5,6,13,2,8,Operations,Lead,Bachelor,Female,Single,Day,Hybrid,Balanced,1,0,0,1,0,1,0
3484,28,13,,11,19,27.0,5,41,1,5,1,4,6,6,8,Legal,Associate,Bachelor,Female,Married,Day,Office,Micromanager,1,0,1,0,0,0,0
3485,40,1,110765.0,14,16,22.0,2,49,9,3,2,1,1,7,5,Operations,Manager,High School,Female,Single,Day,Hybrid,Supportive,1,0,0,0,0,1,0
3486,47,13,75740.0,10,29,77.0,9,36,0,4,5,0,7,0,14,Marketing,Analyst,High School,Male,Single,Day,Remote,Supportive,0,0,0,0,1,0,0
3487,45,2,41922.0,3,2,5.0,9,64,24,2,5,4,19,8,12,Research,Analyst,Bachelor,Female,Divorced,Day,Office,Balanced,1,0,0,1,0,0,0
3488,52,13,80178.0,17,55,26.0,2,33,0,5,3,0,2,6,14,Engineering,Associate,Bachelor,Female,Single,Flexible,Office,Supportive,1,0,0,0,1,0,0
3489,55,6,60446.0,8,3,60.0,5,61,21,5,2,5,20,1,11,Finance,Associate,Bachelor,Male,Married,Day,Office,Balanced,1,0,0,0,1,0,0
3490,42,15,82795.0,16,27,16.0,1,49,9,2,4,6,10,1,12,Sales,Manager,Master,Female,Divorced,Day,Hybrid,Supportive,1,0,0,0,0,0,0
3491,42,20,95558.0,15,46,65.0,7,63,23,4,5,2,8,5,5,Sales,Lead,Master,Female,Married,Day,Office,Supportive,0,0,0,0,1,0,0
3492,46,8,59332.0,20,48,52.0,7,42,2,4,3,4,14,2,8,HR,Manager,Bachelor,Female,Married,Day,Office,Micromanager,0,0,1,0,0,0,0
3493,24,19,97861.0,12,35,,4,36,0,4,4,6,13,5,0,Research,Analyst,Bachelor,Male,Divorced,Day,Hybrid,Micromanager,1,0,0,0,1,0,0
3494,35,0,39338.0,9,59,49.0,5,68,28,2,1,0,4,10,12,Finance,Engineer,Master,Female,Divorced,Night,Hybrid,,1,0,0,1,0,0,0
3495,33,8,62896.0,7,20,,8,49,9,5,3,3,9,8,4,Engineering,Manager,Bachelor,Male,Married,Night,Hybrid,Supportive,0,0,0,0,1,0,0
3496,48,9,67594.0,16,50,73.0,2,39,0,5,2,0,15,5,6,Finance,Manager,Master,Female,Single,Flexible,Remote,Supportive,1,0,0,0,0,1,1
3497,30,0,62365.0,18,5,22.0,6,32,0,2,2,2,9,2,2,Engineering,Lead,Bachelor,Male,Married,Day,Remote,Balanced,0,0,0,0,1,0,0
3498,35,4,61290.0,10,30,34.0,10,66,26,4,1,1,10,1,1,Engineering,Lead,Bachelor,Female,Single,Day,Hybrid,Hands-off,1,0,0,0,0,0,0
3499,60,12,59600.0,10,35,52.0,10,32,0,3,3,6,5,10,11,Engineering,Manager,High School,Female,Married,Day,Office,Supportive,0,0,1,0,1,1,1
3500,48,9,52956.0,5,28,12.0,9,57,17,5,1,6,4,4,2,Finance,Engineer,Bachelor,Female,Divorced,Night,Office,Balanced,1,0,0,0,0,0,0
3501,28,14,76315.0,20,17,38.0,11,68,28,5,4,5,11,2,0,Research,Associate,Master,Female,Divorced,Day,Office,Hands-off,1,0,0,0,0,0,0
3502,33,20,94981.0,5,4,42.0,9,49,9,1,1,4,8,8,11,Research,Manager,Bachelor,Male,Divorced,Night,Hybrid,Balanced,0,1,0,0,0,1,0
3503,39,2,231915.0,10,27,27.0,4,70,30,5,2,4,6,3,4,Engineering,Analyst,Bachelor,Male,Married,Day,Office,Balanced,0,0,0,1,0,0,0
3504,30,5,48435.0,5,56,26.0,11,49,9,5,5,5,0,3,2,Operations,Lead,Bachelor,Male,Single,Day,Hybrid,Supportive,0,0,0,0,0,0,0
3505,44,7,63887.0,15,46,64.0,5,63,23,1,2,3,2,1,5,Engineering,Lead,Master,Female,Divorced,Day,Office,Supportive,1,1,0,0,1,0,0
3506,39,20,76805.0,2,7,8.0,4,52,12,3,3,0,3,8,9,Finance,Engineer,Master,Female,Married,Night,Office,Supportive,1,0,0,1,0,0,0
3507,60,7,73118.0,8,56,67.0,13,62,22,4,2,4,10,4,12,Operations,Engineer,Bachelor,Female,Single,Day,Office,Micromanager,1,0,0,1,1,0,0
3508,58,0,29953.0,2,10,27.0,4,33,0,4,2,6,12,0,4,Sales,Executive,Bachelor,Male,Single,Day,Office,Supportive,1,0,0,0,0,1,0
3509,26,9,58197.0,11,55,51.0,9,49,9,3,1,3,13,2,11,Sales,Lead,PhD,Female,Single,Day,Office,Balanced,1,0,0,0,0,0,1
3510,27,17,91052.0,16,40,74.0,11,42,2,1,4,0,2,7,9,Legal,Associate,Bachelor,Male,Married,Flexible,Remote,Balanced,1,0,1,1,0,0,0
3511,50,0,28125.0,13,5,60.0,10,47,7,5,3,6,17,3,1,Engineering,Executive,Master,Female,Married,Day,Remote,Balanced,0,0,0,1,0,1,0
3512,58,17,72643.0,1,1,72.0,4,33,0,5,2,3,12,0,11,Engineering,Engineer,High School,Male,Single,Day,Office,Micromanager,1,0,0,1,0,1,0
3513,56,10,71097.0,15,2,0.0,6,69,29,4,1,0,14,0,2,Operations,Analyst,Master,Female,Divorced,Night,Remote,Micromanager,0,0,0,0,1,1,0
3514,54,1,44400.0,3,22,18.0,13,64,24,2,4,6,5,7,15,Research,Executive,Bachelor,Male,Divorced,Night,Hybrid,Balanced,0,0,0,1,0,0,0
3515,27,4,,8,1,51.0,11,58,18,3,3,6,3,1,14,Operations,Lead,Bachelor,Male,Single,Day,Hybrid,,1,0,0,1,1,0,0
3516,42,17,104209.0,9,24,23.0,5,63,23,5,2,5,13,6,15,Sales,Executive,Master,Other,Single,Day,Hybrid,Micromanager,1,0,0,1,1,0,0
3517,33,15,92942.0,0,2,75.0,6,31,0,5,2,0,16,5,0,Legal,Executive,Bachelor,Male,Divorced,Day,Remote,Balanced,0,0,0,0,0,0,0
3518,60,20,108694.0,7,30,60.0,4,30,0,4,5,0,16,4,12,Sales,Associate,Master,Male,Single,Day,Office,Micromanager,1,0,0,1,0,0,0
3519,38,19,95651.0,4,24,65.0,3,63,23,2,2,3,11,1,14,Research,Engineer,Bachelor,Male,Divorced,Night,Office,Hands-off,0,0,0,1,0,0,0
3520,44,2,51900.0,6,13,56.0,8,67,27,5,1,3,17,7,3,Operations,Lead,Bachelor,Female,Married,Day,Hybrid,Balanced,0,1,1,1,0,0,0
3521,55,10,50974.0,1,41,32.0,4,39,0,4,5,2,2,6,10,Engineering,Engineer,Bachelor,Female,Single,Night,Hybrid,Balanced,0,0,0,1,0,1,0
3522,52,3,65949.0,10,36,4.0,12,48,8,5,3,2,9,2,7,Engineering,Executive,Bachelor,Male,Divorced,Day,Hybrid,Balanced,1,0,0,1,1,0,0
3523,37,19,91927.0,14,58,18.0,4,44,4,3,5,6,0,2,12,Finance,Analyst,PhD,Female,Married,Day,Remote,Balanced,0,0,0,0,1,1,0
3524,24,4,44821.0,16,20,39.0,13,54,14,2,5,7,7,7,9,Finance,Analyst,Bachelor,Male,Divorced,Night,Office,Hands-off,0,1,0,1,0,0,0
3525,26,2,51139.0,8,16,74.0,5,52,12,2,5,3,16,3,1,Sales,Associate,Bachelor,Female,Single,Day,Office,Micromanager,1,0,0,0,0,0,0
3526,30,10,79621.0,6,19,26.0,8,63,23,4,4,5,4,9,14,Finance,Executive,Master,Female,Single,Night,Remote,Supportive,0,1,0,1,1,1,0
3527,31,15,86841.0,0,45,6.0,14,70,30,4,2,0,7,8,10,Sales,Executive,Bachelor,Female,Divorced,Night,Office,Micromanager,0,0,0,1,0,0,0
3528,24,8,73198.0,0,57,44.0,6,61,21,3,2,3,14,4,9,HR,Engineer,Master,Male,Single,Day,Office,Hands-off,1,1,0,1,1,0,0
3529,47,6,64774.0,10,9,10.0,7,66,26,5,5,5,4,1,12,Sales,Executive,Bachelor,Female,Single,Day,Hybrid,Balanced,1,0,0,1,1,0,0
3530,22,15,77423.0,5,56,72.0,8,43,3,5,3,7,1,6,2,Engineering,Analyst,Master,Female,Married,Night,Remote,Supportive,0,0,0,0,0,0,0
3531,23,18,,13,58,78.0,12,41,1,1,4,2,19,4,4,Sales,Lead,Bachelor,Female,Married,Day,Hybrid,Micromanager,1,1,0,0,1,0,0
3532,38,6,,6,14,62.0,15,65,25,4,1,0,4,7,2,Engineering,Executive,PhD,Female,Divorced,Day,Office,Micromanager,1,0,0,0,1,0,0
3533,55,6,71651.0,7,25,21.0,2,69,29,2,2,0,17,6,11,Research,Manager,High School,Female,Divorced,Day,Office,Micromanager,0,0,0,1,0,1,1
3534,36,13,70198.0,6,38,20.0,8,55,15,4,2,0,11,3,12,Engineering,Analyst,PhD,Male,Married,Day,Remote,Supportive,1,0,0,1,1,0,0
3535,45,19,65254.0,9,38,16.0,6,68,28,1,3,3,7,7,12,HR,Analyst,Bachelor,Male,Single,Day,Office,Micromanager,1,0,0,0,1,0,0
3536,29,12,,19,46,73.0,1,41,1,4,4,4,8,8,8,HR,Manager,Bachelor,Male,Single,Day,Hybrid,Balanced,0,1,0,1,1,0,0
3537,32,5,54996.0,19,57,66.0,14,30,0,1,2,3,12,1,9,Engineering,Engineer,Master,Male,Married,Day,Remote,Balanced,0,0,0,0,0,0,0
3538,48,6,61844.0,5,36,31.0,13,55,15,2,3,7,17,5,0,Engineering,Analyst,Master,Female,Married,Day,Hybrid,Supportive,1,0,0,1,1,0,0
3539,45,14,95301.0,12,10,9.0,8,56,16,1,1,6,20,2,0,Engineering,Executive,Bachelor,Male,Married,Night,Office,Balanced,1,0,0,1,0,1,0
3540,59,7,70301.0,17,57,4.0,6,42,2,4,2,6,8,2,5,Engineering,Analyst,High School,Female,Single,Day,Hybrid,Balanced,1,0,0,0,1,1,0
3541,27,0,,1,57,,5,44,4,1,4,6,7,9,14,HR,Engineer,Bachelor,Female,Single,Day,Office,Hands-off,1,1,1,0,0,0,0
3542,38,8,79059.0,4,11,,6,62,22,4,5,6,19,1,0,,Analyst,Master,Male,Divorced,Night,Remote,,1,0,0,0,0,0,0
3543,51,12,85240.0,2,13,20.0,13,49,9,1,4,3,5,1,3,Sales,Executive,High School,Female,Divorced,Day,Office,Balanced,0,0,0,1,0,1,0
3544,49,3,48020.0,6,22,24.0,11,32,0,5,4,2,0,8,15,Marketing,Manager,Bachelor,Female,Divorced,Day,Office,Supportive,0,0,0,1,0,0,0
3545,44,12,79433.0,13,10,3.0,15,45,5,1,5,4,7,10,15,Finance,Analyst,Bachelor,Female,Divorced,Day,Office,Balanced,1,0,1,0,0,0,0
3546,43,8,67947.0,9,13,41.0,4,48,8,4,2,2,17,0,3,Engineering,Manager,Bachelor,Male,Divorced,Night,Office,Hands-off,1,0,0,0,0,0,0
3547,57,15,101213.0,12,10,80.0,8,43,3,5,3,7,13,9,14,Research,Lead,Bachelor,Male,Single,Day,Hybrid,Balanced,0,0,1,0,0,1,0
3548,53,4,50571.0,1,26,78.0,5,46,6,4,4,7,7,6,0,Operations,Manager,Master,Female,Married,Flexible,Office,Hands-off,1,0,0,1,0,1,0
3549,60,14,,10,39,74.0,11,51,11,1,1,7,6,1,11,Legal,Lead,Bachelor,Female,Single,Day,Hybrid,Balanced,0,0,0,0,0,0,0
3550,26,15,87540.0,11,60,41.0,12,58,18,3,5,7,19,10,0,Sales,Executive,Bachelor,Male,Single,Day,Office,Balanced,0,1,0,0,0,1,0
3551,38,20,85619.0,0,13,71.0,12,70,30,2,2,2,9,3,2,Engineering,Engineer,Master,Female,Married,Day,Hybrid,Supportive,1,0,0,0,0,0,0
3552,60,2,,0,57,70.0,6,40,0,4,2,2,0,10,8,Finance,Engineer,High School,Female,Single,Night,Office,Micromanager,0,0,0,0,0,0,0
3553,35,0,51138.0,16,40,40.0,4,34,0,2,4,4,1,9,1,Operations,Associate,Master,Female,Married,Flexible,Office,Supportive,1,0,0,0,0,0,0
3554,59,19,83806.0,1,56,48.0,4,49,9,1,2,3,8,6,1,Engineering,Lead,Master,Female,Single,Flexible,Office,Balanced,1,0,0,0,0,1,0
3555,30,1,64469.0,13,9,6.0,7,36,0,1,4,0,13,7,2,Research,Lead,Bachelor,Male,Divorced,Flexible,Hybrid,Supportive,1,0,0,0,0,0,0
3556,21,7,328775.0,13,23,7.0,3,60,20,2,3,3,5,3,3,Operations,Analyst,Master,Female,Married,Flexible,Office,Balanced,1,0,0,0,0,1,0
3557,35,6,68555.0,8,53,76.0,14,62,22,2,4,4,2,9,2,Operations,Analyst,Bachelor,Male,Single,Day,Hybrid,Hands-off,0,0,0,0,1,1,0
3558,42,19,114853.0,8,36,67.0,2,61,21,1,2,5,3,5,14,Finance,Executive,High School,Male,Divorced,Day,Office,Balanced,1,0,0,0,0,0,0
3559,27,6,48813.0,14,4,80.0,6,47,7,1,2,4,19,3,0,HR,Analyst,Master,Female,Single,Day,Remote,Supportive,0,0,0,1,0,0,0
3560,47,2,53460.0,13,27,52.0,8,65,25,5,2,4,2,7,14,Legal,Associate,Master,Male,Single,Day,Hybrid,Supportive,1,0,0,0,0,1,0
3561,42,7,61507.0,12,9,5.0,1,58,18,3,5,0,16,1,2,Research,Associate,Bachelor,Female,Divorced,Day,Office,Micromanager,1,0,0,0,1,0,0
3562,35,13,76031.0,17,10,4.0,6,50,10,4,1,4,11,8,10,Legal,Associate,Master,Male,Divorced,Day,Office,Micromanager,1,0,0,1,0,1,1
3563,53,16,81919.0,10,30,77.0,13,66,26,5,3,2,12,8,3,HR,Lead,PhD,Female,Divorced,Day,Hybrid,Hands-off,1,0,0,1,0,0,0
3564,60,7,70159.0,11,23,50.0,3,61,21,1,5,5,20,0,11,HR,Associate,Bachelor,Male,Married,Night,Office,Balanced,1,0,0,0,0,0,0
3565,60,0,25427.0,14,41,22.0,9,66,26,5,5,5,2,2,11,Marketing,Analyst,PhD,Female,Married,Day,Hybrid,Hands-off,1,0,0,0,1,0,0
3566,28,10,61196.0,19,51,32.0,10,61,21,2,3,4,5,2,15,Sales,Lead,Bachelor,Male,Single,Day,Office,Micromanager,1,0,0,1,0,1,0
3567,29,0,48682.0,1,16,45.0,11,33,0,2,4,1,18,10,11,Operations,Associate,High School,Female,Divorced,Day,Office,Balanced,0,0,0,0,0,0,0
3568,28,15,69014.0,12,26,50.0,3,70,30,1,3,5,1,7,15,,Lead,Master,Female,Divorced,Day,Remote,Supportive,1,0,0,0,0,1,0
3569,45,6,86872.0,9,36,48.0,9,51,11,2,3,2,19,2,9,HR,Associate,High School,Male,Single,Night,Hybrid,Hands-off,1,0,0,1,1,1,0
3570,44,9,57368.0,1,23,72.0,15,55,15,2,2,3,16,3,14,Operations,Associate,Bachelor,Female,Single,Day,Remote,Hands-off,0,0,0,1,0,1,0
3571,48,3,60437.0,9,12,60.0,1,37,0,3,3,1,7,9,4,Engineering,Engineer,Master,Male,Married,Day,Office,Balanced,0,0,0,1,1,0,0
3572,40,7,43839.0,9,51,52.0,11,62,22,4,1,7,10,10,10,Operations,Executive,High School,Female,Married,Night,Hybrid,Micromanager,0,0,0,1,1,1,0
3573,21,19,108079.0,2,28,9.0,5,55,15,1,2,1,20,8,8,Finance,Engineer,Bachelor,Male,Single,Day,Hybrid,Balanced,1,0,0,1,0,0,0
3574,37,16,93403.0,6,27,59.0,15,66,26,5,1,7,14,5,15,Engineering,Associate,Bachelor,Female,Single,Day,Office,Balanced,0,0,0,1,0,0,0
3575,34,18,73893.0,15,60,52.0,6,35,0,1,2,2,16,1,7,Engineering,Engineer,Bachelor,Male,Single,Day,Hybrid,Supportive,0,1,0,0,0,0,0
3576,55,8,,7,40,64.0,12,49,9,3,2,6,13,8,10,Finance,Engineer,Master,Male,Married,Day,Remote,Micromanager,1,0,0,1,0,0,0
3577,55,15,85779.0,19,35,60.0,12,63,23,4,2,7,5,5,5,Engineering,Associate,Bachelor,Male,Married,Day,Hybrid,Supportive,0,0,0,1,0,0,0
3578,51,13,71273.0,18,35,29.0,5,30,0,5,1,6,9,3,0,Engineering,Engineer,PhD,Female,Divorced,Day,Office,Balanced,0,0,0,1,1,0,0
3579,32,12,90302.0,13,59,22.0,15,63,23,5,3,3,13,1,6,Finance,Engineer,Bachelor,Male,Married,Flexible,Remote,Supportive,0,0,0,1,0,0,0
3580,45,13,74938.0,19,59,64.0,8,53,13,2,2,4,7,0,1,,Lead,Master,Female,Divorced,Flexible,Office,Supportive,0,0,0,0,0,0,0
3581,33,1,74229.0,3,17,5.0,11,32,0,2,5,2,6,1,12,,Associate,Master,Male,Married,Flexible,Office,Micromanager,1,0,0,0,0,1,0
3582,26,6,46153.0,1,45,18.0,14,60,20,3,3,7,16,8,4,HR,Lead,Bachelor,Male,Single,Day,Hybrid,Hands-off,0,1,0,1,0,1,0
3583,38,9,69363.0,1,30,74.0,1,60,20,5,5,3,5,10,4,Marketing,Lead,Bachelor,Female,Married,Day,Hybrid,Micromanager,1,1,0,0,1,0,0
3584,47,18,84571.0,1,8,37.0,11,51,11,5,3,4,6,5,2,Operations,Lead,Bachelor,Male,Married,Day,Office,Balanced,0,0,1,0,1,0,1
3585,55,10,69059.0,8,14,9.0,10,54,14,5,2,7,5,4,11,Finance,Manager,Bachelor,Female,Single,Day,Office,Supportive,0,0,1,0,1,1,0
3586,31,20,98216.0,6,11,17.0,10,52,12,1,4,6,18,10,10,Sales,Executive,Master,Male,Divorced,Day,Hybrid,Balanced,0,0,0,0,0,0,0
3587,48,11,84734.0,14,37,72.0,1,70,30,5,1,2,2,8,8,,Engineer,Master,Female,Married,Day,Office,,1,0,0,1,0,0,0
3588,48,3,39550.0,14,46,14.0,5,40,0,5,1,3,17,5,8,,Lead,Master,Male,Married,Day,Office,Micromanager,1,0,0,0,0,0,0
3589,27,4,31080.0,20,43,39.0,2,69,29,5,2,7,20,3,12,Sales,Analyst,Bachelor,Male,Divorced,Night,Hybrid,Balanced,1,0,0,1,0,0,1
3590,21,14,77341.0,6,40,44.0,1,65,25,3,5,6,11,0,2,Operations,Engineer,Bachelor,Male,Single,Day,Office,Balanced,0,1,0,0,0,0,1
3591,46,17,80044.0,3,42,29.0,12,32,0,5,4,3,4,9,14,Marketing,Executive,Master,Male,Single,Day,Hybrid,Hands-off,1,0,0,1,0,0,0
3592,59,13,72290.0,0,15,15.0,5,34,0,1,3,2,0,2,14,Sales,Engineer,Master,Male,Single,Flexible,Office,Supportive,1,0,0,0,0,1,0
3593,58,8,,6,60,15.0,9,47,7,2,1,6,15,6,0,Engineering,Analyst,High School,Female,Single,Day,Office,Balanced,1,0,0,0,0,0,0
3594,56,14,77066.0,15,13,53.0,3,55,15,4,2,2,12,9,15,Marketing,Engineer,Bachelor,Female,Single,Flexible,Hybrid,Balanced,1,0,0,1,0,0,0
3595,24,5,62751.0,7,49,26.0,3,35,0,5,5,3,19,7,12,Sales,Manager,Master,Female,Divorced,Day,Office,Balanced,0,0,0,1,1,0,1
3596,43,14,79469.0,5,10,,7,68,28,2,4,4,15,10,10,Engineering,Associate,Bachelor,Male,Divorced,Day,Hybrid,Balanced,0,0,0,0,1,0,0
3597,47,8,56749.0,3,36,52.0,11,47,7,2,4,4,6,0,15,Legal,Analyst,High School,Other,Married,Day,Office,Hands-off,0,1,0,1,0,0,0
3598,37,17,103804.0,19,58,1.0,13,51,11,2,3,6,20,9,10,Operations,Executive,Master,Male,Single,Day,Remote,Balanced,0,0,0,1,0,1,0
3599,59,5,55996.0,2,53,34.0,9,60,20,4,4,1,14,5,5,Engineering,Engineer,High School,Male,Divorced,Day,Remote,Balanced,0,0,0,1,0,0,0
3600,27,4,68701.0,2,52,33.0,12,64,24,5,1,3,15,3,11,Sales,Associate,Bachelor,Female,Single,Day,Office,Balanced,1,0,0,0,0,0,0
3601,48,20,88901.0,18,53,25.0,8,36,0,3,5,1,15,2,12,Finance,Associate,Bachelor,Male,Single,Day,Office,Balanced,0,0,0,0,0,0,1
3602,46,2,47550.0,9,36,32.0,9,30,0,1,1,4,20,1,15,HR,Executive,Bachelor,Female,Single,Day,Remote,Hands-off,1,1,0,1,0,0,0
3603,39,10,58320.0,12,25,31.0,3,46,6,2,3,3,0,6,3,Engineering,Lead,Bachelor,Female,Single,Day,Hybrid,Balanced,0,1,0,0,0,0,0
3604,41,1,,6,11,5.0,12,70,30,3,2,1,14,1,13,Engineering,Engineer,Bachelor,Female,Single,Day,Remote,Balanced,0,0,0,0,0,1,0
3605,38,9,70189.0,11,53,2.0,13,30,0,3,1,3,20,9,14,Finance,Analyst,Bachelor,Male,Single,Night,Hybrid,Hands-off,0,0,0,1,0,0,0
3606,39,20,107729.0,1,10,46.0,15,66,26,5,2,6,1,5,9,HR,Associate,High School,Female,Married,Day,Office,Balanced,0,0,0,0,1,1,0
3607,39,13,70527.0,3,16,76.0,3,65,25,5,3,5,20,1,7,Sales,Associate,Bachelor,Male,Single,Day,Hybrid,Balanced,0,0,0,0,0,0,0
3608,44,6,67803.0,20,8,9.0,5,40,0,4,5,5,4,1,15,,Analyst,Master,Female,Married,Night,Office,Hands-off,0,0,0,0,0,0,1
3609,24,4,80098.0,4,13,10.0,15,58,18,1,5,2,8,8,0,Operations,Executive,Master,Male,Divorced,Day,Hybrid,Hands-off,0,0,0,0,0,0,0
3610,32,7,,1,54,69.0,15,31,0,5,3,0,12,10,14,Research,Executive,Bachelor,Female,Single,Day,Office,Supportive,0,0,1,1,0,0,0
3611,42,5,52160.0,2,56,75.0,10,41,1,2,2,0,7,5,14,Marketing,Manager,Master,Male,Single,Day,Remote,Micromanager,1,0,0,0,0,1,0
3612,34,7,59437.0,20,37,74.0,6,66,26,1,1,4,1,2,5,Research,Engineer,Bachelor,Male,Married,Flexible,Hybrid,Balanced,1,1,0,0,0,0,1
3613,35,15,72916.0,4,16,,11,53,13,3,3,2,1,8,4,Engineering,Associate,Bachelor,Male,Single,Day,Hybrid,Balanced,0,1,0,0,0,0,0
3614,53,19,90671.0,12,5,63.0,2,35,0,4,5,3,11,9,9,HR,Associate,Master,Male,Single,Day,Remote,Hands-off,0,0,0,0,0,1,0
3615,56,5,54233.0,11,47,58.0,7,51,11,5,2,5,12,9,9,Finance,Engineer,Bachelor,Female,Single,Day,Office,Balanced,0,0,0,0,1,0,1
3616,46,1,26335.0,15,53,80.0,10,59,19,2,5,4,7,7,11,Legal,Manager,Bachelor,Male,Divorced,Day,Office,Balanced,0,0,0,1,0,0,0
3617,57,13,46317.0,11,49,33.0,3,68,28,5,4,1,18,7,3,HR,Manager,Bachelor,Male,Single,Flexible,Hybrid,Supportive,0,0,0,0,0,0,0
3618,60,8,,11,58,,12,40,0,2,3,4,13,2,2,Sales,Analyst,PhD,Female,Single,Day,Office,Balanced,1,1,0,1,1,0,0
3619,32,10,84902.0,8,42,21.0,11,53,13,1,1,5,15,9,12,,Executive,Bachelor,Male,Single,Day,Office,,0,0,0,1,0,0,0
3620,50,12,61732.0,18,46,49.0,3,52,12,3,4,0,4,0,11,Engineering,Executive,Master,Male,Married,Day,Office,Micromanager,1,0,0,0,0,0,0
3621,30,9,77613.0,18,35,14.0,11,34,0,5,5,4,12,6,15,Finance,Analyst,Bachelor,Male,Single,Day,Hybrid,Balanced,0,0,0,0,0,0,0
3622,35,0,,2,16,42.0,15,55,15,5,5,6,7,10,6,Sales,Associate,High School,Male,Divorced,Day,Office,Balanced,0,0,0,0,0,1,0
3623,40,2,60796.0,12,45,65.0,11,47,7,5,3,2,12,9,7,Finance,Analyst,High School,Female,Married,Flexible,Office,Supportive,0,0,0,1,1,0,0
3624,58,12,68687.0,10,9,70.0,7,56,16,5,3,4,10,10,11,,Manager,Master,Male,Single,Day,Hybrid,,1,1,0,0,1,0,0
3625,29,19,101658.0,13,33,26.0,13,31,0,5,5,4,14,8,2,Marketing,Analyst,Bachelor,Female,Married,Night,Hybrid,Balanced,0,0,0,0,0,0,0
3626,24,3,59214.0,3,21,0.0,12,52,12,1,5,1,12,6,13,Marketing,Manager,Master,Female,Married,Day,Office,Supportive,0,0,0,0,1,0,0
3627,38,12,81544.0,18,9,67.0,12,59,19,1,5,0,14,10,8,Sales,Associate,Master,Female,Married,Day,Hybrid,Hands-off,1,0,0,0,0,0,0
3628,27,8,46078.0,12,60,28.0,11,56,16,2,4,3,10,8,2,Sales,Engineer,Master,Female,Divorced,Day,Hybrid,Supportive,0,0,1,0,0,0,0
3629,43,16,77037.0,18,50,49.0,4,36,0,4,2,6,12,6,8,Sales,Executive,Bachelor,Male,Divorced,Day,Hybrid,Supportive,0,0,0,0,0,0,1
3630,48,16,101365.0,7,21,55.0,11,32,0,2,4,6,8,8,2,Legal,Analyst,Bachelor,Female,Divorced,Flexible,Office,Micromanager,0,0,0,0,0,0,1
3631,34,11,57966.0,9,28,52.0,6,66,26,5,1,1,13,6,7,,Associate,PhD,Female,Married,Day,Hybrid,Supportive,1,0,0,1,0,0,0
3632,41,20,105629.0,9,5,61.0,7,53,13,3,4,6,15,8,14,Operations,Associate,Master,Female,Married,Night,Hybrid,Supportive,1,0,0,0,0,0,0
3633,31,6,62459.0,20,5,61.0,5,43,3,4,2,2,2,5,0,Engineering,Associate,Master,Female,Married,Day,Office,Balanced,1,1,0,1,0,0,0
3634,30,19,99367.0,2,51,10.0,6,40,0,2,1,4,19,0,7,Finance,Lead,Bachelor,Female,Single,Night,Office,Balanced,1,0,0,1,1,0,0
3635,30,17,88984.0,15,19,23.0,5,70,30,1,5,2,17,7,1,HR,Manager,Bachelor,Female,Married,Day,Hybrid,Supportive,1,0,0,0,0,0,0
3636,38,11,43831.0,18,29,52.0,10,58,18,1,5,5,9,2,4,Marketing,Executive,PhD,Female,Divorced,Flexible,Hybrid,Balanced,0,1,0,1,0,0,0
3637,33,16,80721.0,18,35,19.0,3,42,2,4,4,2,9,9,6,Research,Associate,Master,Female,Divorced,Flexible,Office,Balanced,1,0,0,0,0,1,0
3638,52,7,75025.0,11,10,76.0,2,55,15,3,5,3,11,9,13,HR,Analyst,PhD,Female,Divorced,Day,Office,Balanced,1,0,0,0,0,0,0
3639,32,15,82680.0,13,35,62.0,1,65,25,3,4,0,1,10,11,Legal,Lead,Bachelor,Female,Divorced,Flexible,Hybrid,Hands-off,0,0,0,1,0,0,0
3640,36,18,89688.0,2,30,59.0,8,30,0,2,2,6,7,6,7,Research,Lead,Master,Female,Single,Night,Office,Supportive,1,0,0,1,1,0,0
3641,26,4,26517.0,4,26,78.0,12,70,30,4,4,3,13,1,12,Operations,Manager,High School,Male,Single,Day,Office,Supportive,1,0,1,1,0,0,0
3642,44,18,450810.0,2,8,25.0,14,69,29,5,3,6,19,5,12,Engineering,Associate,Bachelor,Female,Single,Flexible,Office,Balanced,1,1,1,1,0,0,0
3643,26,0,50246.0,17,24,69.0,15,63,23,1,4,3,1,4,5,Sales,Associate,Bachelor,Female,Single,Day,Remote,Hands-off,1,0,0,0,0,0,0
3644,26,3,,0,7,60.0,12,60,20,2,3,6,0,8,9,Finance,Executive,Bachelor,Male,Single,Day,Hybrid,Micromanager,0,0,0,0,0,1,1
3645,26,19,117647.0,20,35,53.0,8,30,0,2,4,3,16,5,9,Research,Analyst,Master,Male,Divorced,Day,Office,Balanced,0,0,0,1,0,1,0
3646,54,15,72412.0,16,35,34.0,6,55,15,2,2,3,18,7,0,Engineering,Lead,Master,Female,Married,Day,Remote,Hands-off,1,0,0,1,0,0,1
3647,47,4,32851.0,0,28,74.0,7,60,20,2,3,2,5,2,5,Sales,Associate,PhD,Female,Divorced,Day,Office,Supportive,1,0,1,0,0,1,1
3648,34,5,59710.0,13,50,28.0,9,49,9,5,5,1,14,10,7,Finance,Engineer,High School,Female,Divorced,Day,Hybrid,Micromanager,1,0,0,0,0,0,0
3649,23,4,69863.0,11,6,13.0,3,30,0,5,4,3,9,5,12,Sales,Lead,Master,Male,Single,Day,Remote,,1,0,1,1,1,0,0
3650,38,3,64551.0,7,52,60.0,12,67,27,1,3,6,13,3,14,Operations,Executive,High School,Female,Single,Day,Office,Micromanager,0,0,0,0,0,0,1
3651,54,12,70829.0,8,2,70.0,7,41,1,4,2,0,16,2,6,Legal,Executive,Master,Male,Divorced,Day,Hybrid,Balanced,1,0,0,1,1,1,0
3652,44,4,44255.0,16,50,72.0,14,40,0,4,4,0,15,7,0,Engineering,Executive,Bachelor,Female,Divorced,Day,Remote,Balanced,0,0,0,1,1,1,0
3653,50,3,41744.0,4,47,67.0,13,48,8,4,2,3,9,10,14,Sales,Lead,PhD,Female,Married,Day,Office,Hands-off,1,0,0,0,1,1,0
3654,32,16,80731.0,15,48,59.0,10,62,22,1,5,3,2,0,7,Finance,Manager,High School,Female,Single,Day,Office,Balanced,0,0,0,0,0,0,0
3655,34,13,88327.0,1,37,5.0,12,61,21,1,2,0,2,10,6,Legal,Associate,Bachelor,Male,Single,Day,Remote,Supportive,0,0,0,1,0,0,1
3656,44,17,83839.0,4,4,34.0,6,34,0,3,5,5,12,3,6,Engineering,Analyst,PhD,Male,Single,Day,Office,,1,0,0,0,0,0,0
3657,35,17,90709.0,11,44,31.0,5,34,0,1,4,4,7,4,11,Research,Executive,Bachelor,Female,Divorced,Flexible,Office,Supportive,0,0,0,0,0,0,0
3658,44,20,94639.0,18,28,51.0,13,52,12,1,5,1,13,3,6,Legal,Engineer,Bachelor,Male,Married,Day,Office,Micromanager,1,1,1,0,0,0,0
3659,26,17,81939.0,17,45,21.0,13,42,2,3,5,0,0,5,12,HR,Engineer,High School,Male,Married,Flexible,Hybrid,Balanced,0,0,0,0,0,0,0
3660,48,3,,12,41,,6,31,0,2,5,1,17,3,12,Finance,Executive,Master,Male,Divorced,Day,Remote,Balanced,1,1,0,0,1,0,0
3661,48,17,80213.0,13,22,36.0,5,42,2,3,1,3,1,2,4,Operations,Lead,Bachelor,Female,Single,Day,Hybrid,Supportive,0,0,0,0,1,1,0
3662,48,15,82525.0,20,28,43.0,2,67,27,5,2,0,11,7,15,Engineering,Engineer,Bachelor,Female,Single,Day,Office,Supportive,1,0,0,0,0,1,0
3663,32,19,97254.0,7,9,45.0,5,65,25,4,5,5,17,3,3,Engineering,Associate,Master,Male,Divorced,Flexible,Office,Balanced,1,0,0,1,0,0,0
3664,56,19,69769.0,9,30,14.0,1,41,1,5,4,5,19,4,8,HR,Executive,Master,Female,Divorced,Night,Hybrid,Balanced,1,0,1,0,0,0,0
3665,42,17,84490.0,8,53,72.0,6,51,11,2,5,6,14,7,14,Sales,Associate,Bachelor,Female,Divorced,Day,Hybrid,Balanced,1,0,0,0,1,0,0
3666,52,9,59238.0,2,18,36.0,12,53,13,3,4,2,12,2,10,Marketing,Lead,PhD,Female,Married,Day,Remote,Hands-off,0,0,0,0,1,0,0
3667,37,1,51170.0,14,31,44.0,14,49,9,2,4,7,7,9,3,Sales,Engineer,Bachelor,Female,Married,Flexible,Office,Supportive,1,0,0,0,0,0,0
3668,51,11,78703.0,3,19,6.0,9,54,14,5,2,6,9,10,2,Sales,Engineer,High School,Male,Divorced,Day,Hybrid,Balanced,1,0,0,0,1,0,0
3669,26,12,101122.0,10,34,54.0,5,57,17,4,1,4,0,1,5,Marketing,Associate,Master,Male,Divorced,Day,Hybrid,Micromanager,1,0,0,0,0,0,1
3670,47,8,67908.0,6,60,63.0,11,60,20,5,3,5,20,2,10,Legal,Engineer,Master,Female,Divorced,Night,Hybrid,Balanced,0,0,0,0,1,0,0
3671,34,1,53742.0,16,23,35.0,6,30,0,4,2,5,16,10,10,Finance,Analyst,Bachelor,Male,Divorced,Day,Hybrid,Balanced,1,0,0,0,1,0,0
3672,24,11,65460.0,6,36,23.0,11,66,26,4,5,0,9,5,3,Sales,Lead,Bachelor,Male,Divorced,Day,Hybrid,Balanced,0,0,0,1,0,1,0
3673,43,8,71368.0,12,5,36.0,13,50,10,1,3,3,7,5,10,Marketing,Analyst,PhD,Male,Single,Day,Remote,Supportive,0,1,0,1,1,0,0
3674,26,5,52818.0,4,7,10.0,4,56,16,5,4,2,5,0,2,Operations,Manager,High School,Female,Divorced,Night,Hybrid,Balanced,1,0,1,0,1,0,0
3675,35,10,79511.0,20,42,13.0,15,51,11,2,1,7,9,8,13,Marketing,Analyst,Master,Female,Single,Night,Office,Balanced,1,0,0,0,0,0,0
3676,58,11,65902.0,7,46,19.0,11,31,0,3,2,5,11,8,3,HR,Executive,Master,Male,Married,Day,Hybrid,Micromanager,1,0,0,1,0,1,0
3677,29,1,43989.0,14,28,43.0,15,46,6,5,2,6,20,8,2,Marketing,Manager,Bachelor,Male,Single,Day,Hybrid,Balanced,0,0,0,1,1,1,0
3678,42,17,73587.0,12,41,31.0,7,30,0,4,5,5,18,8,8,Finance,Analyst,Bachelor,Female,Divorced,Day,Remote,Balanced,1,0,0,0,0,1,1
3679,33,7,72835.0,20,50,43.0,1,59,19,4,5,3,19,9,9,Legal,Analyst,Master,Female,Divorced,Day,Office,Balanced,1,0,1,1,1,0,0
3680,55,1,54214.0,11,7,48.0,8,70,30,1,3,6,5,5,11,Sales,Engineer,Master,Female,Divorced,Flexible,Hybrid,Balanced,0,0,0,0,0,0,0
3681,42,11,89131.0,19,27,46.0,2,57,17,2,4,0,3,9,8,Sales,Lead,Bachelor,Male,Divorced,Day,Office,,0,0,0,0,0,0,0
3682,38,13,69701.0,3,6,15.0,5,37,0,3,3,2,8,3,8,,Manager,Bachelor,Male,Divorced,Day,Hybrid,Balanced,0,0,0,0,0,0,1
3683,42,13,66464.0,17,32,11.0,10,49,9,5,4,7,0,8,4,Legal,Manager,Bachelor,Male,Married,Flexible,Office,Balanced,1,0,0,0,1,0,0
3684,57,10,79847.0,18,33,,13,43,3,4,2,7,10,7,0,Engineering,Manager,Bachelor,Male,Married,Flexible,Office,,1,0,0,0,0,0,0
3685,52,12,99544.0,10,53,17.0,9,70,30,3,3,1,7,8,1,Finance,Lead,Master,Female,Single,Day,Remote,Balanced,1,0,0,0,0,0,0
3686,49,15,63412.0,6,49,61.0,5,50,10,3,1,3,9,10,14,Engineering,Engineer,Bachelor,Female,Married,Day,Remote,Balanced,1,1,0,1,1,0,0
3687,28,7,71857.0,12,30,5.0,11,49,9,2,4,2,11,2,4,Sales,Associate,Master,Male,Single,Day,Hybrid,Balanced,1,0,0,0,0,0,0
3688,47,17,86361.0,6,26,33.0,5,57,17,5,2,1,7,10,15,Engineering,Engineer,Bachelor,Female,Single,Flexible,Office,Balanced,0,1,0,1,0,0,0
3689,37,7,65443.0,7,51,57.0,14,59,19,2,3,3,7,1,12,Engineering,Engineer,Bachelor,Male,Single,Flexible,Office,Micromanager,0,0,0,0,0,0,0
3690,24,6,33536.0,9,11,20.0,4,42,2,5,4,6,15,2,7,Legal,Lead,High School,Male,Married,Day,Hybrid,Balanced,1,0,0,0,0,0,0
3691,56,15,77770.0,19,45,9.0,1,47,7,3,2,7,7,6,10,Sales,Analyst,High School,Female,Married,Night,Office,Balanced,0,0,0,0,1,0,0
3692,35,20,85397.0,7,51,58.0,4,61,21,1,4,4,3,5,5,HR,Lead,High School,Female,Divorced,Day,Remote,Balanced,0,0,0,0,0,1,1
3693,38,3,,7,60,37.0,1,68,28,2,5,1,18,10,8,Legal,Executive,Master,Male,Married,Flexible,Hybrid,Micromanager,0,0,0,0,1,1,0
3694,44,16,72736.0,1,58,41.0,5,33,0,5,5,3,14,2,14,Operations,Lead,Bachelor,Male,Married,Day,Remote,Micromanager,1,0,0,0,1,0,0
3695,59,0,35149.0,3,11,18.0,9,70,30,4,1,1,12,8,3,,Engineer,Bachelor,Male,Married,Night,Remote,Balanced,0,0,0,0,1,0,0
3696,22,17,81019.0,8,45,70.0,8,33,0,5,2,6,0,0,4,Finance,Manager,Master,Female,Single,Night,Remote,Supportive,0,0,0,0,0,1,0
3697,56,19,90486.0,4,27,45.0,6,37,0,4,1,1,0,1,3,Sales,Lead,Master,Male,Single,Day,Hybrid,Micromanager,0,0,0,1,0,1,0
3698,48,1,44664.0,15,29,22.0,1,33,0,3,3,5,12,7,10,HR,Engineer,Bachelor,Male,Married,Day,Office,Hands-off,0,0,0,1,0,0,0
3699,32,9,40983.0,4,52,7.0,1,66,26,2,3,0,7,4,2,Research,Manager,Bachelor,Male,Married,Flexible,Office,Balanced,0,0,0,1,0,1,0
3700,48,18,,1,45,44.0,14,42,2,4,1,7,7,5,4,Sales,Analyst,Bachelor,Male,Divorced,Day,Remote,Micromanager,0,0,0,0,0,0,0
3701,29,3,42691.0,20,42,25.0,2,35,0,5,2,2,17,6,11,Sales,Associate,Master,Female,Single,Night,Office,Micromanager,0,0,0,0,0,1,0
3702,44,0,42749.0,9,35,79.0,13,46,6,5,1,4,7,9,11,Operations,Lead,Bachelor,Female,Single,Day,Hybrid,Supportive,1,0,0,0,0,1,0
3703,46,15,91142.0,8,22,11.0,3,62,22,4,2,7,6,2,7,Sales,Analyst,Bachelor,Female,Single,Night,Remote,Hands-off,0,1,0,0,1,0,0
3704,48,18,100574.0,12,56,22.0,11,51,11,2,5,4,8,7,0,Research,Engineer,Bachelor,Female,Married,Night,Office,Micromanager,0,0,0,0,1,1,0
3705,52,0,57653.0,9,39,47.0,7,42,2,4,5,7,15,9,8,Operations,Executive,Master,Male,Divorced,Day,Office,Balanced,1,0,0,1,1,1,0
3706,34,7,53155.0,2,4,19.0,15,42,2,4,5,5,10,2,2,Sales,Analyst,Bachelor,Female,Divorced,Flexible,Hybrid,Balanced,0,0,0,1,1,0,0
3707,48,8,78653.0,18,50,80.0,9,57,17,1,4,5,8,0,13,Engineering,Executive,Master,Male,Divorced,Day,Remote,Balanced,0,0,0,0,0,0,0
3708,41,4,204710.0,10,26,44.0,5,44,4,4,5,0,17,1,4,Engineering,Manager,High School,Male,Married,Day,Remote,Balanced,0,1,0,1,1,0,0
3709,39,13,67824.0,0,6,36.0,2,66,26,4,4,0,4,7,10,Finance,Lead,Bachelor,Female,Divorced,Day,Hybrid,,1,0,0,1,0,0,0
3710,27,14,75508.0,16,35,,3,32,0,4,4,5,19,0,6,Marketing,Associate,PhD,Male,Single,Flexible,Remote,Supportive,0,0,0,0,0,0,0
3711,32,1,40487.0,8,27,79.0,7,41,1,5,2,5,9,0,1,Engineering,Engineer,Bachelor,Female,Married,Day,Hybrid,Micromanager,0,0,0,0,1,0,0
3712,57,15,82447.0,11,59,32.0,6,30,0,5,4,2,9,4,14,Finance,Manager,Bachelor,Female,Divorced,Day,Hybrid,Hands-off,0,0,0,0,0,0,1
3713,55,8,,12,18,29.0,12,61,21,3,4,6,19,10,1,Engineering,Associate,Bachelor,Male,Divorced,Day,Hybrid,Supportive,1,0,0,1,0,1,0
3714,22,0,28376.0,13,60,7.0,2,38,0,1,1,1,5,7,9,Sales,Manager,High School,Female,Single,Night,Hybrid,Supportive,1,1,0,0,0,0,0
3715,54,10,59720.0,8,50,0.0,5,59,19,5,4,3,14,7,1,Marketing,Lead,Bachelor,Female,Divorced,Flexible,Hybrid,Micromanager,0,0,0,1,0,0,0
3716,31,8,51439.0,20,15,76.0,15,67,27,2,3,1,11,10,11,Operations,Analyst,Master,Male,Single,Night,Remote,Balanced,1,0,0,0,0,0,0
3717,37,17,78105.0,1,54,13.0,5,33,0,2,2,5,4,0,13,Operations,Manager,Master,Female,Divorced,Day,Hybrid,Balanced,0,0,0,0,1,0,0
3718,39,6,54690.0,11,11,,5,56,16,5,5,5,20,8,6,Engineering,Manager,Bachelor,Female,Married,Day,Hybrid,Hands-off,1,0,0,0,1,1,1
3719,55,19,103453.0,4,43,46.0,3,46,6,4,2,1,14,6,1,Engineering,Engineer,High School,Male,Divorced,Night,Hybrid,Balanced,0,0,0,1,0,0,0
3720,43,2,45653.0,12,26,34.0,13,67,27,2,4,3,17,8,13,Legal,Executive,Master,Male,Divorced,Night,Office,Balanced,1,0,1,0,0,0,1
3721,40,4,46934.0,1,8,46.0,13,53,13,4,3,7,0,1,11,Engineering,Manager,Master,Female,Divorced,Day,Office,Micromanager,1,0,0,1,0,0,0
3722,43,16,87841.0,8,19,28.0,10,33,0,5,2,7,13,4,9,Operations,Manager,Bachelor,Male,Divorced,Day,Remote,Supportive,0,0,0,1,0,0,0
3723,38,0,51381.0,20,40,64.0,7,54,14,2,2,3,14,8,11,Engineering,Engineer,High School,Female,Single,Day,Remote,Micromanager,0,0,0,1,0,1,0
3724,37,4,40831.0,9,43,78.0,14,68,28,1,1,2,17,1,13,HR,Engineer,Master,Male,Divorced,Day,Hybrid,Hands-off,1,0,0,0,0,0,0
3725,52,2,33193.0,20,40,61.0,6,35,0,1,4,0,11,5,13,Engineering,Analyst,Bachelor,Male,Married,Day,Hybrid,Hands-off,0,0,0,0,0,0,0
3726,27,2,49868.0,12,59,68.0,9,64,24,4,5,0,8,5,8,Operations,Executive,Bachelor,Female,Married,Day,Hybrid,Hands-off,0,1,0,0,1,0,0
3727,52,15,66133.0,13,32,44.0,1,58,18,4,2,6,7,7,2,Legal,Lead,Bachelor,Male,Divorced,Flexible,Hybrid,Supportive,1,0,0,1,1,1,0
3728,27,11,83211.0,18,47,63.0,2,43,3,1,5,6,19,4,14,Engineering,Associate,Bachelor,Female,Married,Day,Office,Balanced,0,0,0,1,0,0,0
3729,43,19,99674.0,14,17,7.0,7,52,12,5,1,1,12,1,1,Finance,Engineer,Bachelor,Female,Divorced,Day,Office,Supportive,1,0,0,0,0,1,0
3730,48,5,46987.0,3,53,7.0,13,56,16,5,4,5,17,2,0,Sales,Analyst,Master,Female,Married,Day,Office,Balanced,0,1,0,1,0,0,0
3731,36,19,88120.0,15,23,10.0,3,47,7,5,3,0,11,0,9,Finance,Associate,Bachelor,Male,Single,Day,Office,Balanced,0,0,0,1,0,0,0
3732,59,15,92510.0,12,56,53.0,7,47,7,4,2,4,18,3,15,Engineering,Associate,Bachelor,Male,Divorced,Flexible,Office,Balanced,1,0,0,1,1,1,0
3733,45,15,86311.0,0,21,41.0,5,31,0,3,4,2,2,2,14,Sales,Engineer,Master,Male,Divorced,Day,Remote,Supportive,0,0,0,0,1,1,0
3734,58,9,49632.0,0,23,5.0,15,55,15,5,4,4,11,3,12,Marketing,Analyst,High School,Female,Divorced,Flexible,Office,Balanced,0,0,0,1,0,0,0
3735,27,16,107688.0,20,10,33.0,6,62,22,4,5,0,8,4,9,Operations,Engineer,PhD,Female,Divorced,Day,Office,Balanced,0,0,0,0,0,0,1
3736,60,10,74235.0,18,51,74.0,15,34,0,1,3,5,17,1,4,Sales,Manager,Bachelor,Female,Divorced,Night,Office,Micromanager,1,0,0,0,0,0,0
3737,46,8,66525.0,0,52,47.0,7,43,3,1,2,4,12,3,13,Operations,Analyst,Bachelor,Female,Single,Flexible,Hybrid,Hands-off,1,0,0,1,0,1,0
3738,52,20,,1,44,8.0,10,49,9,1,3,7,3,4,14,Operations,Engineer,PhD,Male,Married,Day,Office,Supportive,0,0,0,1,0,1,0
3739,43,3,45563.0,16,5,18.0,13,40,0,2,5,2,16,4,12,Sales,Lead,Master,Female,Divorced,Day,Hybrid,Balanced,0,0,0,1,0,0,0
3740,46,20,107589.0,19,22,37.0,7,33,0,1,3,0,20,2,7,Engineering,Analyst,Bachelor,Female,Single,Day,Office,Supportive,1,0,0,1,0,1,0
3741,24,8,56472.0,4,31,43.0,4,40,0,4,3,3,2,0,10,Engineering,Engineer,Bachelor,Female,Single,Day,Hybrid,Balanced,0,0,0,0,0,1,0
3742,38,15,69606.0,8,54,5.0,3,54,14,2,5,6,10,0,7,Sales,Manager,Bachelor,Female,Single,Day,Hybrid,Balanced,0,0,0,0,0,0,0
3743,33,17,63573.0,15,11,21.0,3,65,25,3,3,4,8,10,2,Sales,Manager,High School,Male,Married,Day,Hybrid,Supportive,1,0,0,0,0,0,0
3744,43,7,67136.0,6,12,17.0,3,33,0,5,4,0,16,10,6,HR,Executive,Bachelor,Female,Married,Day,Hybrid,Micromanager,0,0,0,0,0,0,0
3745,25,0,,8,21,19.0,4,66,26,2,1,0,16,6,3,Research,Analyst,Bachelor,Male,Divorced,Day,Hybrid,Micromanager,0,0,0,0,0,0,0
3746,27,15,83951.0,16,10,42.0,13,43,3,5,2,0,8,10,15,,Analyst,Bachelor,Male,Married,Day,Office,Balanced,0,0,0,0,0,0,0
3747,52,8,66931.0,1,33,56.0,9,57,17,3,4,6,7,1,2,Sales,Associate,Bachelor,Female,Married,Flexible,Office,Hands-off,1,0,1,1,1,0,1
3748,35,10,61043.0,5,22,77.0,9,56,16,5,3,5,20,0,13,Engineering,Analyst,Bachelor,Female,Married,Night,Hybrid,Balanced,0,0,0,0,0,0,0
3749,44,18,93915.0,18,40,4.0,5,49,9,2,2,1,18,9,13,Engineering,Engineer,High School,Female,Single,Night,Hybrid,Supportive,0,0,0,1,0,0,0
3750,36,12,89428.0,10,35,57.0,14,34,0,5,4,6,5,4,6,Engineering,Engineer,Bachelor,Female,Single,Day,Office,Hands-off,1,0,0,0,0,0,0
3751,38,19,104739.0,17,39,9.0,6,49,9,1,2,1,16,5,11,Research,Associate,Bachelor,Female,Single,Day,Hybrid,Micromanager,1,0,0,0,0,0,0
3752,60,10,78294.0,11,58,15.0,13,30,0,4,5,7,1,5,7,Legal,Engineer,Bachelor,Male,Single,Day,Hybrid,Supportive,0,0,0,0,0,0,0
3753,29,1,41331.0,8,3,44.0,5,63,23,4,1,2,2,7,1,Finance,Associate,Master,Female,Divorced,Day,Hybrid,Balanced,1,0,0,1,0,1,0
3754,38,15,,17,20,15.0,8,45,5,1,3,7,5,10,0,Engineering,Analyst,Bachelor,Male,Married,Day,Hybrid,Balanced,1,0,0,1,0,0,0
3755,28,7,41231.0,4,20,56.0,4,60,20,5,3,7,19,10,1,HR,Manager,High School,Female,Single,Day,Hybrid,Hands-off,1,0,0,0,0,1,0
3756,43,12,82025.0,15,60,46.0,10,70,30,2,2,1,11,4,1,Research,Analyst,Master,Male,Married,Day,Hybrid,Balanced,0,0,0,0,0,0,0
3757,50,3,56858.0,0,14,79.0,10,57,17,1,1,1,10,2,12,Finance,Engineer,High School,Female,Divorced,Night,Office,Balanced,0,0,0,0,0,0,0
3758,60,15,,0,12,12.0,15,44,4,3,1,5,4,2,3,Sales,Executive,Master,Male,Divorced,Flexible,Office,Hands-off,1,0,0,0,1,0,0
3759,28,9,74109.0,2,54,67.0,12,66,26,5,5,2,16,9,6,Marketing,Analyst,Bachelor,Female,Single,Day,Office,Balanced,0,0,0,0,0,1,0
3760,26,8,71829.0,7,39,3.0,7,47,7,3,3,4,3,0,10,Sales,Engineer,Master,Female,Married,Night,Hybrid,Balanced,1,0,0,0,1,1,0
3761,52,0,274070.0,10,42,,13,32,0,1,1,6,18,2,8,Marketing,Associate,Bachelor,Other,Divorced,Day,Hybrid,Micromanager,0,0,1,0,0,0,0
3762,27,17,90677.0,14,28,59.0,14,35,0,5,3,4,1,8,0,HR,Engineer,Master,Male,Single,Day,Hybrid,Supportive,0,0,0,0,0,0,0
3763,22,20,86801.0,2,24,11.0,5,51,11,4,1,3,15,3,3,Operations,Manager,Bachelor,Female,Single,Day,Office,,0,0,0,0,0,1,0
3764,42,13,98575.0,10,7,69.0,9,61,21,1,4,0,12,9,6,Research,Executive,Bachelor,Female,Divorced,Night,Hybrid,Hands-off,0,0,0,1,0,0,0
3765,41,4,47579.0,12,53,73.0,1,40,0,5,5,0,0,2,1,Sales,Associate,Master,Female,Single,Night,Remote,Micromanager,0,0,1,1,0,0,0
3766,37,13,315360.0,14,19,68.0,1,62,22,1,5,0,0,10,0,Operations,Executive,Bachelor,Female,Single,Flexible,Hybrid,Balanced,1,0,0,1,0,0,0
3767,48,7,52084.0,18,17,54.0,1,68,28,3,2,3,13,1,13,Sales,Executive,High School,Male,Divorced,Day,Office,Supportive,1,0,0,1,0,0,0
3768,42,13,73767.0,2,24,78.0,13,69,29,5,2,2,7,1,14,Engineering,Executive,Master,Female,Divorced,Night,Office,Micromanager,0,0,1,0,1,0,1
3769,46,16,83039.0,8,2,6.0,1,36,0,1,1,7,12,9,5,Legal,Lead,High School,Female,Married,Day,Hybrid,Balanced,1,0,0,0,1,0,1
3770,52,15,71858.0,12,44,40.0,4,63,23,2,2,3,14,0,9,Marketing,Lead,Bachelor,Female,Divorced,Flexible,Hybrid,Supportive,0,0,0,0,0,0,0
3771,36,0,30755.0,18,49,34.0,12,56,16,5,3,4,16,4,9,Operations,Lead,High School,Female,Divorced,Day,Office,Hands-off,0,0,0,1,1,0,0
3772,52,14,101401.0,6,26,7.0,5,31,0,2,2,0,12,8,15,Marketing,Executive,Master,Female,Divorced,Night,Hybrid,Balanced,0,0,0,1,1,0,0
3773,46,16,63907.0,19,39,77.0,3,70,30,2,5,7,7,4,2,Engineering,Engineer,Bachelor,Male,Married,Day,Remote,Supportive,0,0,0,0,0,0,0
3774,25,19,85167.0,7,47,62.0,2,31,0,4,4,0,18,7,8,Finance,Lead,Bachelor,Male,Single,Night,Hybrid,Supportive,0,0,0,0,0,0,0
3775,55,17,99013.0,17,36,18.0,1,50,10,5,3,7,5,9,0,Marketing,Engineer,High School,Female,Divorced,Day,Hybrid,Hands-off,0,0,0,0,0,0,0
3776,53,14,75578.0,6,59,30.0,3,33,0,2,1,5,14,10,5,Engineering,Analyst,Bachelor,Male,Divorced,Day,Hybrid,Supportive,0,0,0,0,0,0,0
3777,25,17,94328.0,16,34,23.0,10,63,23,2,3,5,5,2,13,Operations,Associate,Bachelor,Female,Divorced,Day,Remote,Supportive,1,0,0,0,0,0,1
3778,48,8,82339.0,19,31,16.0,14,48,8,2,2,6,1,10,5,Sales,Manager,Master,Female,Single,Day,Office,Balanced,0,0,0,0,0,0,0
3779,51,2,42908.0,18,48,,14,40,0,3,1,4,18,3,7,Engineering,Lead,Bachelor,Male,Divorced,Flexible,Office,Balanced,0,0,0,1,0,0,0
3780,40,16,84989.0,19,25,43.0,10,50,10,5,2,1,13,5,0,Research,Executive,High School,Male,Married,Flexible,Office,Supportive,0,0,0,0,0,0,0
3781,53,8,56977.0,2,10,0.0,12,42,2,2,3,5,5,0,1,Engineering,Lead,Bachelor,Female,Married,Day,Office,Hands-off,0,0,0,0,0,0,0
3782,48,2,48914.0,6,1,,4,56,16,5,3,0,17,5,1,Marketing,Engineer,Master,Female,Single,Night,Office,Micromanager,1,1,0,1,0,0,0
3783,28,6,50830.0,18,18,51.0,13,64,24,1,1,6,8,8,12,Operations,Executive,High School,Female,Married,Day,Office,Hands-off,0,0,0,0,0,0,1
3784,23,1,32910.0,6,10,,7,69,29,5,2,1,18,1,15,Sales,Engineer,Bachelor,Female,Married,Day,Hybrid,Balanced,0,0,0,1,0,0,0
3785,25,11,81786.0,10,48,75.0,14,32,0,1,5,6,4,9,0,Legal,Executive,Bachelor,Male,Divorced,Day,Office,Supportive,0,0,0,0,1,0,0
3786,51,8,55128.0,7,26,76.0,9,34,0,3,4,6,13,4,15,HR,Engineer,Master,Male,Divorced,Day,Office,Balanced,0,0,1,0,0,1,0
3787,24,18,80833.0,14,27,32.0,4,70,30,2,1,0,6,4,11,Finance,Associate,Bachelor,Male,Divorced,Day,Office,Supportive,1,0,0,0,0,0,0
3788,26,6,63205.0,12,41,55.0,8,32,0,5,4,6,16,3,14,Research,Analyst,Bachelor,Male,Divorced,Day,Office,Balanced,0,0,0,1,0,0,0
3789,22,3,46591.0,12,1,56.0,3,44,4,3,1,5,9,6,10,Engineering,Analyst,High School,Male,Divorced,Day,Office,Hands-off,1,0,0,1,0,1,0
3790,33,19,93246.0,8,47,30.0,6,64,24,3,5,5,16,0,11,Operations,Executive,Bachelor,Male,Divorced,Day,Hybrid,Hands-off,0,0,0,0,0,0,0
3791,23,15,99221.0,3,54,73.0,11,38,0,3,1,6,16,1,15,Marketing,Executive,Bachelor,Female,Married,Day,Remote,Micromanager,0,1,0,0,1,0,0
3792,41,19,91693.0,15,53,,1,60,20,2,2,3,20,1,12,HR,Analyst,Bachelor,Female,Married,Day,Remote,,1,0,0,1,1,0,0
3793,39,17,75325.0,3,15,8.0,7,38,0,3,1,6,5,9,1,Finance,Engineer,Bachelor,Male,Married,Night,Office,Balanced,0,0,1,0,0,0,1
3794,31,0,66594.0,7,21,21.0,9,63,23,3,4,3,3,6,5,Engineering,Lead,Master,Male,Divorced,Night,Remote,Balanced,1,1,0,1,1,1,0
3795,48,12,53101.0,3,13,75.0,1,46,6,2,2,6,20,5,10,Sales,Executive,Bachelor,Female,Married,Flexible,Office,Micromanager,0,0,0,0,0,0,0
3796,52,14,80614.0,12,48,78.0,4,64,24,1,5,3,2,7,15,Engineering,Engineer,Bachelor,Male,Married,Night,Remote,,1,1,0,0,0,0,0
3797,48,7,58954.0,20,55,48.0,13,35,0,2,3,4,19,6,9,Engineering,Engineer,High School,Female,Single,Day,Remote,Balanced,1,0,0,0,1,0,0
3798,33,19,84649.0,12,50,,8,53,13,4,4,6,11,10,12,Legal,Associate,Bachelor,Male,Married,Day,Hybrid,,0,0,1,1,1,0,0
3799,60,8,74274.0,4,1,77.0,2,33,0,3,4,7,6,3,8,Operations,Engineer,Bachelor,Female,Divorced,Day,Remote,Micromanager,0,0,0,1,0,0,0
3800,43,11,87011.0,12,59,56.0,2,60,20,2,5,3,4,6,3,Engineering,Executive,Bachelor,Male,Married,Day,Office,Balanced,1,0,0,0,0,0,0
3801,59,1,,1,38,30.0,5,49,9,3,4,0,3,4,13,Finance,Analyst,High School,Female,Single,Day,Remote,Balanced,1,0,0,0,0,0,0
3802,51,14,77236.0,10,23,52.0,9,55,15,3,2,3,5,2,2,,Analyst,High School,Female,Single,Flexible,Hybrid,Balanced,1,0,0,1,1,0,0
3803,47,7,34269.0,13,40,0.0,13,56,16,1,2,0,7,9,3,Operations,Manager,Bachelor,Male,Single,Day,Hybrid,Balanced,0,1,0,0,1,0,0
3804,26,4,49249.0,16,21,61.0,15,32,0,4,4,3,0,8,1,Engineering,Lead,Bachelor,Male,Married,Day,Office,Supportive,0,0,0,0,0,0,0
3805,39,10,65504.0,2,15,80.0,5,57,17,2,5,3,18,8,13,Marketing,Associate,High School,Male,Divorced,Night,Hybrid,Balanced,0,0,0,1,0,0,0
3806,27,19,84965.0,16,44,49.0,4,50,10,5,2,1,3,4,3,Engineering,Executive,Master,Female,Divorced,Day,Hybrid,Balanced,1,0,0,0,0,0,0
3807,53,4,62981.0,15,20,32.0,11,66,26,4,2,6,4,1,2,Engineering,Lead,Bachelor,Other,Married,Day,Office,Balanced,0,0,0,1,0,0,1
3808,33,6,52132.0,11,36,36.0,14,55,15,4,5,0,11,10,8,Research,Executive,Bachelor,Male,Married,Flexible,Hybrid,Balanced,0,0,0,1,0,0,0
3809,51,3,54270.0,8,37,,9,47,7,1,5,0,16,7,4,Sales,Engineer,Bachelor,Female,Single,Flexible,Office,Balanced,0,0,0,1,1,1,0
3810,37,4,,7,10,2.0,3,60,20,3,4,5,3,10,15,Marketing,Analyst,Master,Male,Single,Night,Remote,Micromanager,1,0,0,0,1,1,0
3811,60,0,35894.0,4,20,43.0,1,70,30,5,3,4,9,0,14,Finance,Lead,High School,Male,Married,Day,Hybrid,Micromanager,1,0,1,0,1,1,0
3812,39,7,45545.0,13,35,7.0,1,65,25,2,5,7,14,7,4,Engineering,Manager,Master,Female,Divorced,Day,Remote,Balanced,1,0,0,1,1,0,0
3813,59,15,79743.0,13,52,62.0,9,59,19,1,3,6,10,6,6,Sales,Manager,Bachelor,Female,Divorced,Day,Office,Supportive,0,0,0,0,0,1,0
3814,35,12,75629.0,20,58,22.0,5,63,23,5,5,5,11,2,0,Sales,Executive,Bachelor,Female,Single,Day,Office,Supportive,1,0,0,0,0,0,0
3815,39,4,48301.0,20,37,19.0,4,34,0,5,5,3,9,1,13,Engineering,Lead,Bachelor,Female,Divorced,Day,Office,Supportive,1,0,1,1,0,0,0
3816,29,11,56031.0,9,36,54.0,15,43,3,3,1,2,11,5,9,Operations,Analyst,Bachelor,Male,Married,Flexible,Hybrid,Micromanager,1,0,0,0,1,0,0
3817,21,4,41935.0,13,34,35.0,15,30,0,2,4,7,19,3,12,Marketing,Analyst,Bachelor,Female,Single,Day,Remote,Balanced,0,1,0,0,1,0,0
3818,30,18,67665.0,2,32,0.0,6,61,21,2,4,0,18,7,4,Research,Lead,PhD,Female,Single,Night,Office,Balanced,1,1,0,1,0,0,0
3819,32,3,43887.0,19,55,43.0,7,37,0,1,2,0,15,2,5,Sales,Associate,Bachelor,Female,Divorced,Day,Hybrid,Hands-off,0,1,1,0,0,0,0
3820,41,16,60559.0,5,55,1.0,6,46,6,3,2,6,10,8,2,Engineering,Manager,Bachelor,Female,Divorced,Day,Office,Micromanager,0,0,0,0,1,1,0
3821,22,16,76963.0,4,18,45.0,5,31,0,3,3,3,20,4,12,,Analyst,Bachelor,Male,Divorced,Flexible,Remote,Supportive,0,0,0,1,0,0,0
3822,32,5,72881.0,1,59,15.0,13,56,16,4,4,7,14,9,12,Sales,Associate,PhD,Male,Single,Day,Hybrid,Hands-off,1,0,0,1,0,1,1
3823,29,5,45081.0,2,20,21.0,5,44,4,1,2,1,14,1,14,Finance,Associate,Bachelor,Female,Divorced,Flexible,Office,Balanced,0,0,0,1,1,0,0
3824,48,11,71990.0,10,27,23.0,1,37,0,5,2,6,17,9,7,,Executive,Master,Male,Single,Day,Office,Balanced,0,0,0,0,0,0,0
3825,29,20,94749.0,7,18,65.0,12,64,24,4,1,0,8,5,15,Sales,Manager,Bachelor,Female,Single,Day,Remote,Hands-off,1,0,0,0,0,1,0
3826,57,11,76670.0,12,13,18.0,1,46,6,4,1,4,7,4,5,Sales,Lead,High School,Male,Married,Day,Remote,Balanced,0,0,0,0,0,0,1
3827,44,16,81864.0,0,59,67.0,8,31,0,2,5,2,1,4,0,Operations,Engineer,High School,Female,Married,Day,Remote,Balanced,1,0,0,0,0,0,0
3828,52,5,41690.0,5,8,10.0,13,62,22,1,3,7,12,4,4,HR,Engineer,Master,Female,Single,Day,Office,Balanced,0,1,1,0,0,0,0
3829,50,14,73733.0,11,7,20.0,9,61,21,2,2,7,12,4,10,Engineering,Associate,Bachelor,Female,Divorced,Day,Office,Balanced,1,1,0,0,0,0,0
3830,53,6,68186.0,19,32,56.0,4,33,0,3,1,2,9,4,11,Marketing,Engineer,Master,Female,Single,Day,Office,Hands-off,0,0,0,1,0,1,0
3831,46,0,49059.0,5,44,32.0,14,48,8,1,5,5,5,10,5,Sales,Engineer,Bachelor,Male,Divorced,Day,Office,Balanced,0,1,1,0,1,0,0
3832,50,11,83330.0,12,38,23.0,8,59,19,1,4,1,2,3,12,Engineering,Analyst,Bachelor,Female,Single,Day,Office,Supportive,0,0,0,1,0,0,0
3833,44,17,85792.0,13,3,69.0,13,46,6,3,1,2,9,4,5,Operations,Analyst,PhD,Female,Divorced,Day,Remote,Micromanager,0,0,0,1,0,0,0
3834,21,13,55630.0,1,40,66.0,10,38,0,5,1,7,0,4,11,Engineering,Executive,Bachelor,Male,Divorced,Day,Office,Hands-off,1,0,1,0,0,0,1
3835,48,2,62327.0,0,35,57.0,12,38,0,1,5,6,10,9,2,Operations,Engineer,Master,Female,Single,Flexible,Hybrid,Supportive,0,0,0,0,1,1,0
3836,22,13,81493.0,4,47,73.0,14,47,7,2,2,0,5,0,3,Finance,Executive,Master,Male,Married,Flexible,Office,Supportive,0,0,0,0,1,1,0
3837,24,15,111064.0,7,6,61.0,2,69,29,3,1,4,2,0,6,Research,Engineer,Master,Female,Single,Night,Office,Supportive,0,0,0,0,0,0,0
3838,38,9,73973.0,16,5,63.0,12,66,26,1,5,6,10,0,2,Sales,Associate,Bachelor,Female,Married,Night,Hybrid,Balanced,1,0,0,0,0,1,0
3839,38,16,95416.0,7,36,73.0,11,70,30,4,2,6,11,6,5,Legal,Executive,Bachelor,Male,Married,Day,Office,Supportive,1,0,0,1,0,0,0
3840,37,10,49212.0,14,56,40.0,9,59,19,4,1,6,16,9,9,Engineering,Executive,High School,Female,Married,Flexible,Office,Balanced,1,0,0,1,0,0,0
3841,29,14,76138.0,20,49,0.0,7,47,7,4,4,7,5,3,6,Operations,Analyst,Bachelor,Female,Single,Night,Remote,Hands-off,0,0,0,0,1,0,1
3842,35,14,75440.0,13,24,40.0,6,40,0,5,5,2,1,1,8,Research,Analyst,High School,Female,Married,Day,Hybrid,Micromanager,0,0,0,0,0,1,0
3843,43,1,57803.0,8,31,7.0,2,58,18,2,5,7,8,7,3,Engineering,Lead,Bachelor,Female,Divorced,Day,Remote,Micromanager,1,0,0,0,0,0,0
3844,55,7,54201.0,10,37,41.0,2,63,23,3,3,7,19,9,11,Engineering,Associate,Bachelor,Male,Single,Day,Office,Supportive,1,0,0,0,1,0,0
3845,27,15,71194.0,1,46,68.0,3,64,24,3,3,3,4,4,2,Operations,Manager,Bachelor,Female,Divorced,Day,Hybrid,Balanced,0,0,0,0,1,0,0
3846,42,19,,8,39,73.0,9,40,0,4,4,4,16,1,14,Sales,Lead,Master,Male,Married,Day,Remote,Micromanager,1,0,0,1,0,0,0
3847,34,9,69101.0,19,13,31.0,5,66,26,3,2,1,14,5,7,HR,Lead,High School,Female,Married,Day,Office,Hands-off,0,0,0,0,0,0,0
3848,25,16,98220.0,12,16,18.0,7,37,0,2,2,2,8,6,8,Sales,Engineer,Bachelor,Female,Married,Day,Hybrid,,0,0,0,0,0,0,0
3849,40,15,87773.0,14,20,40.0,9,61,21,1,1,7,18,7,3,HR,Engineer,High School,Female,Divorced,Day,Hybrid,Supportive,1,0,0,1,0,0,0
3850,26,20,89704.0,17,6,7.0,2,31,0,4,4,1,12,5,7,HR,Engineer,Bachelor,Male,Divorced,Day,Hybrid,Hands-off,1,0,0,1,1,0,0
3851,35,1,46906.0,8,60,23.0,5,63,23,4,4,5,12,4,5,Engineering,Executive,Master,Female,Divorced,Day,Hybrid,Balanced,0,0,0,1,0,0,0
3852,35,7,49359.0,17,24,41.0,8,62,22,4,2,0,1,10,13,Research,Executive,Bachelor,Male,Single,Day,Hybrid,Micromanager,0,0,0,1,0,0,0
3853,49,6,84885.0,13,26,68.0,9,59,19,2,1,2,10,7,5,Sales,Lead,Master,Male,Married,Day,Office,Supportive,0,0,0,1,0,0,0
3854,43,13,89772.0,16,45,45.0,4,46,6,4,4,4,7,1,15,Engineering,Associate,Bachelor,Male,Single,Day,Remote,Balanced,1,0,0,1,0,0,0
3855,53,0,49022.0,11,31,48.0,6,68,28,4,5,2,12,3,8,Sales,Associate,Bachelor,Female,Single,Day,Hybrid,Supportive,0,0,0,1,1,0,0
3856,35,9,86805.0,2,3,10.0,11,37,0,5,4,3,18,5,9,Sales,Lead,High School,Male,Married,Day,Hybrid,Balanced,0,0,0,0,0,0,0
3857,36,10,77721.0,6,27,17.0,7,51,11,5,5,2,18,9,12,Engineering,Analyst,Bachelor,Female,Single,Night,Hybrid,Balanced,0,0,0,0,0,0,0
3858,21,10,59016.0,4,48,3.0,11,43,3,4,5,7,17,8,14,Finance,Manager,High School,Female,Divorced,Day,Hybrid,Supportive,0,0,0,1,0,0,0
3859,45,11,48431.0,0,37,68.0,7,50,10,2,5,1,17,7,1,Finance,Engineer,Bachelor,Female,Divorced,Flexible,Office,Hands-off,1,0,0,1,1,0,0
3860,23,10,63265.0,15,9,23.0,7,38,0,1,1,2,14,9,6,Marketing,Analyst,Master,Female,Married,Day,Hybrid,Hands-off,0,1,0,1,0,1,0
3861,47,11,,8,47,45.0,12,62,22,5,5,2,2,9,7,Marketing,Associate,Bachelor,Female,Divorced,Day,Hybrid,Supportive,1,1,0,0,0,0,0
3862,50,19,106828.0,4,37,47.0,3,61,21,3,2,4,6,7,14,Sales,Executive,Master,Female,Single,Day,Hybrid,Balanced,0,0,0,1,0,0,0
3863,42,8,53666.0,17,30,54.0,5,69,29,1,4,4,13,6,0,Engineering,Engineer,Master,Female,Single,Day,Office,Balanced,0,1,0,1,1,0,0
3864,53,0,38995.0,1,22,56.0,12,31,0,5,1,3,11,0,5,Legal,Lead,PhD,Female,Divorced,Day,Office,Hands-off,1,0,0,0,0,0,0
3865,36,10,83141.0,20,11,32.0,6,54,14,1,5,7,1,0,3,,Executive,Bachelor,Male,Divorced,Day,Office,Balanced,1,0,0,0,0,0,0
3866,31,4,60196.0,20,35,75.0,4,42,2,3,4,6,1,3,6,Operations,Executive,Bachelor,Male,Divorced,Day,Remote,Supportive,0,0,0,0,0,1,0
3867,28,18,88535.0,19,19,,12,39,0,2,1,7,8,6,15,Engineering,Manager,Master,Female,Married,Day,Office,Supportive,0,0,0,0,0,0,0
3868,30,3,45310.0,5,36,9.0,3,51,11,1,5,5,13,5,13,Marketing,Manager,Bachelor,Male,Divorced,Day,Office,Supportive,0,0,0,1,0,1,0
3869,46,11,64969.0,2,53,44.0,15,55,15,1,5,5,12,9,11,Engineering,Executive,Bachelor,Male,Divorced,Flexible,Remote,Supportive,1,0,0,1,0,0,1
3870,48,1,32804.0,16,4,54.0,4,63,23,5,3,7,5,10,13,Marketing,Manager,Master,Female,Married,Day,Remote,Micromanager,0,0,0,1,1,1,0
3871,52,10,56895.0,2,37,28.0,3,62,22,1,5,1,8,8,8,HR,Executive,Bachelor,Male,Single,Day,Office,Micromanager,0,0,0,1,0,0,1
3872,55,15,79017.0,16,21,66.0,6,64,24,2,3,5,15,9,3,,Analyst,Bachelor,Male,Married,Flexible,Office,Micromanager,0,1,0,0,0,0,1
3873,28,9,72834.0,8,43,36.0,1,58,18,5,1,3,18,6,7,HR,Manager,PhD,Male,Single,Night,Office,Micromanager,0,0,0,0,0,0,0
3874,34,17,84752.0,1,32,30.0,5,58,18,1,1,6,0,1,15,Marketing,Executive,High School,Female,Divorced,Day,Remote,Micromanager,1,0,0,0,0,0,1
3875,34,20,88620.0,16,30,5.0,5,70,30,5,4,5,14,6,12,Operations,Engineer,Bachelor,Female,Divorced,Night,Hybrid,Hands-off,1,0,0,0,1,0,1
3876,49,12,,17,20,48.0,9,40,0,2,1,6,8,3,10,HR,Executive,Bachelor,Female,Married,Day,Office,Supportive,1,0,0,0,0,0,0
3877,28,7,49241.0,10,51,1.0,1,50,10,4,4,5,15,10,1,Engineering,Engineer,Master,Male,Single,Day,Hybrid,Balanced,1,0,0,1,0,0,0
3878,33,17,79249.0,13,58,45.0,15,50,10,1,5,2,15,1,15,Marketing,Associate,Master,Male,Married,Day,Hybrid,,0,0,0,1,0,0,0
3879,32,11,58380.0,4,36,,13,42,2,4,4,6,15,2,4,Operations,Manager,Bachelor,Female,Married,Day,Office,Supportive,0,0,0,1,0,1,1
3880,58,18,69423.0,8,32,68.0,7,50,10,4,5,4,19,6,1,Finance,Executive,Master,Female,Married,Day,Office,Hands-off,0,0,0,0,0,0,0
3881,26,15,67284.0,19,14,27.0,4,69,29,3,5,2,5,10,4,HR,Engineer,PhD,Male,Married,Day,Office,Supportive,1,0,0,0,0,0,0
3882,48,14,66958.0,20,45,20.0,5,38,0,4,1,7,9,8,4,Sales,Engineer,Bachelor,Male,Divorced,Night,Office,Balanced,1,1,0,1,0,0,0
3883,25,2,42411.0,16,22,63.0,15,42,2,1,4,4,14,4,5,Sales,Engineer,High School,Male,Divorced,Day,Hybrid,Hands-off,1,0,0,0,1,0,0
3884,33,15,103603.0,16,46,9.0,15,68,28,2,4,0,8,4,15,Sales,Analyst,Master,Male,Married,Day,Remote,Balanced,1,0,0,1,1,0,0
3885,27,7,73344.0,6,17,32.0,6,43,3,1,1,7,16,10,12,Engineering,Associate,High School,Female,Divorced,Day,Office,Supportive,0,0,0,0,0,0,0
3886,28,18,90040.0,16,15,5.0,7,61,21,3,3,0,19,9,12,Engineering,Engineer,Master,Female,Married,Day,Remote,Balanced,0,0,0,0,0,1,0
3887,49,8,56931.0,8,22,72.0,9,60,20,3,4,2,12,0,2,Operations,Manager,Master,Female,Single,Day,Office,Hands-off,0,0,0,0,0,0,0
3888,54,20,99899.0,16,51,10.0,5,56,16,1,3,2,13,10,14,Legal,Lead,Bachelor,Male,Single,Day,Remote,Balanced,1,0,1,1,0,0,0
3889,40,12,73789.0,17,26,32.0,8,41,1,2,2,2,10,4,10,Sales,Analyst,PhD,Female,Divorced,Flexible,Hybrid,Balanced,0,0,0,0,0,0,0
3890,57,10,300930.0,6,12,67.0,7,55,15,4,5,1,15,1,10,HR,Manager,Bachelor,Male,Divorced,Night,Remote,Balanced,0,0,1,0,0,0,0
3891,24,5,77234.0,19,33,,6,41,1,4,3,4,15,8,10,Legal,Analyst,Bachelor,Female,Married,Day,Hybrid,Balanced,0,0,0,0,0,0,0
3892,47,11,71376.0,6,36,54.0,6,42,2,2,2,4,9,6,6,,Manager,Master,Male,Single,Flexible,Hybrid,Supportive,1,0,0,1,0,1,0
3893,30,0,39738.0,12,32,48.0,4,34,0,1,5,7,20,8,11,Sales,Executive,Master,Male,Married,Day,Hybrid,Micromanager,0,0,0,0,0,0,0
3894,57,4,58095.0,5,23,22.0,1,35,0,1,1,3,1,3,6,Marketing,Manager,Master,Male,Married,Night,Hybrid,Supportive,0,0,0,0,0,0,0
3895,37,2,55179.0,2,27,13.0,1,50,10,2,5,1,16,6,10,,Engineer,Bachelor,Male,Married,Day,Hybrid,Balanced,0,0,1,1,1,1,0
3896,45,18,97053.0,15,7,48.0,9,35,0,3,5,1,11,4,2,Operations,Engineer,Bachelor,Male,Single,Flexible,Hybrid,Micromanager,1,0,0,1,0,0,0
3897,56,5,52475.0,17,8,27.0,4,67,27,2,1,7,19,2,0,Operations,Associate,Bachelor,Male,Divorced,Day,Hybrid,Micromanager,0,1,0,1,0,0,0
3898,55,5,66840.0,11,26,64.0,12,39,0,2,3,4,8,7,10,,Analyst,Bachelor,Male,Single,Flexible,Remote,Supportive,1,0,0,1,1,0,0
3899,23,8,66841.0,18,56,47.0,11,34,0,5,2,5,8,1,14,Engineering,Analyst,High School,Female,Married,Day,Office,Hands-off,1,1,0,1,0,0,0
3900,50,16,108734.0,12,11,6.0,3,50,10,1,4,6,6,4,4,Marketing,Analyst,Bachelor,Male,Divorced,Day,Office,,0,0,0,0,1,1,0
3901,50,9,64742.0,6,48,22.0,7,33,0,2,3,0,10,0,3,Research,Engineer,High School,Male,Divorced,Day,Office,Balanced,0,0,0,1,0,1,1
3902,49,20,85347.0,3,26,27.0,13,51,11,2,3,1,20,4,12,Marketing,Associate,Master,Male,Divorced,Flexible,Remote,Supportive,0,0,0,0,0,0,0
3903,29,9,71645.0,16,19,43.0,12,63,23,5,3,6,14,1,11,Sales,Lead,Bachelor,Female,Divorced,Day,Office,Micromanager,1,1,0,1,0,0,0
3904,27,3,41473.0,6,21,78.0,9,42,2,4,3,1,3,1,3,Marketing,Manager,PhD,Male,Divorced,Day,Hybrid,,1,0,0,1,0,0,0
3905,29,6,69030.0,9,53,60.0,5,32,0,4,4,3,15,2,4,Sales,Associate,Bachelor,Male,Divorced,Night,Remote,Micromanager,0,0,0,0,0,0,0
3906,50,13,,20,46,16.0,13,40,0,2,3,3,8,3,7,Sales,Engineer,Bachelor,Female,Married,Flexible,Remote,Balanced,1,0,0,0,1,0,0
3907,47,16,73121.0,16,21,45.0,4,43,3,2,5,2,10,3,10,Legal,Engineer,Master,Female,Married,Day,Office,Supportive,1,0,0,0,0,1,0
3908,50,6,70195.0,20,36,62.0,9,37,0,5,3,3,16,10,15,Engineering,Engineer,Bachelor,Male,Divorced,Day,Hybrid,Supportive,0,0,0,1,0,0,0
3909,41,2,38842.0,11,42,,5,36,0,3,1,5,14,6,3,Engineering,Manager,Bachelor,Male,Married,Day,Hybrid,Supportive,1,0,0,1,1,0,0
3910,39,3,183255.0,6,18,14.0,10,44,4,2,1,3,6,8,6,Engineering,Associate,Bachelor,Male,Single,Night,Hybrid,Micromanager,1,0,0,0,1,1,1
3911,50,9,62904.0,2,27,39.0,9,41,1,5,5,3,5,2,2,HR,Lead,Master,Female,Divorced,Day,Office,Supportive,0,0,0,1,0,1,0
3912,37,17,98055.0,6,10,19.0,7,37,0,5,1,5,6,3,11,Sales,Manager,Master,Female,Single,Night,Hybrid,Supportive,1,0,0,1,0,1,0
3913,26,11,77601.0,4,6,23.0,15,65,25,4,1,2,17,5,15,Engineering,Analyst,Bachelor,Female,Single,Night,Office,Supportive,0,0,0,1,0,0,0
3914,43,20,101527.0,5,19,9.0,13,51,11,2,2,1,4,4,5,Engineering,Manager,Master,Male,Divorced,Day,Hybrid,Balanced,0,1,0,0,0,1,0
3915,52,0,42652.0,15,38,42.0,9,36,0,2,1,2,15,1,12,Engineering,Engineer,Master,Female,Married,Flexible,Hybrid,,1,0,1,0,1,1,0
3916,26,5,46175.0,11,4,71.0,12,60,20,4,4,6,8,2,4,Engineering,Analyst,Master,Female,Married,Day,Hybrid,Balanced,1,0,0,1,1,0,0
3917,46,9,75082.0,3,47,77.0,8,42,2,3,5,0,5,0,0,HR,Lead,Bachelor,Male,Married,Flexible,Hybrid,Supportive,0,0,0,1,0,0,0
3918,58,12,454595.0,6,44,48.0,13,40,0,3,5,2,18,9,2,Legal,Associate,Bachelor,Female,Single,Flexible,Office,Micromanager,1,0,0,1,0,1,0
3919,38,0,49916.0,20,36,45.0,9,33,0,5,2,4,8,10,10,Operations,Associate,Master,Male,Single,Flexible,Hybrid,Balanced,1,1,0,1,1,0,0
3920,34,8,67318.0,12,42,28.0,5,51,11,3,5,4,17,6,12,HR,Associate,Master,Male,Single,Day,Remote,Supportive,1,1,0,0,0,1,0
3921,57,4,49121.0,11,43,80.0,4,48,8,2,2,0,4,3,0,Marketing,Manager,PhD,Male,Married,Day,Hybrid,Micromanager,1,0,0,0,0,0,1
3922,47,16,89485.0,6,1,49.0,15,56,16,4,2,4,12,7,1,Operations,Executive,Master,Female,Married,Day,Office,Balanced,0,0,0,1,0,0,0
3923,35,12,75794.0,14,22,69.0,6,62,22,5,3,3,2,0,8,Engineering,Manager,Bachelor,Female,Single,Day,Office,Balanced,0,0,0,1,0,0,0
3924,25,16,70171.0,6,39,31.0,7,51,11,4,2,7,16,10,0,,Analyst,Bachelor,Male,Married,Day,Remote,Supportive,1,0,0,0,0,0,0
3925,32,4,63318.0,3,39,60.0,12,40,0,4,3,5,16,2,3,Operations,Manager,Master,Male,Married,Night,Office,,0,0,0,1,0,1,0
3926,42,11,65474.0,0,16,,7,32,0,5,4,5,2,2,3,Research,Manager,High School,Male,Married,Day,Hybrid,Micromanager,1,0,0,0,0,1,0
3927,41,14,72165.0,12,33,49.0,3,41,1,1,2,7,14,4,5,Research,Manager,High School,Female,Divorced,Day,Hybrid,Balanced,1,0,0,1,1,1,0
3928,27,17,91233.0,10,45,48.0,15,34,0,1,4,5,19,6,9,Operations,Analyst,Bachelor,Male,Divorced,Day,Remote,Hands-off,0,0,0,1,0,1,1
3929,60,5,,8,33,26.0,12,47,7,2,1,0,4,9,15,Sales,Manager,Bachelor,Male,Married,Night,Office,Micromanager,1,0,0,1,0,0,0
3930,48,16,68570.0,15,24,10.0,11,60,20,3,3,3,5,0,11,Engineering,Engineer,Bachelor,Female,Married,Day,Hybrid,Balanced,1,0,1,0,0,0,0
3931,43,1,23383.0,5,40,77.0,14,62,22,3,3,5,12,8,9,Operations,Engineer,Bachelor,Female,Divorced,Day,Hybrid,,1,0,0,0,0,0,0
3932,29,0,20196.0,15,18,15.0,14,41,1,5,5,6,5,7,12,,Executive,Master,Male,Single,Day,Hybrid,Supportive,1,0,0,0,0,0,0
3933,48,0,45792.0,12,3,49.0,5,30,0,3,4,5,9,7,14,Engineering,Lead,Bachelor,Male,Single,Day,Office,Micromanager,0,1,0,0,0,0,0
3934,23,2,42568.0,15,59,52.0,8,56,16,1,4,3,9,3,3,Marketing,Engineer,High School,Male,Divorced,Flexible,Office,Supportive,0,0,0,0,0,0,0
3935,25,11,77664.0,0,49,57.0,2,54,14,5,5,3,19,4,0,Engineering,Associate,Bachelor,Female,Married,Day,Hybrid,Supportive,1,0,0,1,1,1,0
3936,30,6,42313.0,11,22,63.0,5,44,4,2,2,6,14,6,7,Sales,Engineer,Bachelor,Female,Divorced,Day,Office,Hands-off,0,1,0,1,1,0,0
3937,37,8,53944.0,2,28,13.0,4,64,24,2,2,5,5,2,4,Finance,Executive,Master,Female,Divorced,Day,Remote,Balanced,1,1,0,0,1,0,0
3938,33,3,54028.0,19,41,36.0,3,69,29,2,2,5,3,6,10,Engineering,Executive,Bachelor,Male,Married,Day,Hybrid,Supportive,1,0,0,0,0,0,0
3939,52,15,,4,23,52.0,5,36,0,3,2,7,11,9,6,Engineering,Associate,Bachelor,Female,Divorced,Day,Hybrid,Balanced,0,0,1,1,1,0,1
3940,55,19,,12,12,66.0,5,66,26,5,5,3,14,4,3,Finance,Executive,Bachelor,Female,Single,Day,Office,Hands-off,0,1,0,0,0,0,0
3941,29,1,63307.0,3,47,52.0,14,45,5,3,2,2,9,2,1,Sales,Executive,Master,Male,Married,Day,Office,Hands-off,0,0,0,1,0,0,0
3942,46,0,48418.0,4,42,65.0,9,48,8,3,2,2,4,4,13,Sales,Manager,High School,Male,Single,Day,Office,,1,0,0,1,0,0,0
3943,30,6,57451.0,7,10,39.0,3,57,17,2,4,1,13,6,11,Engineering,Analyst,High School,Male,Married,Night,Office,Supportive,0,0,0,0,0,1,0
3944,22,10,69561.0,18,49,78.0,11,41,1,2,4,3,3,3,11,Sales,Engineer,Bachelor,Female,Married,Day,Remote,Hands-off,0,0,0,0,0,0,0
3945,30,7,68389.0,15,36,19.0,13,52,12,5,4,5,12,5,6,Finance,Engineer,Master,Male,Married,Night,Office,,1,1,0,0,1,0,0
3946,21,16,75902.0,19,13,12.0,9,60,20,2,4,7,12,3,8,Engineering,Associate,Bachelor,Male,Single,Flexible,Hybrid,Balanced,0,0,0,0,1,0,1
3947,49,5,53920.0,19,35,72.0,13,52,12,5,4,2,10,4,7,Operations,Engineer,High School,Female,Single,Day,Remote,Balanced,0,0,0,1,0,0,0
3948,21,8,77937.0,9,48,,10,55,15,2,5,1,2,0,14,Engineering,Manager,Master,Male,Married,Day,Remote,Balanced,0,0,0,1,0,0,1
3949,53,11,59990.0,2,28,39.0,7,60,20,2,2,1,15,7,4,HR,Associate,Master,Male,Divorced,Flexible,Office,Hands-off,1,0,0,0,0,0,0
3950,54,17,90878.0,18,57,,2,59,19,1,3,1,16,6,15,Engineering,Engineer,Bachelor,Female,Single,Flexible,Hybrid,Hands-off,0,0,0,0,0,0,0
3951,56,20,93451.0,15,9,5.0,5,39,0,5,4,0,19,1,8,Finance,Associate,Bachelor,Female,Married,Day,Remote,Balanced,0,0,0,0,0,1,0
3952,43,2,228885.0,11,54,5.0,6,54,14,5,1,5,18,4,8,Sales,Lead,Bachelor,Female,Divorced,Day,Office,Micromanager,0,1,1,1,0,1,1
3953,27,11,83782.0,14,43,23.0,11,58,18,4,4,6,7,1,4,Marketing,Manager,Master,Female,Divorced,Day,Hybrid,Micromanager,0,0,0,0,1,1,0
3954,35,9,62564.0,19,13,30.0,3,43,3,5,4,0,2,4,15,Sales,Associate,Bachelor,Female,Single,Day,Office,Hands-off,0,0,0,0,0,0,0
3955,40,18,75988.0,2,54,15.0,7,40,0,4,3,4,6,7,8,Sales,Executive,PhD,Female,Single,Day,Office,Balanced,1,1,0,1,0,0,0
3956,60,8,72082.0,1,21,17.0,4,41,1,5,2,0,14,10,10,Operations,Associate,Master,Female,Single,Day,Office,Balanced,0,0,0,1,0,0,0
3957,54,0,28454.0,2,59,1.0,12,63,23,5,1,0,14,0,4,Research,Engineer,Master,Male,Single,Flexible,Office,Balanced,1,0,0,0,0,0,0
3958,59,8,91928.0,10,58,10.0,10,37,0,1,5,0,7,1,11,Research,Analyst,Bachelor,Male,Married,Day,Hybrid,Supportive,0,1,0,0,1,1,0
3959,59,19,71204.0,14,49,59.0,14,69,29,4,5,1,14,5,7,Sales,Associate,Bachelor,Female,Married,Day,Office,Balanced,0,0,0,1,1,1,0
3960,57,11,86143.0,3,7,47.0,8,44,4,2,1,6,9,8,8,HR,Analyst,Bachelor,Male,Divorced,Day,Office,Micromanager,0,0,0,0,0,0,0
3961,22,2,314455.0,8,11,68.0,13,46,6,3,1,0,13,3,12,Legal,Analyst,Master,Male,Married,Day,Office,Balanced,1,0,0,0,0,1,0
3962,59,0,44106.0,17,35,24.0,14,44,4,3,4,7,9,7,5,Engineering,Analyst,High School,Female,Single,Day,Hybrid,Micromanager,0,0,0,1,1,0,0
3963,38,13,75011.0,7,4,45.0,12,54,14,2,2,0,13,2,2,Operations,Lead,Bachelor,Male,Divorced,Day,Remote,Hands-off,0,1,0,1,1,0,0
3964,35,7,75837.0,8,59,13.0,9,68,28,3,3,6,16,1,10,HR,Associate,Bachelor,Female,Single,Flexible,Remote,Balanced,1,0,0,1,0,0,0
3965,25,3,60761.0,7,6,80.0,11,54,14,4,1,3,14,8,2,Engineering,Associate,Master,Male,Married,Night,Hybrid,Micromanager,0,0,0,1,0,0,0
3966,22,17,110933.0,16,58,67.0,15,30,0,5,1,2,4,7,14,Sales,Associate,High School,Male,Single,Day,Office,Balanced,1,0,0,0,0,0,0
3967,32,4,46391.0,11,53,26.0,11,66,26,3,3,2,10,1,9,Sales,Executive,Bachelor,Female,Single,Day,Remote,Balanced,0,0,0,0,1,1,0
3968,24,20,100716.0,18,6,72.0,12,43,3,3,4,3,20,1,14,Finance,Manager,Master,Male,Divorced,Day,Office,Micromanager,0,0,0,1,1,0,0
3969,45,16,103126.0,2,2,56.0,5,65,25,5,2,4,20,6,3,Research,Analyst,PhD,Female,Married,Flexible,Office,Balanced,0,1,0,0,0,0,0
3970,22,11,75236.0,10,48,26.0,7,60,20,1,1,0,7,5,11,Engineering,Analyst,Bachelor,Male,Single,Flexible,Remote,Balanced,0,0,0,0,0,0,1
3971,42,8,82941.0,7,48,8.0,14,64,24,5,4,2,13,8,13,Sales,Manager,Bachelor,Male,Single,Night,Hybrid,Balanced,1,0,0,0,0,0,0
3972,59,1,53993.0,6,57,8.0,10,39,0,2,1,2,3,4,11,Sales,Engineer,PhD,Male,Single,Flexible,Office,Supportive,1,0,0,0,0,0,0
3973,34,18,86327.0,1,23,13.0,6,67,27,5,5,0,10,8,1,Operations,Analyst,Bachelor,Male,Married,Night,Hybrid,Micromanager,0,0,1,0,0,0,1
3974,47,1,61097.0,5,4,46.0,15,30,0,4,2,5,18,6,14,Operations,Associate,Bachelor,Female,Divorced,Day,Remote,Hands-off,1,0,0,0,0,0,0
3975,51,16,83395.0,4,52,60.0,5,68,28,1,2,5,0,8,11,Sales,Executive,Bachelor,Male,Married,Day,Office,Hands-off,0,0,0,0,1,0,0
3976,41,14,377990.0,10,1,59.0,8,42,2,3,5,2,0,8,7,,Associate,High School,Female,Married,Day,Office,Balanced,0,0,0,0,0,1,0
3977,55,15,89043.0,13,9,9.0,7,35,0,4,5,4,12,1,13,Engineering,Associate,Bachelor,Female,Divorced,Day,Hybrid,Micromanager,0,1,0,0,0,0,0
3978,38,11,86624.0,20,39,18.0,6,38,0,4,4,3,2,8,10,Engineering,Lead,Master,Female,Single,Day,Hybrid,Supportive,0,0,0,0,0,1,0
3979,31,0,40256.0,10,28,61.0,2,70,30,3,2,6,14,3,15,,Associate,High School,Male,Married,Day,Hybrid,Micromanager,1,0,0,1,0,0,0
3980,38,8,50161.0,13,10,80.0,13,35,0,5,3,2,16,6,12,Engineering,Analyst,Bachelor,Male,Divorced,Flexible,Office,,0,0,0,0,0,0,0
3981,42,4,62095.0,0,43,56.0,2,59,19,2,2,0,2,5,12,HR,Lead,Master,Female,Single,Night,Office,Micromanager,1,0,0,1,0,1,0
3982,24,5,47094.0,6,15,61.0,11,50,10,5,1,4,2,6,12,Finance,Executive,Bachelor,Female,Married,Day,Hybrid,Supportive,0,0,0,0,1,0,0
3983,26,8,79229.0,10,6,26.0,10,40,0,5,3,3,16,7,10,Legal,Associate,Bachelor,Male,Divorced,Day,Hybrid,Micromanager,0,1,0,0,0,0,0
3984,53,5,75511.0,8,10,43.0,5,56,16,1,4,3,12,9,0,HR,Manager,Master,Female,Married,Day,Office,Hands-off,1,0,0,0,0,0,0
3985,53,12,57529.0,6,47,32.0,11,31,0,1,1,6,9,8,14,Engineering,Executive,Bachelor,Male,Single,Day,Office,Micromanager,1,0,0,0,1,0,0
3986,36,9,74372.0,2,17,63.0,1,36,0,1,5,4,9,6,14,Marketing,Executive,Bachelor,Male,Married,Flexible,Office,Hands-off,1,0,0,1,1,0,0
3987,34,13,64869.0,5,56,69.0,4,68,28,4,2,2,2,8,2,,Manager,Bachelor,Female,Divorced,Day,Office,Balanced,0,1,0,1,0,1,0
3988,24,10,61130.0,7,59,,6,44,4,5,4,6,6,7,13,Operations,Lead,Bachelor,Female,Single,Day,Office,Balanced,1,1,0,1,0,0,1
3989,49,15,79634.0,13,8,5.0,11,67,27,5,4,6,2,7,2,Sales,Lead,Bachelor,Male,Single,Day,Office,Balanced,1,1,0,1,1,0,0
3990,49,7,45162.0,13,31,65.0,14,47,7,5,5,5,18,4,13,Engineering,Associate,Bachelor,Female,Single,Day,Remote,Balanced,1,0,0,0,0,0,1
3991,58,16,,10,24,30.0,2,50,10,5,1,2,5,5,14,Marketing,Manager,Bachelor,Female,Single,Flexible,Office,Supportive,0,1,0,1,0,0,0
3992,28,10,43910.0,18,35,11.0,3,32,0,5,4,3,18,10,12,Finance,Lead,Bachelor,Female,Married,Night,Office,Balanced,1,0,0,0,1,1,0
3993,22,4,46430.0,13,39,79.0,2,52,12,3,2,3,0,6,12,Sales,Manager,Master,Female,Single,Day,Hybrid,Hands-off,1,0,0,1,0,0,0
3994,24,8,70462.0,4,1,30.0,12,38,0,3,2,7,5,8,7,Finance,Analyst,Master,Female,Single,Day,Office,Hands-off,0,0,0,0,1,0,0
3995,56,8,94212.0,14,49,50.0,12,35,0,2,5,0,18,9,4,Engineering,Executive,Bachelor,Male,Married,Day,Hybrid,Supportive,1,0,0,0,0,0,0
3996,21,2,69899.0,7,14,27.0,10,50,10,2,3,3,13,2,13,Operations,Executive,Bachelor,Female,Single,Day,Office,Balanced,1,0,0,0,0,0,0
3997,28,13,68674.0,14,7,30.0,13,44,4,5,2,3,11,6,2,Operations,Executive,PhD,Female,Divorced,Day,Office,Supportive,1,0,0,0,1,0,0
3998,57,7,61402.0,16,26,70.0,15,68,28,4,3,7,14,0,10,Research,Engineer,Bachelor,Male,Single,Day,Remote,Balanced,1,0,0,0,0,0,0
3999,39,10,62621.0,8,29,47.0,1,56,16,4,2,4,3,1,9,Engineering,Analyst,Bachelor,Male,Married,Day,Office,Supportive,1,0,0,0,0,0,0
4000,41,20,92966.0,16,23,63.0,12,33,0,3,5,0,10,1,1,Engineering,Manager,Bachelor,Male,Married,Flexible,Remote,Supportive,1,0,0,0,0,0,0
4001,49,13,68851.0,13,9,21.0,5,54,14,1,3,4,13,8,9,Sales,Analyst,Bachelor,Male,Married,Day,Hybrid,Balanced,0,0,0,0,0,0,0
4002,57,1,,5,2,35.0,11,37,0,1,2,6,3,2,0,Legal,Executive,Bachelor,Male,Single,Day,Office,Balanced,0,1,0,0,0,1,0
4003,50,16,76033.0,0,9,49.0,13,57,17,1,5,6,4,7,7,Sales,Analyst,Master,Female,Single,Day,Hybrid,Balanced,1,1,0,0,0,0,0
4004,44,11,74528.0,8,58,30.0,11,67,27,4,3,0,12,5,12,Engineering,Lead,High School,Male,Single,Day,Remote,Supportive,1,0,0,0,1,1,0
4005,53,5,,20,57,11.0,5,49,9,5,2,1,3,10,2,Engineering,Analyst,Master,Female,Married,Night,Office,Supportive,0,0,0,0,1,0,0
4006,43,11,76637.0,5,32,25.0,2,59,19,3,5,3,16,6,0,Operations,Executive,Bachelor,Male,Single,Night,Remote,Balanced,1,0,0,1,0,0,0
4007,24,6,77931.0,13,8,62.0,10,58,18,5,5,4,13,8,14,,Manager,Master,Male,Divorced,Night,Remote,Micromanager,0,0,0,1,0,0,0
4008,34,13,,7,40,24.0,4,47,7,5,1,1,1,7,6,Engineering,Lead,Bachelor,Male,Married,Night,Office,Hands-off,0,0,0,0,0,0,0
4009,40,2,42342.0,10,39,43.0,4,33,0,4,3,7,3,9,11,Marketing,Analyst,PhD,Male,Married,Night,Remote,Supportive,0,0,0,0,0,0,0
4010,37,20,97468.0,4,32,1.0,13,50,10,5,5,0,19,10,0,Marketing,Associate,Master,Female,Single,Day,Office,Balanced,1,0,0,0,0,1,0
4011,38,18,90499.0,19,57,25.0,8,39,0,4,2,7,17,2,2,Marketing,Associate,Master,Male,Single,Flexible,Hybrid,Supportive,1,0,0,1,0,0,0
4012,41,7,76967.0,19,6,67.0,8,49,9,3,1,3,4,10,6,Engineering,Lead,Bachelor,Female,Single,Day,Hybrid,Supportive,1,0,0,0,0,1,0
4013,36,5,54972.0,7,44,66.0,6,39,0,1,2,3,7,5,3,Finance,Analyst,High School,Female,Married,Day,Hybrid,Balanced,1,0,0,0,0,0,0
4014,26,13,,3,2,66.0,10,58,18,4,2,6,3,6,11,Research,Lead,Bachelor,Female,Married,Day,Hybrid,Supportive,1,0,0,1,0,1,0
4015,52,2,26415.0,8,57,47.0,7,61,21,5,2,1,14,4,1,Engineering,Engineer,Bachelor,Female,Single,Day,Hybrid,Supportive,0,0,0,0,1,0,1
4016,38,15,79604.0,9,58,25.0,3,46,6,1,5,0,12,3,5,Research,Lead,High School,Male,Divorced,Day,Office,Micromanager,0,0,0,1,1,0,0
4017,46,0,43445.0,9,40,71.0,9,31,0,5,3,4,7,7,15,Sales,Associate,Bachelor,Male,Married,Night,Remote,Supportive,1,0,0,1,0,1,0
4018,24,0,61645.0,15,7,76.0,2,52,12,1,4,3,15,3,13,Sales,Executive,PhD,Female,Single,Flexible,Office,Supportive,0,0,0,0,1,0,0
4019,60,16,89777.0,8,29,33.0,8,51,11,3,4,3,4,0,13,Marketing,Engineer,Master,Female,Single,Night,Hybrid,Supportive,0,0,0,1,0,0,0
4020,27,8,65807.0,0,56,76.0,2,68,28,1,1,7,5,10,10,HR,Engineer,Master,Female,Married,Night,Office,Balanced,0,0,1,0,1,0,0
4021,35,1,55409.0,15,55,63.0,7,32,0,3,2,3,7,4,6,Sales,Associate,High School,Female,Divorced,Day,Office,Balanced,1,0,0,0,0,0,0
4022,59,10,72030.0,0,11,70.0,2,37,0,5,2,2,7,2,3,Marketing,Lead,PhD,Female,Divorced,Day,Remote,Supportive,0,0,0,0,1,0,0
4023,32,6,40847.0,17,9,11.0,4,69,29,4,3,1,5,0,14,HR,Associate,High School,Male,Single,Flexible,Hybrid,Hands-off,1,0,0,0,1,0,0
4024,44,9,53340.0,20,28,51.0,3,53,13,3,5,1,16,0,10,Finance,Executive,Master,Male,Single,Day,Office,Balanced,1,0,0,0,1,0,0
4025,36,13,73331.0,13,22,64.0,3,61,21,5,1,3,16,3,4,HR,Manager,Master,Female,Married,Night,Office,Supportive,1,0,0,1,1,0,0
4026,48,16,72539.0,7,4,7.0,8,70,30,1,2,3,1,7,4,Engineering,Executive,Bachelor,Male,Married,Day,Office,Balanced,1,0,0,0,0,0,0
4027,30,6,42340.0,9,1,50.0,14,52,12,2,4,1,10,10,0,Finance,Executive,High School,Female,Married,Day,Remote,Micromanager,0,0,0,1,1,1,0
4028,25,0,56756.0,14,51,75.0,5,66,26,1,1,0,16,3,4,Operations,Executive,Bachelor,Female,Divorced,Night,Office,Balanced,0,0,0,0,1,0,0
4029,25,11,74599.0,4,25,,7,66,26,1,3,1,8,8,6,HR,Executive,Bachelor,Male,Single,Day,Office,Supportive,0,0,0,0,1,0,1
4030,51,6,59355.0,16,45,48.0,15,69,29,1,4,5,8,7,0,Operations,Manager,Bachelor,Female,Divorced,Day,Hybrid,Balanced,1,0,0,0,0,0,0
4031,49,5,47017.0,8,29,34.0,5,52,12,4,1,2,13,2,6,Engineering,Manager,Bachelor,Female,Single,Night,Office,Supportive,1,0,0,0,0,0,0
4032,42,6,53145.0,17,38,4.0,11,62,22,2,1,6,4,8,6,Operations,Associate,High School,Female,Married,Day,Hybrid,Micromanager,0,0,1,0,0,0,1
4033,22,5,48033.0,8,44,1.0,11,32,0,2,1,3,14,1,0,Finance,Executive,Bachelor,Female,Married,Night,Office,Supportive,0,0,0,1,0,0,0
4034,47,20,108180.0,12,37,16.0,4,51,11,5,4,7,16,4,12,Sales,Manager,Master,Female,Married,Day,Hybrid,Supportive,0,0,0,1,1,1,0
4035,47,14,73574.0,16,40,54.0,11,43,3,5,3,7,3,9,2,Sales,Associate,Bachelor,Female,Single,Day,Office,Hands-off,1,0,0,0,1,0,0
4036,58,12,,0,53,23.0,1,63,23,1,3,5,19,8,3,Research,Executive,Master,Female,Single,Day,Hybrid,Balanced,1,1,0,0,0,0,0
4037,41,18,90601.0,3,9,53.0,1,68,28,3,3,1,0,8,3,Sales,Executive,Bachelor,Female,Divorced,Day,Office,Supportive,0,0,0,1,0,0,0
4038,25,19,83839.0,13,29,52.0,6,53,13,3,3,5,12,10,8,Sales,Lead,Bachelor,Other,Single,Day,Hybrid,Balanced,0,0,0,0,1,0,0
4039,34,20,103095.0,10,29,20.0,3,68,28,4,3,1,17,0,14,Marketing,Engineer,Master,Male,Married,Day,Office,Balanced,0,0,0,0,1,0,0
4040,32,0,64089.0,11,46,36.0,12,50,10,2,2,7,2,1,10,Finance,Lead,Master,Male,Divorced,Day,Hybrid,Hands-off,1,0,0,0,1,0,0
4041,36,16,81516.0,5,11,25.0,8,44,4,4,1,7,0,3,15,Engineering,Executive,High School,Female,Divorced,Day,Hybrid,Supportive,0,0,0,1,0,0,0
4042,48,17,93262.0,6,44,75.0,7,44,4,2,5,5,2,4,14,Sales,Lead,Bachelor,Female,Single,Day,Remote,Micromanager,0,1,1,0,0,0,0
4043,45,15,104904.0,16,50,73.0,3,35,0,1,5,0,14,6,0,Operations,Analyst,Master,Male,Married,Day,Hybrid,Balanced,1,0,0,1,0,0,0
4044,40,16,78546.0,6,17,53.0,1,58,18,2,2,4,18,2,11,Operations,Engineer,Bachelor,Male,Single,Day,Office,Micromanager,0,0,0,0,0,1,0
4045,35,10,59908.0,0,43,62.0,13,58,18,1,4,1,6,7,3,Operations,Manager,Bachelor,Male,Married,Day,Hybrid,Micromanager,0,0,0,0,0,1,0
4046,33,16,96230.0,6,58,75.0,8,33,0,3,1,2,7,9,8,Engineering,Manager,High School,Male,Married,Day,Office,Balanced,0,0,1,1,0,1,0
4047,60,11,82437.0,10,8,30.0,3,43,3,1,4,7,17,2,0,Finance,Engineer,Bachelor,Female,Single,Day,Hybrid,Micromanager,0,1,0,0,1,1,0
4048,23,6,,1,29,44.0,8,57,17,4,5,1,16,4,14,,Associate,Bachelor,Female,Single,Day,Remote,Balanced,1,1,0,0,1,0,0
4049,59,4,51839.0,16,21,15.0,9,54,14,2,5,6,3,2,13,Marketing,Associate,Master,Female,Single,Day,Office,Supportive,1,0,1,0,0,0,0
4050,39,11,44778.0,5,32,7.0,3,44,4,4,1,1,13,8,10,Marketing,Manager,High School,Male,Divorced,Night,Hybrid,Supportive,0,0,0,0,0,1,0
4051,54,5,65591.0,15,38,48.0,4,59,19,4,1,7,11,10,6,Engineering,Analyst,Bachelor,Male,Single,Day,Hybrid,Supportive,0,0,0,0,0,0,0
4052,38,15,64598.0,16,19,,10,33,0,1,1,6,13,8,3,,Lead,Master,Female,Married,Day,Remote,Balanced,1,0,0,1,0,0,0
4053,38,11,66773.0,9,41,,2,56,16,3,1,7,10,1,12,Marketing,Manager,Master,Female,Divorced,Day,Hybrid,Balanced,1,0,0,0,0,0,1
4054,59,0,33380.0,15,42,71.0,1,31,0,4,4,4,18,4,4,Research,Manager,High School,Female,Divorced,Day,Office,Balanced,1,0,0,0,0,0,0
4055,55,0,58952.0,17,20,10.0,9,54,14,4,1,5,12,1,4,Engineering,Manager,High School,Male,Married,Day,Remote,Balanced,0,0,0,0,0,1,0
4056,51,5,61385.0,15,43,76.0,1,30,0,4,5,5,8,5,1,Marketing,Associate,Master,Female,Single,Day,Remote,Supportive,0,0,0,0,0,0,0
4057,38,9,87002.0,1,9,40.0,6,58,18,3,5,2,4,6,0,Engineering,Engineer,Master,Male,Single,Day,Remote,Hands-off,0,0,0,0,0,0,0
4058,52,19,87585.0,17,5,75.0,5,63,23,1,1,5,5,0,5,Engineering,Executive,Master,Male,Married,Day,Office,Balanced,0,0,0,1,0,0,1
4059,40,13,43819.0,16,10,60.0,4,54,14,3,1,4,16,3,1,HR,Engineer,Bachelor,Male,Single,Day,Remote,Hands-off,0,0,0,1,1,0,0
4060,27,19,98226.0,7,23,77.0,10,30,0,1,4,5,16,7,13,Engineering,Analyst,PhD,Female,Married,Day,Office,Hands-off,0,0,0,1,0,0,0
4061,56,6,65694.0,9,10,59.0,2,42,2,3,1,6,14,0,9,Research,Executive,Bachelor,Female,Single,Day,Office,Supportive,1,0,1,0,0,1,0
4062,44,13,91575.0,16,37,40.0,13,50,10,3,5,5,13,6,6,Engineering,Analyst,Master,Female,Married,Day,Remote,Balanced,0,0,0,0,1,0,1
4063,36,7,56333.0,10,23,59.0,4,31,0,4,4,5,8,10,4,Engineering,Engineer,Master,Female,Divorced,Day,Office,Balanced,1,0,0,0,0,0,0
4064,60,4,60347.0,7,47,72.0,2,30,0,5,2,3,18,10,3,Operations,Associate,Bachelor,Male,Divorced,Day,Hybrid,Micromanager,1,0,1,0,0,0,0
4065,52,12,,5,9,45.0,15,31,0,2,1,5,20,7,4,Operations,Engineer,Bachelor,Male,Divorced,Night,Office,Supportive,1,0,0,1,1,1,0
4066,28,15,117265.0,16,60,20.0,4,56,16,3,4,0,15,10,5,Sales,Engineer,Master,Female,Divorced,Day,Office,Balanced,1,0,0,1,1,0,0
4067,40,12,88817.0,1,10,,5,38,0,4,5,1,20,2,3,Sales,Manager,Master,Male,Divorced,Night,Office,Balanced,0,0,0,0,1,1,0
4068,53,11,86863.0,15,1,21.0,1,48,8,2,5,4,0,6,13,Research,Engineer,Bachelor,Male,Divorced,Day,Hybrid,Micromanager,0,0,0,1,0,1,0
4069,52,3,43001.0,7,27,23.0,11,49,9,2,2,4,19,10,0,Engineering,Engineer,High School,Female,Single,Day,Hybrid,Balanced,0,0,0,0,0,0,0
4070,23,4,58903.0,0,31,11.0,5,42,2,2,2,1,4,10,2,Sales,Analyst,High School,Male,Divorced,Day,Hybrid,Supportive,1,0,0,1,0,1,0
4071,24,1,68623.0,2,55,45.0,15,39,0,2,5,2,12,3,13,Sales,Manager,Bachelor,Female,Divorced,Day,Remote,Hands-off,0,0,0,1,1,1,0
4072,59,7,46854.0,2,45,17.0,13,47,7,5,2,4,1,7,0,Operations,Manager,Bachelor,Female,Married,Day,Office,Micromanager,1,0,0,0,0,0,0
4073,55,9,78761.0,20,14,42.0,2,68,28,5,4,1,6,2,13,Operations,Engineer,Master,Female,Single,Day,Office,Micromanager,0,1,0,0,0,0,0
4074,39,12,70952.0,15,34,41.0,2,56,16,2,2,6,0,3,11,Finance,Engineer,Bachelor,Female,Single,Flexible,Hybrid,Balanced,1,0,0,0,0,0,0
4075,26,1,30033.0,15,18,1.0,2,52,12,5,2,3,9,3,10,Engineering,Engineer,Bachelor,Female,Divorced,Day,Remote,Balanced,0,0,0,1,0,1,1
4076,44,3,53005.0,0,24,,2,36,0,4,4,5,9,6,6,Operations,Lead,Bachelor,Female,Divorced,Day,Remote,Balanced,0,0,0,0,1,0,0
4077,34,9,68879.0,18,6,59.0,2,59,19,4,4,1,19,2,1,Sales,Engineer,Bachelor,Male,Married,Day,Office,Balanced,0,0,0,1,0,0,0
4078,22,9,59392.0,16,49,44.0,8,43,3,3,3,3,0,1,10,Engineering,Executive,Bachelor,Female,Divorced,Day,Remote,Balanced,0,0,0,0,0,0,0
4079,57,1,33435.0,17,19,55.0,1,61,21,1,2,1,14,6,8,Engineering,Associate,Bachelor,Female,Single,Day,Office,Supportive,1,1,0,1,0,0,0
4080,55,12,65823.0,10,19,49.0,4,54,14,4,5,2,15,5,9,HR,Engineer,Master,Male,Married,Flexible,Office,Balanced,0,1,0,0,0,1,0
4081,50,15,78039.0,6,39,44.0,3,45,5,3,1,3,7,9,2,Sales,Lead,Bachelor,Male,Married,Day,Remote,Micromanager,0,1,0,0,0,0,0
4082,37,6,47347.0,13,32,38.0,9,54,14,1,3,4,19,3,12,Engineering,Lead,Bachelor,Male,Single,Day,Hybrid,Balanced,1,0,0,1,0,0,0
4083,50,1,25587.0,15,55,0.0,7,51,11,1,5,1,5,2,1,Engineering,Manager,Bachelor,Male,Divorced,Day,Hybrid,Balanced,0,0,0,1,0,0,0
4084,31,6,65151.0,9,9,38.0,1,64,24,3,2,3,0,4,15,Finance,Analyst,Bachelor,Female,Married,Day,Office,Hands-off,1,0,0,1,0,0,0
4085,52,10,69141.0,6,28,45.0,1,47,7,5,5,1,11,1,5,Engineering,Associate,Bachelor,Female,Married,Day,Office,Micromanager,1,0,0,0,1,0,0
4086,27,18,83331.0,4,54,46.0,10,59,19,3,2,2,16,4,12,Marketing,Manager,Bachelor,Female,Divorced,Day,Hybrid,Supportive,1,0,0,0,0,1,0
4087,41,19,100250.0,4,47,5.0,2,30,0,5,3,6,6,8,11,Marketing,Analyst,Bachelor,Male,Single,Day,Hybrid,,1,0,0,1,0,0,0
4088,22,9,71693.0,6,5,53.0,4,32,0,3,4,3,11,5,10,Engineering,Manager,Master,Female,Married,Day,Hybrid,Supportive,1,0,0,1,0,0,0
4089,36,19,,14,17,31.0,9,53,13,5,1,0,3,9,14,Engineering,Lead,Master,Male,Single,Day,Hybrid,Micromanager,0,0,1,0,0,0,0
4090,53,5,63797.0,17,27,32.0,10,45,5,3,2,1,11,2,3,Sales,Associate,Master,Male,Single,Flexible,Remote,,0,0,0,0,0,0,0
4091,50,6,40293.0,12,47,20.0,4,65,25,2,3,4,9,6,13,Finance,Manager,Bachelor,Male,Single,Day,Office,Supportive,0,0,0,1,1,0,0
4092,35,8,61803.0,18,44,13.0,1,47,7,5,1,2,16,10,13,HR,Manager,Bachelor,Male,Single,Day,Office,Balanced,1,0,0,0,0,0,0
4093,40,2,52827.0,0,21,49.0,10,59,19,5,3,3,11,4,3,HR,Executive,Bachelor,Male,Divorced,Night,Office,Balanced,0,1,0,0,0,0,0
4094,40,18,93775.0,2,34,59.0,6,59,19,1,3,2,0,0,9,Finance,Manager,Master,Male,Single,Flexible,Hybrid,Micromanager,0,0,0,0,0,0,0
4095,58,2,42933.0,18,42,42.0,1,62,22,1,4,2,20,2,13,Finance,Engineer,Bachelor,Male,Divorced,Day,Remote,Balanced,0,0,1,1,0,1,1
4096,29,6,63839.0,15,26,28.0,3,56,16,2,4,5,10,1,12,HR,Lead,PhD,Female,Divorced,Flexible,Office,Balanced,0,0,0,0,0,0,0
4097,60,2,53148.0,8,43,65.0,11,37,0,3,5,2,8,8,0,Legal,Engineer,High School,Female,Married,Day,Remote,Supportive,0,0,0,0,1,1,0
4098,34,13,352345.0,5,30,33.0,12,67,27,5,3,0,8,7,2,Sales,Associate,Master,Male,Single,Day,Office,Balanced,0,0,0,1,0,0,0
4099,30,18,80423.0,16,9,46.0,10,53,13,5,2,1,3,3,10,Engineering,Analyst,PhD,Female,Married,Day,Hybrid,Balanced,1,0,0,0,1,0,0
4100,52,6,53334.0,14,32,,5,44,4,3,1,6,4,3,3,Engineering,Lead,Master,Female,Married,Day,Office,Micromanager,0,0,0,0,0,0,1
4101,33,4,23677.0,19,19,33.0,8,33,0,5,2,6,2,10,4,Engineering,Executive,Master,Female,Married,Flexible,Office,Supportive,0,0,0,1,0,0,0
4102,54,1,55913.0,17,12,66.0,6,50,10,3,4,1,13,9,11,,Analyst,Bachelor,Male,Divorced,Day,Remote,Micromanager,0,0,1,1,0,0,0
4103,36,10,72049.0,9,2,15.0,8,67,27,2,4,3,12,7,15,Operations,Engineer,Master,Female,Divorced,Day,Office,Micromanager,0,0,0,1,1,1,0
4104,26,8,72365.0,13,37,65.0,6,60,20,1,4,0,0,2,6,Engineering,Manager,High School,Female,Divorced,Flexible,Office,Balanced,0,0,0,1,0,0,0
4105,31,10,47764.0,4,25,,9,32,0,2,1,6,2,6,14,Finance,Manager,High School,Female,Single,Day,Office,Hands-off,0,0,0,1,0,0,0
4106,56,20,,4,14,11.0,6,56,16,4,4,0,5,7,0,Operations,Manager,Bachelor,Female,Married,Night,Hybrid,Hands-off,1,0,0,0,0,0,0
4107,22,13,73762.0,6,27,61.0,4,47,7,2,2,2,17,3,7,Sales,Engineer,Bachelor,Female,Married,Night,Office,Micromanager,1,0,0,1,0,0,0
4108,27,13,89868.0,0,52,37.0,2,38,0,2,2,1,20,0,5,Operations,Manager,Bachelor,Female,Married,Day,Hybrid,Balanced,0,0,1,1,0,0,1
4109,57,0,,12,26,38.0,3,41,1,1,4,2,14,3,6,Marketing,Manager,High School,Male,Married,Day,Office,Hands-off,1,0,0,0,0,0,0
4110,39,14,76796.0,9,36,36.0,4,70,30,3,1,2,13,5,14,Engineering,Associate,Bachelor,Female,Married,Day,Office,Balanced,1,0,1,1,0,0,0
4111,28,8,65937.0,18,28,16.0,14,66,26,4,1,6,20,8,7,Sales,Executive,Bachelor,Male,Single,Night,Hybrid,Supportive,0,0,0,1,0,0,0
4112,55,17,72284.0,7,49,68.0,1,36,0,3,3,4,11,6,11,Finance,Engineer,Master,Male,Married,Day,Hybrid,Balanced,0,0,0,1,1,0,1
4113,43,2,63859.0,4,26,12.0,9,46,6,5,2,4,20,9,6,Finance,Lead,High School,Female,Divorced,Day,Hybrid,Micromanager,1,0,0,1,1,0,0
4114,53,9,64900.0,5,26,71.0,9,52,12,1,2,2,15,10,8,Sales,Analyst,Bachelor,Female,Married,Day,Office,Supportive,0,0,0,0,1,0,0
4115,30,20,100953.0,4,4,34.0,13,68,28,4,3,6,2,1,0,Engineering,Engineer,Bachelor,Male,Divorced,Day,Hybrid,Balanced,1,0,0,1,0,1,0
4116,29,13,68935.0,7,33,25.0,1,60,20,3,2,3,7,7,6,Marketing,Lead,Master,Male,Married,Night,Office,Hands-off,0,0,0,1,0,0,0
4117,23,14,72046.0,9,43,27.0,7,59,19,2,1,6,18,0,11,Research,Engineer,Bachelor,Female,Married,Day,Remote,Balanced,1,0,0,1,0,0,1
4118,28,10,,17,39,29.0,4,45,5,4,4,2,3,1,2,Engineering,Lead,Bachelor,Male,Single,Flexible,Remote,Balanced,1,0,0,1,1,0,0
4119,36,4,68920.0,8,14,15.0,12,53,13,2,2,0,11,10,11,HR,Analyst,Bachelor,Male,Married,Day,Office,Hands-off,0,0,0,0,0,0,0
4120,38,1,,17,14,66.0,5,57,17,2,4,2,16,3,6,Marketing,Associate,Master,Other,Married,Day,Remote,Supportive,0,0,1,0,0,0,1
4121,54,0,23821.0,14,46,30.0,14,55,15,2,2,2,15,5,15,Engineering,Lead,Master,Male,Married,Flexible,Hybrid,Supportive,1,0,0,1,1,0,0
4122,59,9,78812.0,3,51,52.0,1,35,0,4,1,3,20,9,11,Research,Executive,Bachelor,Male,Divorced,Day,Office,Hands-off,0,0,0,0,0,1,0
4123,55,2,,1,21,41.0,6,54,14,2,4,6,15,4,3,HR,Associate,High School,Male,Single,Night,Remote,Balanced,0,0,0,1,0,1,0
4124,35,16,96317.0,13,16,16.0,10,43,3,5,4,5,2,2,14,Engineering,Executive,Bachelor,Male,Single,Day,Hybrid,Micromanager,1,0,0,1,0,0,0
4125,47,11,51251.0,19,1,34.0,13,51,11,5,3,3,20,4,12,Research,Manager,Bachelor,Female,Single,Day,Office,Balanced,0,1,0,0,0,0,0
4126,32,0,54205.0,14,1,,11,54,14,5,5,2,8,0,9,Finance,Associate,Master,Male,Single,Day,Hybrid,Supportive,0,0,0,1,0,0,0
4127,52,12,,3,50,65.0,1,66,26,4,2,7,17,2,10,Engineering,Manager,High School,Female,Divorced,Day,Office,Micromanager,0,0,0,0,1,0,0
4128,21,18,78078.0,3,31,67.0,4,65,25,3,4,5,17,9,14,Marketing,Executive,Master,Female,Divorced,Day,Office,Balanced,0,0,0,1,0,0,1
4129,55,7,65661.0,20,12,38.0,4,62,22,5,1,6,10,9,1,,Engineer,Master,Female,Married,Day,Remote,Micromanager,1,0,0,0,0,1,0
4130,54,11,61524.0,11,45,19.0,9,37,0,1,5,0,0,8,0,Marketing,Engineer,Bachelor,Female,Divorced,Day,Remote,Supportive,1,0,0,0,0,1,0
4131,54,17,,20,48,17.0,13,47,7,4,1,4,18,2,7,Engineering,Executive,High School,Male,Married,Day,Office,Balanced,1,0,0,1,0,0,0
4132,26,15,100482.0,16,57,,2,36,0,1,4,0,14,4,0,Operations,Associate,Master,Male,Single,Night,Office,Hands-off,1,1,0,0,1,0,0
4133,53,3,39751.0,20,46,44.0,13,51,11,2,3,6,19,5,12,Finance,Analyst,Master,Female,Divorced,Flexible,Office,Balanced,1,0,0,1,0,0,0
4134,38,9,88678.0,3,21,60.0,13,63,23,1,3,7,13,0,2,Research,Analyst,Bachelor,Female,Divorced,Day,Remote,Balanced,0,0,0,0,0,0,0
4135,30,3,39205.0,17,3,27.0,13,36,0,2,5,2,7,7,8,Sales,Engineer,Master,Female,Divorced,Flexible,Office,Balanced,0,0,1,0,0,0,1
4136,39,18,,10,39,33.0,3,59,19,1,2,2,11,5,14,Engineering,Analyst,Master,Female,Divorced,Night,Hybrid,Supportive,0,1,0,0,0,0,0
4137,22,9,89486.0,8,5,17.0,7,30,0,5,3,5,7,2,3,Engineering,Executive,Bachelor,Female,Single,Flexible,Office,Hands-off,1,1,0,0,0,0,0
4138,40,14,81217.0,2,44,80.0,1,66,26,2,5,3,16,4,5,HR,Lead,Bachelor,Male,Divorced,Day,Office,,0,0,0,1,1,0,0
4139,23,16,96074.0,14,44,43.0,6,38,0,2,3,1,11,6,11,Sales,Manager,Master,Male,Divorced,Day,Office,,1,0,1,1,1,0,0
4140,57,0,51615.0,14,25,24.0,14,41,1,4,1,2,4,1,3,Research,Engineer,Master,Male,Single,Day,Office,Balanced,0,0,0,1,1,0,0
4141,32,16,79468.0,13,21,12.0,3,44,4,2,3,7,12,8,10,Sales,Lead,Bachelor,Female,Married,Day,Remote,Micromanager,1,0,0,0,0,0,0
4142,48,17,76662.0,5,19,6.0,9,58,18,5,4,6,11,8,11,Marketing,Engineer,Bachelor,Male,Single,Night,Remote,,0,0,1,0,0,1,0
4143,59,19,69700.0,10,4,18.0,6,60,20,3,1,1,6,9,4,Finance,Lead,Bachelor,Female,Married,Night,Remote,,1,0,0,0,0,1,1
4144,54,2,37099.0,6,46,27.0,13,61,21,4,1,6,8,1,8,Operations,Associate,Master,Male,Married,Day,Hybrid,Micromanager,0,1,0,1,0,0,0
4145,25,16,99597.0,8,8,50.0,13,48,8,1,2,5,11,2,11,Sales,Manager,Master,Male,Divorced,Night,Office,Supportive,0,0,0,0,1,0,0
4146,60,17,94797.0,1,22,77.0,14,40,0,4,1,3,15,5,12,Operations,Executive,Bachelor,Male,Divorced,Night,Remote,Supportive,1,0,1,0,0,0,0
4147,49,9,57856.0,17,48,10.0,7,53,13,4,3,5,0,0,4,Sales,Analyst,Master,Male,Divorced,Flexible,Hybrid,Hands-off,0,1,0,1,0,0,0
4148,48,19,90567.0,12,51,14.0,4,57,17,3,1,0,11,2,8,Research,Lead,Bachelor,Female,Single,Flexible,Hybrid,Balanced,0,0,0,1,1,0,0
4149,57,7,83496.0,7,35,4.0,13,42,2,5,1,7,18,3,9,Finance,Lead,Bachelor,Male,Divorced,Day,Hybrid,Micromanager,0,0,0,0,0,0,0
4150,39,7,59125.0,11,2,56.0,4,66,26,5,4,0,2,8,12,Finance,Analyst,Master,Male,Divorced,Day,Remote,Balanced,1,0,0,0,1,0,0
4151,53,13,87655.0,1,8,73.0,4,66,26,1,1,4,17,9,6,Engineering,Engineer,Bachelor,Male,Married,Flexible,Remote,Hands-off,0,0,0,1,0,0,0
4152,48,11,70549.0,0,14,31.0,4,51,11,1,4,5,5,2,0,,Manager,Bachelor,Female,Divorced,Flexible,Hybrid,Balanced,1,0,0,1,0,0,0
4153,35,3,49356.0,0,40,32.0,14,41,1,3,5,3,3,5,0,Finance,Analyst,Master,Female,Single,Day,Office,Balanced,0,0,0,0,1,1,0
4154,25,16,86025.0,20,35,34.0,13,64,24,4,4,2,13,7,9,Engineering,Analyst,Bachelor,Male,Divorced,Day,Hybrid,Balanced,0,0,0,1,0,0,0
4155,40,17,88651.0,13,7,7.0,5,37,0,1,4,5,5,9,11,Operations,Manager,Master,Female,Married,Day,Remote,Balanced,0,0,0,0,0,1,0
4156,31,0,53898.0,0,5,26.0,7,47,7,5,3,5,3,8,4,Finance,Analyst,Master,Male,Single,Day,Hybrid,,0,0,1,0,0,1,0
4157,54,0,,7,18,68.0,9,70,30,2,3,6,12,10,6,Finance,Engineer,PhD,Female,Divorced,Day,Hybrid,Supportive,1,0,0,1,0,0,0
4158,44,6,73224.0,4,37,8.0,7,58,18,5,3,4,0,7,11,Sales,Manager,Bachelor,Male,Married,Flexible,Hybrid,Micromanager,0,0,0,1,0,0,0
4159,46,16,66322.0,14,14,2.0,12,56,16,5,1,7,4,1,6,Sales,Manager,PhD,Female,Single,Flexible,Office,Supportive,1,0,1,0,0,0,0
4160,58,13,88357.0,18,42,59.0,15,68,28,3,3,2,20,8,14,Sales,Manager,Master,Other,Divorced,Day,Office,Balanced,0,0,0,0,1,0,0
4161,28,0,33591.0,6,2,25.0,2,60,20,5,5,1,7,5,10,Research,Associate,Master,Female,Single,Flexible,Office,Micromanager,1,0,1,0,0,0,0
4162,48,0,44220.0,5,31,6.0,10,59,19,2,4,0,3,8,8,Engineering,Lead,Bachelor,Female,Married,Day,Remote,Supportive,0,1,0,0,1,0,1
4163,38,6,63301.0,13,28,24.0,8,41,1,4,4,1,2,5,5,Marketing,Engineer,Master,Female,Single,Day,Office,Micromanager,0,0,0,0,1,0,0
4164,22,13,,0,34,6.0,10,45,5,3,2,7,11,3,7,Engineering,Engineer,Bachelor,Male,Single,Day,Remote,Balanced,1,0,0,0,0,1,0
4165,38,20,92067.0,5,15,75.0,12,46,6,2,4,2,17,7,13,Research,Analyst,Bachelor,Male,Divorced,Day,Office,Supportive,0,0,1,0,0,0,0
4166,51,14,60565.0,18,46,4.0,11,35,0,5,2,7,20,4,5,Sales,Executive,Bachelor,Female,Married,Night,Office,Balanced,0,0,0,0,0,0,0
4167,48,20,97903.0,12,4,73.0,7,49,9,2,5,1,10,10,6,,Analyst,Bachelor,Female,Married,Day,Hybrid,Balanced,1,0,0,0,0,1,0
4168,27,4,46697.0,3,29,38.0,5,40,0,4,2,3,3,10,10,Sales,Lead,High School,Male,Divorced,Day,Office,Micromanager,0,1,0,1,0,0,0
4169,56,5,51514.0,9,57,4.0,8,66,26,2,4,1,6,8,9,Operations,Associate,Master,Male,Married,Flexible,Office,Balanced,0,0,0,1,1,1,1
4170,52,1,54252.0,20,18,8.0,7,67,27,4,1,5,15,10,4,Engineering,Engineer,Bachelor,Female,Married,Day,Office,Hands-off,0,0,0,1,0,1,0
4171,26,6,,14,19,40.0,13,50,10,2,4,6,3,7,0,Sales,Analyst,Bachelor,Female,Married,Day,Remote,Balanced,0,0,0,1,0,0,0
4172,38,15,108833.0,12,50,80.0,1,56,16,4,2,5,19,4,14,Finance,Manager,Bachelor,Male,Divorced,Day,Remote,Balanced,0,1,0,1,0,1,0
4173,60,20,77991.0,11,19,12.0,11,30,0,5,1,4,0,7,5,Finance,Engineer,Master,Male,Single,Night,Hybrid,Balanced,0,1,0,1,0,0,0
4174,55,4,,15,48,22.0,6,59,19,3,1,2,9,1,1,Finance,Lead,Master,Female,Married,Day,Office,Balanced,1,0,0,1,0,0,0
4175,49,16,97715.0,9,53,26.0,4,41,1,2,2,7,13,1,15,Operations,Executive,Master,Male,Single,Night,Hybrid,Balanced,1,0,0,0,0,0,0
4176,32,13,88971.0,10,5,18.0,2,65,25,1,3,7,14,7,13,Engineering,Manager,High School,Female,Single,Day,Hybrid,Balanced,0,1,0,0,0,0,0
4177,21,16,106114.0,10,56,41.0,7,44,4,4,4,6,20,9,0,HR,Lead,Bachelor,Female,Divorced,Day,Hybrid,Supportive,1,0,0,0,1,0,0
4178,44,5,64832.0,11,42,38.0,7,59,19,3,1,2,6,3,11,Sales,Associate,PhD,Female,Single,Day,Office,Balanced,0,1,1,1,0,0,1
4179,43,5,58907.0,3,27,12.0,4,53,13,3,3,7,16,6,6,Operations,Executive,High School,Female,Married,Day,Office,Micromanager,0,1,0,1,0,0,0
4180,58,6,61957.0,3,14,68.0,11,68,28,3,2,7,17,8,8,Research,Lead,High School,Male,Single,Day,Office,Supportive,1,0,0,1,0,1,0
4181,30,9,49171.0,5,55,46.0,15,62,22,5,3,2,17,3,6,Operations,Associate,High School,Female,Married,Day,Hybrid,Micromanager,0,0,0,0,0,0,0
4182,47,8,56224.0,7,45,4.0,9,42,2,5,1,4,13,8,0,,Manager,High School,Male,Divorced,Day,Office,Balanced,0,0,0,0,0,0,0
4183,57,19,95641.0,18,4,30.0,12,55,15,5,1,3,9,2,15,Operations,Manager,High School,Male,Single,Flexible,Hybrid,Balanced,0,0,0,0,1,0,0
4184,56,14,58281.0,10,49,40.0,7,32,0,2,3,7,13,3,2,Engineering,Engineer,High School,Female,Married,Day,Hybrid,Supportive,0,0,0,0,0,0,0
4185,29,3,379330.0,10,19,71.0,11,49,9,1,3,4,16,10,10,Engineering,Lead,Master,Male,Single,Day,Office,Micromanager,1,0,1,0,0,0,0
4186,23,5,68485.0,15,35,16.0,5,51,11,5,3,3,9,9,3,Operations,Engineer,Master,Male,Single,Day,Office,Micromanager,0,0,0,1,0,0,0
4187,27,2,39083.0,14,1,18.0,5,47,7,1,4,4,20,6,8,Engineering,Manager,Bachelor,Male,Single,Day,Remote,Micromanager,0,0,0,0,0,0,0
4188,41,5,,2,57,10.0,7,56,16,3,5,6,7,6,4,Operations,Manager,Bachelor,Female,Married,Day,Remote,Balanced,1,0,0,0,1,0,0
4189,56,18,466265.0,0,3,69.0,10,48,8,1,5,2,12,3,0,,Executive,Bachelor,Male,Single,Day,Remote,Supportive,0,0,0,1,1,0,0
4190,43,18,87459.0,4,55,21.0,6,32,0,3,5,7,12,1,1,Marketing,Manager,High School,Male,Divorced,Day,Office,Hands-off,1,0,0,0,0,0,1
4191,25,13,,9,3,7.0,2,31,0,5,2,3,19,6,8,Research,Lead,High School,Female,Divorced,Day,Office,Micromanager,0,0,0,0,1,0,0
4192,26,10,61103.0,19,34,39.0,1,65,25,3,4,0,10,8,11,Research,Associate,High School,Male,Divorced,Night,Office,Supportive,0,0,0,0,0,1,0
4193,33,4,55657.0,1,1,52.0,5,69,29,3,5,7,4,3,15,Finance,Executive,PhD,Male,Divorced,Day,Office,Balanced,1,0,0,0,0,1,0
4194,27,12,81990.0,14,58,52.0,9,47,7,2,4,5,6,5,9,Research,Associate,Master,Male,Divorced,Night,Office,Balanced,0,0,0,0,1,1,0
4195,32,6,60641.0,11,7,47.0,7,45,5,4,2,3,1,4,0,Engineering,Lead,Master,Male,Divorced,Day,Office,Supportive,0,0,0,0,0,0,0
4196,42,6,59648.0,12,37,80.0,7,49,9,4,3,3,10,0,2,Marketing,Manager,High School,Male,Single,Day,Hybrid,Supportive,1,0,0,1,0,0,0
4197,42,9,70678.0,10,28,16.0,1,59,19,1,1,7,12,9,2,Engineering,Engineer,Bachelor,Female,Single,Night,Office,Supportive,1,1,0,1,0,0,0
4198,29,12,76491.0,17,47,64.0,13,52,12,5,3,1,15,7,14,Finance,Manager,Bachelor,Female,Divorced,Day,Hybrid,Balanced,0,0,0,0,0,1,0
4199,46,3,38378.0,17,47,4.0,4,37,0,2,3,3,6,1,11,Legal,Lead,Bachelor,Female,Married,Flexible,Office,Supportive,0,0,0,0,1,0,0
4200,36,3,52683.0,0,22,38.0,4,44,4,1,3,5,2,1,4,Finance,Executive,Master,Female,Married,Night,Remote,Micromanager,1,0,0,1,0,1,1
4201,32,14,67850.0,2,37,41.0,12,34,0,5,1,5,4,5,6,Engineering,Associate,Bachelor,Male,Single,Day,Office,Micromanager,1,0,0,0,1,0,0
4202,48,7,77353.0,13,5,17.0,7,47,7,3,3,7,14,7,15,Finance,Manager,Bachelor,Male,Married,Flexible,Remote,Balanced,0,0,0,0,1,0,0
4203,37,13,77190.0,14,44,59.0,15,43,3,4,2,2,11,10,4,Marketing,Manager,Bachelor,Male,Divorced,Day,Hybrid,Balanced,1,0,0,0,0,1,0
4204,58,14,89235.0,3,54,35.0,2,45,5,4,3,4,19,6,4,Research,Lead,Bachelor,Female,Single,Flexible,Office,Balanced,1,0,0,0,0,0,1
4205,23,1,63439.0,17,39,56.0,10,53,13,5,5,3,4,6,1,Engineering,Executive,Master,Male,Single,Day,Hybrid,Supportive,0,0,0,0,1,0,0
4206,26,3,20000.0,4,6,51.0,1,35,0,3,3,7,15,6,9,,Analyst,High School,Male,Married,Day,Office,Micromanager,0,0,0,0,1,0,0
4207,49,12,66855.0,7,56,23.0,2,48,8,2,3,2,12,10,14,Operations,Lead,High School,Male,Married,Night,Remote,Balanced,0,0,0,0,0,0,0
4208,39,15,71452.0,5,20,34.0,10,61,21,4,1,0,13,10,9,Sales,Analyst,Bachelor,Male,Divorced,Flexible,Remote,Micromanager,1,0,0,0,0,0,0
4209,32,5,52343.0,8,6,29.0,2,48,8,4,1,3,2,5,9,Engineering,Executive,High School,Male,Single,Flexible,Remote,Balanced,0,0,0,1,0,0,0
4210,57,4,68809.0,13,1,15.0,6,53,13,5,2,4,8,8,3,Engineering,Engineer,Master,Male,Single,Day,Office,Supportive,1,1,0,0,0,0,0
4211,39,9,62312.0,11,41,2.0,11,69,29,3,4,5,14,6,1,Engineering,Manager,Bachelor,Female,Married,Night,Remote,Supportive,0,0,0,0,0,0,0
4212,37,15,93229.0,7,10,59.0,7,62,22,4,3,7,14,7,15,Engineering,Associate,Bachelor,Female,Single,Day,Office,Hands-off,0,1,1,1,1,1,0
4213,54,0,53212.0,14,28,27.0,5,45,5,4,4,7,19,0,15,Research,Associate,Master,Female,Divorced,Night,Office,Supportive,1,0,1,0,0,0,0
4214,51,7,66275.0,12,2,3.0,12,59,19,4,5,0,15,2,11,HR,Analyst,PhD,Male,Divorced,Night,Hybrid,Hands-off,1,0,0,0,0,1,0
4215,21,5,,13,34,,12,30,0,2,4,1,3,6,7,Sales,Analyst,Bachelor,Female,Single,Day,Hybrid,Supportive,0,0,0,0,0,0,0
4216,48,3,56128.0,16,37,17.0,2,62,22,3,5,7,11,9,13,Marketing,Engineer,High School,Male,Divorced,Night,Office,Supportive,1,0,0,0,0,0,0
4217,42,10,84769.0,11,24,0.0,8,57,17,3,1,0,19,10,2,Engineering,Lead,Bachelor,Female,Divorced,Flexible,Office,Hands-off,0,0,0,0,1,1,0
4218,46,13,89711.0,1,6,63.0,10,63,23,4,1,7,3,2,8,Sales,Lead,Master,Female,Single,Night,Office,Supportive,1,0,0,0,0,1,0
4219,51,2,59061.0,1,59,46.0,13,60,20,2,2,2,19,1,4,Engineering,Engineer,Master,Male,Divorced,Day,Office,Supportive,0,0,0,1,0,0,0
4220,53,20,103830.0,10,28,,1,41,1,1,1,6,19,7,11,HR,Lead,Bachelor,Male,Divorced,Day,Hybrid,Supportive,0,0,0,1,0,0,0
4221,58,18,106112.0,4,34,28.0,11,64,24,2,1,7,15,1,7,Marketing,Analyst,Master,Female,Single,Night,Hybrid,Balanced,0,0,0,1,0,1,0
4222,31,10,68867.0,3,52,11.0,8,48,8,3,1,5,1,9,3,Sales,Analyst,Bachelor,Female,Divorced,Night,Hybrid,Balanced,0,0,0,0,0,0,0
4223,44,6,68318.0,18,32,51.0,15,50,10,1,4,0,11,2,14,Sales,Analyst,Master,Female,Divorced,Night,Office,Hands-off,0,1,0,1,0,1,0
4224,39,14,91633.0,1,49,13.0,2,39,0,5,1,6,17,1,6,,Lead,Master,Other,Divorced,Night,Office,Supportive,1,0,0,0,1,0,0
4225,28,14,59163.0,9,17,75.0,2,46,6,3,2,7,1,1,15,Sales,Analyst,Bachelor,Male,Married,Day,Remote,Hands-off,1,0,0,0,0,0,0
4226,24,9,80055.0,18,23,77.0,8,39,0,4,2,6,20,6,6,Operations,Lead,Master,Male,Single,Day,Office,Hands-off,0,0,0,1,1,0,0
4227,31,18,80412.0,14,4,,3,54,14,2,3,5,4,9,5,Operations,Executive,Master,Female,Single,Flexible,Office,Supportive,1,1,0,0,0,0,0
4228,54,19,379155.0,10,40,61.0,5,31,0,2,3,5,6,1,4,Engineering,Manager,Master,Female,Single,Day,Office,Balanced,1,0,0,0,0,0,0
4229,44,14,78025.0,2,20,62.0,7,50,10,2,4,7,13,1,6,Research,Engineer,Bachelor,Female,Married,Night,Office,Balanced,0,1,0,0,1,1,0
4230,49,2,51135.0,13,55,68.0,3,68,28,4,3,6,1,6,14,Research,Analyst,Master,Male,Married,Night,Office,Balanced,1,0,0,1,0,0,0
4231,41,7,62976.0,10,17,41.0,1,32,0,5,2,0,13,5,12,Marketing,Executive,Bachelor,Male,Divorced,Flexible,Remote,Supportive,0,0,0,1,0,0,0
4232,52,5,57493.0,15,51,54.0,8,56,16,4,5,7,20,2,1,Marketing,Manager,PhD,Male,Single,Day,Hybrid,Hands-off,1,0,0,0,0,0,0
4233,40,16,77841.0,12,33,3.0,11,30,0,1,5,3,7,6,9,Engineering,Analyst,Bachelor,Female,Divorced,Night,Hybrid,Balanced,1,0,0,0,0,0,0
4234,54,20,101721.0,15,20,34.0,4,46,6,5,3,6,5,0,14,Engineering,Analyst,Master,Female,Single,Day,Remote,Balanced,0,0,0,1,1,0,0
4235,26,8,70397.0,14,29,1.0,6,47,7,1,2,0,3,9,7,Engineering,Lead,Bachelor,Male,Divorced,Night,Office,Supportive,0,1,1,1,1,0,0
4236,37,10,340630.0,18,38,49.0,13,63,23,4,4,6,17,3,13,Marketing,Engineer,Bachelor,Male,Single,Day,Office,Supportive,1,1,0,0,0,0,0
4237,21,13,101977.0,13,23,47.0,14,37,0,2,5,5,0,3,6,Engineering,Associate,Master,Male,Married,Day,Office,Micromanager,0,0,0,0,1,0,1
4238,34,17,120871.0,11,60,,7,44,4,3,3,6,7,9,6,Operations,Analyst,High School,Female,Divorced,Night,Remote,Balanced,0,0,0,0,0,1,0
4239,36,8,51158.0,1,1,18.0,2,46,6,5,2,6,19,2,5,Operations,Manager,Master,Female,Divorced,Day,Hybrid,Micromanager,0,0,0,1,0,0,1
4240,53,6,,13,57,6.0,12,48,8,5,5,4,14,9,8,Engineering,Engineer,Bachelor,Male,Married,Day,Hybrid,Supportive,0,0,0,0,0,1,0
4241,51,3,72624.0,11,38,71.0,15,34,0,5,3,0,9,8,4,Research,Engineer,High School,Female,Married,Day,Remote,Supportive,1,0,0,0,1,0,0
4242,48,2,56495.0,12,51,68.0,14,38,0,4,2,4,13,2,3,Operations,Associate,Bachelor,Female,Divorced,Day,Office,Supportive,0,0,0,0,1,0,1
4243,54,8,61023.0,8,21,70.0,2,58,18,3,5,1,11,0,5,HR,Analyst,Master,Male,Married,Day,Hybrid,Micromanager,1,0,0,1,0,0,0
4244,24,12,,10,2,8.0,13,45,5,2,5,4,17,10,13,Engineering,Analyst,Master,Male,Married,Day,Hybrid,,0,0,0,1,1,0,0
4245,46,14,86213.0,17,11,45.0,12,42,2,2,1,5,18,10,15,Research,Lead,Master,Male,Divorced,Day,Hybrid,Supportive,0,0,0,1,0,0,0
4246,50,19,86448.0,18,57,80.0,13,44,4,2,1,7,3,9,0,Engineering,Manager,Bachelor,Female,Divorced,Day,Office,Supportive,1,0,0,0,0,1,0
4247,58,15,86216.0,14,17,55.0,9,38,0,5,3,4,3,2,5,Marketing,Manager,Bachelor,Female,Single,Day,Hybrid,Hands-off,1,0,0,0,1,0,0
4248,60,7,76900.0,19,58,37.0,9,48,8,3,1,5,16,3,4,Sales,Engineer,High School,Female,Single,Day,Hybrid,Micromanager,0,0,0,0,1,1,0
4249,37,19,105238.0,9,15,57.0,15,52,12,2,5,1,9,10,12,Engineering,Analyst,Master,Female,Divorced,Day,Hybrid,Supportive,1,0,0,0,0,0,0
4250,27,5,38220.0,9,27,2.0,5,59,19,5,4,3,2,3,1,Sales,Executive,Bachelor,Male,Married,Flexible,Remote,Micromanager,0,0,0,1,0,1,1
4251,21,0,37266.0,7,18,7.0,13,54,14,5,4,3,18,9,8,Sales,Lead,Bachelor,Female,Divorced,Night,Office,Balanced,0,0,0,0,0,0,0
4252,34,10,81462.0,10,50,15.0,10,31,0,3,5,2,7,1,12,Sales,Engineer,Master,Male,Single,Night,Office,Micromanager,0,0,0,0,1,0,0
4253,21,5,60247.0,12,41,69.0,1,58,18,5,2,0,11,5,12,Sales,Engineer,PhD,Male,Divorced,Day,Office,Supportive,1,0,0,0,0,1,0
4254,43,9,82342.0,5,59,16.0,1,32,0,1,2,3,4,0,4,Marketing,Manager,High School,Female,Single,Day,Office,,0,0,0,0,0,0,0
4255,34,15,85005.0,16,54,60.0,10,38,0,3,5,2,13,2,0,,Lead,Bachelor,Female,Single,Day,Office,Hands-off,1,0,0,0,1,0,0
4256,25,19,114250.0,10,50,52.0,12,36,0,3,2,7,12,7,12,HR,Analyst,Master,Female,Married,Flexible,Office,Hands-off,0,1,0,0,1,0,0
4257,41,0,45159.0,18,38,16.0,12,61,21,2,1,3,4,9,1,HR,Engineer,Bachelor,Male,Married,Day,Remote,Balanced,0,0,0,1,1,0,0
4258,55,17,76112.0,16,13,56.0,13,47,7,3,2,6,8,2,7,Marketing,Executive,Master,Male,Divorced,Day,Office,Hands-off,1,1,0,1,1,1,0
4259,21,15,82527.0,4,48,26.0,2,41,1,3,1,1,10,0,15,Sales,Executive,Bachelor,Female,Married,Flexible,Office,Micromanager,1,0,0,1,1,0,0
4260,33,8,52784.0,11,46,46.0,8,54,14,2,4,3,0,1,3,Marketing,Executive,High School,Male,Married,Day,Office,Balanced,1,0,0,0,0,1,0
4261,27,2,55334.0,7,15,40.0,6,45,5,1,1,4,1,8,11,,Executive,Bachelor,Male,Divorced,Day,Hybrid,Micromanager,1,1,0,0,0,1,0
4262,26,9,64642.0,0,14,25.0,6,43,3,4,4,1,15,8,10,HR,Manager,Bachelor,Female,Single,Day,Office,Supportive,0,0,0,0,0,0,0
4263,45,3,54040.0,20,38,39.0,12,58,18,1,5,7,10,4,14,Marketing,Engineer,High School,Other,Married,Day,Office,Micromanager,0,0,0,1,0,0,0
4264,21,3,56262.0,5,52,60.0,5,59,19,5,3,4,18,0,6,Operations,Associate,Bachelor,Female,Divorced,Day,Remote,Balanced,0,0,0,0,0,0,0
4265,52,20,96925.0,3,52,72.0,13,34,0,3,3,6,13,10,2,Engineering,Engineer,Bachelor,Male,Single,Day,Hybrid,Micromanager,0,0,0,1,0,1,1
4266,40,11,90194.0,13,13,37.0,5,65,25,2,4,2,2,10,13,Sales,Engineer,Bachelor,Male,Single,Night,Hybrid,Hands-off,0,0,0,1,1,1,0
4267,46,8,,3,54,39.0,12,64,24,2,1,7,14,3,2,Marketing,Associate,Master,Male,Divorced,Day,Hybrid,Hands-off,0,0,0,1,0,0,0
4268,35,13,55356.0,14,59,60.0,9,52,12,1,4,7,17,1,3,Engineering,Manager,High School,Male,Married,Day,Remote,Balanced,1,0,1,0,0,0,1
4269,45,13,58566.0,7,9,55.0,13,43,3,5,4,4,6,2,0,Research,Manager,Bachelor,Male,Single,Night,Remote,Balanced,1,0,0,0,0,0,0
4270,59,18,88895.0,5,15,46.0,13,44,4,2,1,6,14,2,11,Marketing,Associate,Master,Male,Divorced,Flexible,Office,Micromanager,0,0,0,1,0,0,0
4271,34,12,77139.0,2,26,19.0,1,60,20,5,2,1,5,1,2,Operations,Manager,Master,Female,Single,Day,Office,Supportive,0,0,1,1,1,0,0
4272,35,17,95291.0,7,33,14.0,7,64,24,2,4,7,4,8,8,Engineering,Manager,Master,Female,Divorced,Day,Remote,Balanced,0,0,0,0,1,0,1
4273,52,4,51119.0,12,53,44.0,6,68,28,2,4,0,15,5,7,HR,Executive,Bachelor,Male,Divorced,Day,Remote,Hands-off,0,0,1,1,0,0,1
4274,50,10,64756.0,14,34,66.0,7,50,10,1,3,2,20,2,7,Operations,Associate,Bachelor,Female,Married,Flexible,Hybrid,Micromanager,0,0,0,0,1,0,0
4275,58,19,69979.0,17,47,41.0,1,37,0,3,2,1,18,1,13,HR,Executive,Bachelor,Female,Married,Flexible,Remote,Hands-off,1,0,0,1,1,1,0
4276,57,20,99286.0,13,10,75.0,14,56,16,2,5,1,1,10,14,HR,Associate,Bachelor,Male,Married,Night,Office,Balanced,0,0,0,0,1,0,0
4277,47,15,,2,38,63.0,11,66,26,2,4,5,4,0,7,Marketing,Executive,Bachelor,Female,Married,Day,Hybrid,Micromanager,0,0,0,0,0,0,1
4278,51,4,65037.0,10,13,7.0,11,32,0,1,4,2,13,5,9,Engineering,Executive,Bachelor,Male,Divorced,Day,Hybrid,Micromanager,0,1,0,0,0,0,0
4279,54,4,58438.0,10,33,23.0,12,58,18,1,2,1,17,5,2,Marketing,Engineer,Bachelor,Female,Single,Flexible,Hybrid,Supportive,1,1,0,0,0,0,0
4280,53,14,91359.0,9,13,2.0,12,52,12,2,5,0,7,1,6,Finance,Associate,Bachelor,Female,Married,Day,Hybrid,Micromanager,1,0,0,1,0,0,0
4281,26,1,57375.0,18,54,14.0,6,33,0,1,2,4,10,7,2,Engineering,Manager,Bachelor,Female,Single,Night,Office,Micromanager,1,0,0,1,1,0,0
4282,55,16,81687.0,15,7,43.0,12,30,0,3,5,2,5,1,0,Sales,Executive,Master,Female,Married,Day,Office,Balanced,1,1,0,0,0,0,0
4283,30,13,81802.0,1,42,41.0,1,32,0,2,3,4,0,2,8,Sales,Executive,Bachelor,Female,Divorced,Day,Remote,Supportive,0,0,0,1,0,0,0
4284,34,1,39503.0,7,24,71.0,7,44,4,5,3,2,13,10,8,Engineering,Engineer,Bachelor,Female,Married,Day,Office,Balanced,0,0,0,0,1,0,0
4285,27,1,33467.0,13,3,72.0,4,44,4,4,1,5,15,7,11,Sales,Engineer,Bachelor,Female,Divorced,Flexible,Remote,Hands-off,1,0,1,1,1,0,1
4286,34,2,50414.0,5,46,77.0,9,56,16,3,5,2,18,2,4,Marketing,Lead,Master,Male,Single,Day,Hybrid,Balanced,0,0,0,1,1,0,0
4287,33,2,31891.0,13,19,17.0,2,37,0,1,3,3,20,2,7,Research,Manager,PhD,Male,Divorced,Night,Office,Hands-off,1,0,0,0,1,1,0
4288,47,1,31713.0,0,53,57.0,10,38,0,1,2,3,17,8,9,Finance,Manager,High School,Male,Single,Day,Hybrid,Balanced,0,0,0,1,0,0,0
4289,26,3,46556.0,3,35,76.0,10,58,18,2,2,1,10,6,7,Research,Engineer,Master,Male,Divorced,Day,Hybrid,Hands-off,0,1,0,0,0,1,0
4290,38,10,60883.0,6,26,2.0,1,46,6,4,1,5,8,0,14,Operations,Engineer,Master,Male,Married,Day,Office,Hands-off,1,1,0,0,0,0,0
4291,40,17,58463.0,7,30,11.0,1,68,28,1,2,4,6,10,8,,Manager,High School,Female,Single,Day,Office,Balanced,1,0,0,1,1,1,1
4292,29,8,76163.0,14,51,80.0,2,36,0,5,2,1,6,7,1,,Analyst,Master,Male,Single,Flexible,Remote,Micromanager,0,0,0,0,0,0,0
4293,30,5,50770.0,9,29,63.0,5,44,4,3,5,2,13,2,2,Engineering,Manager,Bachelor,Male,Divorced,Night,Office,Supportive,1,0,0,0,0,0,0
4294,53,14,80178.0,1,15,4.0,9,56,16,2,4,3,8,8,1,Engineering,Executive,Master,Male,Single,Flexible,Remote,Hands-off,1,0,0,1,0,0,0
4295,49,7,75502.0,17,8,49.0,7,53,13,4,4,2,19,5,15,Marketing,Analyst,Bachelor,Male,Single,Flexible,Hybrid,Balanced,0,0,0,1,1,0,0
4296,21,18,87202.0,11,13,71.0,8,68,28,5,5,1,10,8,0,Marketing,Executive,Bachelor,Male,Married,Day,Office,Balanced,1,0,0,0,1,1,0
4297,60,13,66291.0,4,54,16.0,12,69,29,3,5,5,3,8,10,Engineering,Engineer,Master,Male,Married,Day,Remote,Hands-off,1,1,0,0,1,0,0
4298,23,13,76546.0,15,49,65.0,8,51,11,5,3,6,15,3,6,Finance,Lead,Master,Male,Divorced,Day,Office,Balanced,0,1,1,1,0,1,0
4299,22,0,31670.0,20,60,47.0,10,41,1,4,4,7,2,5,1,Engineering,Lead,High School,Female,Married,Day,Hybrid,Balanced,1,1,0,0,1,0,0
4300,22,13,90013.0,18,25,64.0,9,57,17,2,2,7,18,2,2,HR,Executive,High School,Female,Married,Day,Remote,,0,0,0,0,0,0,0
4301,34,5,50913.0,13,15,20.0,4,41,1,3,5,2,0,8,2,Marketing,Analyst,High School,Male,Divorced,Night,Office,Micromanager,0,0,0,1,0,0,0
4302,52,11,79920.0,9,1,70.0,15,36,0,4,2,3,3,8,8,Sales,Associate,Bachelor,Male,Divorced,Day,Office,Micromanager,0,0,0,0,0,0,0
4303,35,18,98381.0,14,57,77.0,13,67,27,3,5,0,20,7,3,Research,Analyst,Bachelor,Female,Divorced,Night,Hybrid,Supportive,0,0,0,0,0,1,1
4304,46,1,53316.0,0,59,51.0,13,47,7,1,2,1,19,2,13,Marketing,Executive,Bachelor,Female,Single,Day,Office,Hands-off,0,0,0,0,0,0,0
4305,60,14,49702.0,19,13,21.0,9,50,10,1,5,1,8,8,6,Marketing,Executive,Bachelor,Female,Single,Day,Office,Supportive,0,1,0,1,0,0,0
4306,50,12,64693.0,19,28,,10,54,14,1,5,0,11,7,5,,Analyst,Bachelor,Female,Divorced,Flexible,Hybrid,Balanced,1,0,0,1,1,1,0
4307,59,7,68549.0,16,12,61.0,3,45,5,5,4,1,4,8,8,Engineering,Analyst,Bachelor,Male,Married,Day,Hybrid,,1,1,0,0,1,0,0
4308,28,6,71747.0,20,18,0.0,11,37,0,4,2,5,19,2,11,HR,Analyst,Master,Male,Divorced,Day,Hybrid,Supportive,0,0,0,0,1,0,0
4309,28,9,62903.0,3,40,13.0,4,55,15,4,4,3,5,10,13,Finance,Executive,Bachelor,Female,Single,Night,Remote,Micromanager,0,0,0,1,0,0,1
4310,57,13,74736.0,16,3,75.0,11,56,16,5,5,0,2,4,1,Research,Engineer,Bachelor,Female,Single,Day,Office,Balanced,1,0,0,0,0,0,0
4311,56,2,72693.0,11,6,2.0,7,64,24,2,3,1,16,8,7,Marketing,Analyst,Bachelor,Male,Single,Flexible,Hybrid,Balanced,0,1,0,0,0,0,0
4312,47,14,94669.0,1,55,67.0,8,62,22,1,5,6,13,7,3,Sales,Associate,Bachelor,Female,Married,Night,Hybrid,Supportive,0,0,0,0,0,1,1
4313,54,9,84387.0,20,27,38.0,5,37,0,4,4,5,4,5,1,Operations,Analyst,Master,Male,Divorced,Day,Office,Hands-off,1,0,0,0,0,0,0
4314,52,14,55535.0,11,19,48.0,15,69,29,3,2,2,20,3,15,Engineering,Analyst,Master,Male,Married,Day,Hybrid,Supportive,0,1,0,0,1,1,0
4315,45,0,47331.0,18,52,27.0,13,35,0,4,3,7,13,3,6,Operations,Lead,Bachelor,Male,Married,Day,Office,Micromanager,0,0,0,0,0,0,0
4316,40,11,70264.0,11,16,78.0,14,55,15,4,3,2,1,2,15,Legal,Executive,Bachelor,Male,Divorced,Flexible,Office,Micromanager,1,0,0,1,1,1,0
4317,27,10,82404.0,14,4,50.0,10,67,27,3,2,6,18,10,9,Engineering,Manager,High School,Male,Single,Day,Remote,Balanced,0,0,0,0,0,1,0
4318,43,3,235930.0,0,32,28.0,5,65,25,1,5,4,19,4,2,HR,Analyst,Bachelor,Female,Divorced,Day,Office,Hands-off,1,0,1,0,0,0,1
4319,54,11,83481.0,13,7,80.0,4,55,15,3,1,6,4,4,8,Research,Executive,Bachelor,Male,Single,Night,Hybrid,Supportive,1,0,0,1,1,0,0
4320,32,9,,0,21,6.0,10,46,6,5,1,1,12,6,0,Engineering,Analyst,Bachelor,Female,Married,Day,Remote,Balanced,0,1,0,0,0,0,0
4321,43,12,79234.0,16,13,47.0,14,36,0,2,3,2,6,6,11,Engineering,Manager,Master,Female,Single,Day,Office,Hands-off,1,0,0,0,0,1,0
4322,31,0,24493.0,3,32,38.0,12,47,7,4,2,7,8,4,7,Engineering,Lead,Master,Male,Divorced,Flexible,Remote,Balanced,0,0,0,0,1,0,0
4323,42,7,54949.0,1,56,4.0,5,37,0,2,3,2,8,10,11,Sales,Associate,Bachelor,Female,Single,Night,Remote,Micromanager,1,0,0,1,0,0,0
4324,59,1,41643.0,10,41,43.0,14,69,29,5,2,2,19,5,14,Engineering,Associate,Master,Male,Divorced,Night,Hybrid,Balanced,0,0,0,1,1,0,0
4325,26,9,67861.0,15,2,42.0,9,54,14,2,2,7,17,5,3,Engineering,Manager,Master,Male,Single,Night,Remote,Supportive,0,0,0,0,0,0,0
4326,32,9,66869.0,9,46,11.0,10,37,0,5,4,6,16,7,14,HR,Executive,Master,Female,Married,Day,Remote,,0,0,0,0,0,0,0
4327,38,15,93154.0,16,11,63.0,14,53,13,4,4,0,3,9,3,Research,Associate,Bachelor,Male,Single,Flexible,Remote,Balanced,1,0,0,0,0,1,0
4328,46,20,99119.0,20,31,6.0,13,62,22,1,3,7,17,4,8,Research,Analyst,Bachelor,Male,Married,Night,Office,Balanced,0,0,0,0,1,0,0
4329,35,13,79039.0,0,51,12.0,8,52,12,5,1,7,11,4,15,Engineering,Manager,Bachelor,Male,Married,Day,Office,Micromanager,0,0,0,1,0,0,1
4330,26,18,94351.0,14,17,64.0,3,32,0,1,3,7,6,10,1,Sales,Analyst,High School,Female,Divorced,Day,Hybrid,Micromanager,0,0,0,1,1,0,0
4331,34,9,41925.0,7,11,49.0,2,60,20,2,5,5,9,5,14,Engineering,Manager,Bachelor,Male,Married,Day,Hybrid,Supportive,0,0,0,0,1,0,1
4332,37,1,34562.0,2,7,14.0,7,32,0,5,1,2,0,0,5,Engineering,Engineer,Master,Female,Divorced,Day,Hybrid,Hands-off,0,0,0,0,0,0,0
4333,44,19,68318.0,5,12,0.0,2,45,5,1,3,1,4,9,10,HR,Associate,Bachelor,Male,Single,Flexible,Hybrid,Supportive,0,0,0,0,1,0,0
4334,51,5,81658.0,1,7,,10,45,5,3,1,2,5,6,9,,Manager,PhD,Female,Divorced,Flexible,Hybrid,Hands-off,1,1,0,0,0,1,0
4335,51,13,,11,3,4.0,12,57,17,3,4,4,5,8,8,HR,Associate,Bachelor,Female,Married,Day,Hybrid,Balanced,0,0,0,0,1,0,1
4336,60,1,192775.0,8,19,69.0,1,45,5,2,3,7,9,7,0,Engineering,Executive,Master,Female,Divorced,Night,Office,Supportive,0,0,0,1,0,1,0
4337,38,4,72529.0,12,39,38.0,14,41,1,4,2,1,8,0,5,HR,Analyst,Master,Female,Single,Night,Hybrid,Micromanager,1,0,0,0,0,0,1
4338,31,10,70086.0,7,54,45.0,11,49,9,2,2,0,12,7,4,Operations,Analyst,High School,Female,Divorced,Day,Hybrid,Balanced,1,0,0,0,0,0,1
4339,38,14,85375.0,9,52,22.0,13,51,11,4,3,3,4,10,7,HR,Lead,Master,Female,Divorced,Night,Hybrid,Balanced,0,0,0,1,0,0,0
4340,38,14,74204.0,5,40,44.0,3,60,20,1,4,5,8,1,11,Sales,Manager,Bachelor,Male,Married,Day,Hybrid,Balanced,1,0,1,0,0,1,1
4341,31,11,,17,53,60.0,10,52,12,2,3,6,18,5,8,Finance,Analyst,Bachelor,Female,Single,Night,Office,Micromanager,0,1,0,1,0,0,0
4342,46,17,67217.0,17,10,51.0,4,61,21,5,1,1,14,6,4,Operations,Engineer,High School,Male,Married,Day,Office,Balanced,1,0,0,0,1,0,0
4343,37,5,62713.0,16,34,14.0,11,51,11,3,3,1,11,3,12,Operations,Lead,High School,Male,Single,Night,Remote,Micromanager,0,0,0,0,1,0,0
4344,57,16,75768.0,17,42,47.0,13,57,17,1,5,7,2,4,8,Engineering,Analyst,Bachelor,Female,Single,Day,Office,Hands-off,0,1,0,0,0,0,1
4345,57,14,103958.0,8,37,21.0,6,49,9,5,5,5,0,1,10,Legal,Lead,PhD,Male,Single,Day,Office,Supportive,1,1,0,0,0,0,0
4346,47,0,50655.0,7,45,55.0,1,66,26,4,3,1,2,5,6,Marketing,Manager,Bachelor,Female,Divorced,Flexible,Office,Balanced,0,0,0,0,1,0,0
4347,26,2,68268.0,12,52,18.0,2,45,5,2,5,7,19,8,4,Engineering,Executive,Master,Male,Divorced,Day,Office,Balanced,0,0,1,1,0,0,0
4348,28,5,69123.0,6,23,67.0,13,41,1,3,4,1,6,9,6,Operations,Manager,Master,Male,Divorced,Flexible,Hybrid,Balanced,0,0,0,0,0,0,0
4349,54,16,87242.0,14,36,,13,35,0,1,4,0,14,6,6,Sales,Engineer,Bachelor,Female,Divorced,Day,Office,Hands-off,0,0,0,0,0,0,0
4350,60,5,68813.0,7,48,50.0,2,38,0,2,4,3,2,5,15,Finance,Manager,Master,Male,Divorced,Flexible,Remote,Supportive,1,1,0,1,0,0,0
4351,24,14,91225.0,10,29,18.0,2,58,18,4,4,7,7,7,13,Marketing,Manager,Bachelor,Female,Divorced,Day,Office,Balanced,1,0,0,0,1,0,0
4352,47,19,80450.0,13,6,80.0,14,45,5,1,3,7,5,4,15,HR,Executive,Bachelor,Other,Single,Night,Office,Hands-off,0,0,1,0,0,0,1
4353,28,8,63854.0,8,45,25.0,9,35,0,5,4,2,20,8,10,Finance,Manager,Bachelor,Female,Divorced,Day,Remote,Balanced,1,0,0,0,0,0,0
4354,25,16,88999.0,7,30,61.0,11,40,0,5,4,3,9,3,13,Research,Manager,Master,Male,Married,Day,Hybrid,Micromanager,1,0,0,1,1,1,0
4355,41,19,94508.0,3,43,32.0,10,43,3,4,3,4,5,9,13,Sales,Manager,Bachelor,Female,Married,Day,Remote,Hands-off,1,0,0,0,1,0,0
4356,55,20,117703.0,16,60,13.0,10,39,0,1,4,6,14,9,0,Operations,Lead,Bachelor,Male,Married,Flexible,Hybrid,,1,0,0,1,0,0,0
4357,23,3,32675.0,11,10,54.0,5,43,3,2,2,5,14,1,3,Engineering,Engineer,Master,Female,Divorced,Night,Office,Hands-off,1,0,0,1,0,0,0
4358,31,15,67190.0,16,54,67.0,14,63,23,2,2,5,19,4,15,,Engineer,Bachelor,Female,Married,Day,Hybrid,Micromanager,1,0,0,0,1,0,0
4359,42,18,79950.0,9,54,47.0,14,65,25,4,2,2,17,3,9,Sales,Manager,Master,Male,Divorced,Day,Office,Balanced,1,0,0,0,1,0,1
4360,56,15,119784.0,16,21,39.0,8,36,0,4,1,2,5,1,10,Operations,Associate,High School,Male,Married,Day,Office,Balanced,1,0,0,0,0,1,0
4361,60,12,78360.0,7,57,49.0,10,55,15,5,1,5,3,4,8,Engineering,Associate,Bachelor,Male,Divorced,Day,Remote,Hands-off,0,0,1,0,1,0,1
4362,47,0,,0,14,6.0,11,51,11,3,5,4,17,5,10,Engineering,Executive,Bachelor,Male,Single,Day,Remote,,1,0,0,0,1,0,0
4363,52,6,44169.0,14,51,53.0,8,69,29,2,1,4,10,4,7,Marketing,Manager,Master,Male,Married,Day,Hybrid,Micromanager,0,0,0,1,1,0,1
4364,23,12,71997.0,8,2,22.0,1,57,17,4,3,1,14,7,13,Engineering,Associate,High School,Male,Single,Day,Remote,Balanced,0,0,0,0,1,1,0
4365,49,3,33031.0,2,52,12.0,15,56,16,3,3,1,0,5,6,Sales,Manager,Bachelor,Male,Single,Night,Remote,Supportive,1,0,1,0,0,0,0
4366,51,15,79647.0,14,23,52.0,5,45,5,4,1,6,3,5,14,Operations,Manager,Bachelor,Female,Married,Flexible,Office,Balanced,1,0,0,0,0,0,0
4367,59,14,82676.0,19,6,71.0,7,51,11,5,1,1,15,1,11,Engineering,Analyst,Bachelor,Male,Divorced,Day,Office,Supportive,0,0,0,1,0,1,0
4368,38,7,45995.0,8,53,48.0,2,70,30,2,3,7,14,2,4,Marketing,Engineer,Bachelor,Female,Single,Day,Office,Balanced,0,0,0,1,0,0,0
4369,27,20,100985.0,17,9,34.0,6,68,28,5,4,5,5,3,3,HR,Manager,PhD,Male,Divorced,Day,Office,Supportive,1,0,0,0,0,1,0
4370,47,9,53659.0,0,9,57.0,3,67,27,4,1,2,11,10,13,HR,Lead,Bachelor,Female,Divorced,Day,Office,Balanced,0,0,0,0,0,0,0
4371,49,4,43550.0,15,7,2.0,6,60,20,3,1,1,14,6,4,,Lead,Master,Female,Divorced,Day,Hybrid,Balanced,0,0,0,0,1,1,0
4372,43,8,61441.0,9,43,43.0,14,56,16,1,1,4,2,6,7,Engineering,Executive,Bachelor,Male,Married,Flexible,Office,Balanced,1,0,0,1,0,1,0
4373,53,12,70643.0,10,50,46.0,13,33,0,1,1,3,20,0,13,,Analyst,Bachelor,Female,Married,Day,Remote,Balanced,1,0,0,0,0,0,0
4374,53,18,98557.0,5,60,2.0,7,56,16,3,2,7,16,3,4,Engineering,Analyst,Master,Female,Married,Day,Remote,,1,0,1,0,1,0,0
4375,40,6,54709.0,13,27,1.0,15,34,0,3,1,1,5,2,5,Legal,Executive,Master,Female,Single,Day,Office,Hands-off,0,1,1,1,0,0,0
4376,58,0,28503.0,17,19,79.0,3,61,21,5,4,2,13,6,0,Operations,Associate,Bachelor,Male,Married,Night,Office,Balanced,1,0,0,0,0,0,0
4377,58,0,47352.0,7,6,47.0,10,32,0,1,5,1,3,6,4,Sales,Executive,Bachelor,Male,Single,Day,Office,Supportive,1,0,0,0,1,0,0
4378,35,5,68823.0,8,35,55.0,7,50,10,1,2,6,9,1,14,Engineering,Executive,PhD,Female,Divorced,Day,Office,Micromanager,0,0,1,0,0,0,0
4379,43,14,83774.0,12,15,11.0,3,62,22,2,1,1,5,7,13,Engineering,Manager,Bachelor,Male,Married,Day,Hybrid,Micromanager,1,0,0,1,1,0,0
4380,47,9,93998.0,1,58,18.0,2,40,0,1,1,3,8,1,12,Engineering,Analyst,Bachelor,Female,Single,Flexible,Hybrid,Micromanager,0,0,1,1,0,0,0
4381,36,0,26188.0,1,13,43.0,3,63,23,1,4,6,13,0,4,Engineering,Associate,Master,Male,Single,Day,Office,Hands-off,0,1,0,1,0,0,1
4382,60,5,49929.0,2,17,73.0,8,69,29,4,5,5,3,1,6,Research,Manager,Bachelor,Female,Married,Day,Office,Supportive,1,0,0,1,0,0,1
4383,36,15,69284.0,7,4,77.0,11,46,6,1,1,1,17,2,7,Operations,Associate,Bachelor,Male,Married,Day,Office,Supportive,1,0,0,1,0,0,0
4384,36,15,83304.0,6,52,66.0,15,46,6,3,5,1,13,4,7,Sales,Executive,High School,Female,Divorced,Flexible,Remote,,1,0,0,0,1,0,0
4385,57,5,55217.0,2,54,8.0,11,41,1,3,1,1,12,4,6,Marketing,Lead,Bachelor,Male,Divorced,Day,Office,Balanced,1,0,0,0,1,1,0
4386,38,5,51268.0,6,24,15.0,6,36,0,2,3,1,16,7,15,Marketing,Manager,PhD,Female,Married,Day,Office,Supportive,0,0,0,0,0,0,0
4387,30,5,70436.0,13,15,9.0,1,57,17,3,5,2,10,7,10,Marketing,Lead,Master,Female,Single,Day,Hybrid,Balanced,0,0,0,0,0,1,0
4388,23,9,,15,60,14.0,3,42,2,3,3,2,14,1,6,Finance,Engineer,Bachelor,Male,Married,Night,Office,Micromanager,0,1,0,1,1,0,0
4389,24,18,83446.0,11,55,49.0,15,35,0,1,4,5,18,4,4,Engineering,Manager,Master,Female,Married,Day,Hybrid,Supportive,0,1,0,0,0,0,0
4390,49,6,75394.0,14,19,8.0,4,51,11,4,3,0,17,2,11,HR,Engineer,High School,Male,Single,Day,Office,Micromanager,1,0,0,1,0,0,0
4391,38,19,81486.0,13,21,45.0,3,36,0,1,4,1,12,1,2,Engineering,Lead,Bachelor,Male,Married,Day,Remote,,0,0,1,0,0,0,0
4392,51,14,93734.0,20,57,67.0,5,52,12,5,5,1,12,10,12,Finance,Engineer,High School,Female,Divorced,Flexible,Remote,Micromanager,1,0,0,1,0,0,0
4393,24,8,41556.0,12,1,39.0,14,61,21,2,1,6,7,8,0,Engineering,Lead,Bachelor,Female,Single,Flexible,Office,Balanced,0,1,0,0,1,1,0
4394,46,18,105534.0,5,50,41.0,10,61,21,5,1,4,15,2,4,Operations,Lead,High School,Male,Single,Day,Remote,Supportive,1,0,0,0,1,0,0
4395,37,5,56115.0,9,60,60.0,3,54,14,3,2,2,11,4,5,Engineering,Lead,Bachelor,Female,Married,Day,Hybrid,Hands-off,0,1,0,0,1,0,0
4396,35,0,39685.0,6,34,43.0,6,67,27,4,1,6,12,4,12,Marketing,Analyst,Master,Male,Divorced,Day,Office,Balanced,1,0,0,0,0,1,0
4397,54,0,41964.0,12,37,78.0,2,66,26,5,4,5,20,1,1,Marketing,Executive,Bachelor,Female,Divorced,Day,Office,Balanced,1,0,0,1,1,0,0
4398,46,13,59422.0,14,42,15.0,12,58,18,3,2,4,5,2,6,Finance,Analyst,Bachelor,Female,Single,Day,Office,Supportive,0,0,0,1,0,0,0
4399,29,2,63126.0,20,19,12.0,4,54,14,5,1,1,10,6,13,Finance,Manager,PhD,Male,Single,Day,Office,,1,0,0,1,1,1,0
4400,59,1,46539.0,20,4,,14,46,6,3,4,5,3,9,10,Legal,Executive,Bachelor,Female,Divorced,Day,Hybrid,Micromanager,0,0,0,1,1,1,0
4401,30,7,68927.0,8,42,2.0,1,40,0,4,1,7,17,10,14,Engineering,Manager,Master,Male,Married,Day,Hybrid,Micromanager,0,0,0,1,0,0,0
4402,35,14,82923.0,6,30,78.0,13,39,0,3,1,6,2,1,5,Research,Associate,Bachelor,Female,Single,Day,Office,Balanced,0,0,0,0,0,0,0
4403,44,8,69333.0,10,18,39.0,5,42,2,3,1,7,17,9,13,,Analyst,Bachelor,Male,Divorced,Day,Hybrid,Supportive,0,0,0,0,0,0,0
4404,46,10,87580.0,6,22,5.0,14,44,4,1,2,2,1,10,4,Finance,Lead,Master,Female,Married,Day,Remote,Hands-off,1,0,0,1,1,0,0
4405,59,7,60241.0,15,20,75.0,10,50,10,1,4,1,6,4,9,Operations,Engineer,High School,Male,Married,Day,Hybrid,Micromanager,0,0,0,1,0,0,0
4406,23,9,82734.0,10,23,45.0,4,36,0,2,2,0,8,9,2,Engineering,Executive,Master,Female,Divorced,Day,Office,Micromanager,1,0,1,1,0,1,1
4407,60,11,74059.0,5,37,32.0,13,48,8,5,1,4,2,4,13,Sales,Manager,Master,Female,Married,Day,Office,Balanced,0,0,1,1,0,0,0
4408,28,18,87558.0,20,36,10.0,12,34,0,3,4,1,10,1,14,,Analyst,Bachelor,Male,Divorced,Day,Remote,Hands-off,1,0,1,1,0,0,0
4409,55,4,32177.0,13,9,49.0,8,39,0,1,2,7,11,0,3,Research,Analyst,Bachelor,Female,Single,Day,Hybrid,Balanced,1,0,0,1,0,0,0
4410,48,1,53008.0,4,34,0.0,12,42,2,2,1,0,5,2,7,Sales,Manager,PhD,Male,Divorced,Day,Remote,Micromanager,0,0,1,0,0,0,0
4411,52,9,90233.0,4,20,21.0,1,56,16,3,1,4,0,6,5,Sales,Associate,Master,Female,Divorced,Flexible,Office,Supportive,1,0,0,1,0,0,0
4412,27,1,44222.0,8,21,6.0,2,62,22,2,5,0,20,6,13,HR,Engineer,Bachelor,Male,Single,Day,Hybrid,,1,1,0,0,1,0,0
4413,45,2,54717.0,20,32,65.0,7,39,0,4,1,2,2,5,6,Marketing,Manager,Bachelor,Male,Married,Day,Office,Micromanager,1,1,0,0,0,0,0
4414,40,12,70036.0,5,1,45.0,11,47,7,1,4,0,1,3,8,Legal,Analyst,Bachelor,Female,Divorced,Day,Office,Supportive,0,0,0,0,0,0,0
4415,33,8,49022.0,15,34,73.0,8,39,0,5,2,1,4,3,13,HR,Associate,Master,Male,Divorced,Day,Hybrid,Supportive,0,0,0,1,1,0,0
4416,25,12,61922.0,16,43,11.0,4,36,0,1,5,4,10,8,10,Finance,Lead,Master,Male,Married,Night,Office,Supportive,0,0,0,0,0,0,0
4417,56,0,23580.0,16,21,65.0,4,49,9,3,2,2,12,10,0,Operations,Analyst,Bachelor,Male,Married,Day,Hybrid,Supportive,0,0,0,0,0,0,0
4418,25,4,42632.0,16,18,44.0,6,68,28,1,2,6,15,4,15,Marketing,Engineer,Master,Female,Divorced,Day,Hybrid,Balanced,0,0,0,0,1,0,0
4419,26,6,46432.0,16,33,37.0,12,46,6,1,1,4,16,10,14,Research,Lead,PhD,Male,Single,Day,Office,,0,0,1,0,1,0,0
4420,38,20,96475.0,5,9,29.0,12,47,7,1,4,3,9,7,12,Marketing,Analyst,Master,Male,Single,Day,Office,Balanced,0,0,0,0,1,0,0
4421,29,15,73292.0,13,57,76.0,14,65,25,5,1,3,8,8,1,Research,Executive,Master,Male,Single,Day,Hybrid,Supportive,1,0,0,1,0,0,0
4422,55,20,94403.0,11,5,2.0,11,41,1,1,2,5,17,10,13,Sales,Analyst,High School,Female,Married,Night,Hybrid,Micromanager,1,0,0,1,1,0,0
4423,33,20,90327.0,8,6,25.0,14,56,16,5,1,6,7,1,3,Sales,Associate,High School,Male,Married,Day,Hybrid,Balanced,0,0,0,1,0,1,0
4424,41,15,,1,42,65.0,12,34,0,1,1,2,15,9,9,Engineering,Engineer,Bachelor,Male,Divorced,Day,Remote,Balanced,1,0,0,1,0,0,0
4425,43,20,89032.0,0,18,43.0,6,38,0,2,5,1,19,3,4,Engineering,Analyst,Bachelor,Female,Single,Flexible,Hybrid,Balanced,0,0,1,1,1,0,0
4426,55,15,76377.0,11,14,35.0,5,68,28,5,2,1,20,6,11,Sales,Analyst,Bachelor,Male,Single,Flexible,Office,Balanced,0,0,0,1,0,0,0
4427,26,3,38208.0,8,25,,6,32,0,2,3,5,13,8,10,Sales,Lead,High School,Female,Divorced,Day,Remote,Supportive,1,1,0,1,0,0,0
4428,51,11,68799.0,0,18,40.0,12,41,1,2,4,3,12,5,13,Operations,Associate,High School,Female,Married,Day,Office,,0,0,0,0,0,0,1
4429,60,0,46159.0,4,17,3.0,9,36,0,5,4,4,16,6,1,,Engineer,Bachelor,Male,Divorced,Flexible,Hybrid,Supportive,0,0,0,1,1,0,0
4430,60,7,76145.0,3,23,54.0,12,67,27,1,4,0,12,4,5,Operations,Lead,Master,Female,Divorced,Night,Hybrid,Balanced,1,0,0,1,1,0,0
4431,56,19,98263.0,12,31,8.0,5,70,30,1,4,4,12,7,13,Engineering,Analyst,High School,Female,Married,Day,Remote,Balanced,0,0,0,0,0,1,0
4432,39,6,60431.0,16,9,21.0,7,45,5,1,5,2,2,2,13,Marketing,Executive,Bachelor,Female,Divorced,Day,Office,Balanced,0,0,0,1,0,0,0
4433,60,18,77280.0,4,29,14.0,5,36,0,3,4,7,4,5,7,Sales,Lead,High School,Female,Married,Day,Remote,Supportive,1,0,0,1,1,1,0
4434,48,3,53167.0,16,4,39.0,13,63,23,4,1,5,15,5,10,Finance,Associate,Bachelor,Male,Married,Night,Office,Supportive,1,0,0,0,0,0,0
4435,24,3,41726.0,6,9,69.0,4,51,11,3,3,0,13,4,1,HR,Executive,Bachelor,Female,Divorced,Day,Office,Micromanager,0,0,0,1,1,1,1
4436,46,10,,0,22,47.0,8,45,5,4,4,7,18,10,5,Research,Analyst,Bachelor,Female,Married,Flexible,Remote,Balanced,0,0,0,1,0,0,0
4437,36,11,67187.0,5,36,66.0,13,56,16,1,1,3,15,2,4,,Lead,Bachelor,Female,Divorced,Night,Hybrid,Micromanager,1,0,0,1,0,0,0
4438,56,1,47012.0,10,17,11.0,5,48,8,5,3,3,20,7,14,Marketing,Associate,Bachelor,Female,Married,Day,Remote,Hands-off,0,0,0,1,1,0,0
4439,31,10,86548.0,14,11,38.0,8,40,0,5,2,7,9,3,13,HR,Manager,Bachelor,Female,Married,Day,Hybrid,Micromanager,0,0,0,0,0,1,0
4440,49,18,82484.0,12,28,17.0,4,34,0,2,3,5,0,1,6,,Engineer,Master,Male,Single,Day,Hybrid,Hands-off,1,0,0,0,0,1,0
4441,38,14,100801.0,3,6,45.0,4,37,0,3,2,4,1,7,1,Research,Analyst,PhD,Other,Single,Day,Hybrid,Supportive,0,0,0,1,0,0,0
4442,35,19,103808.0,17,8,8.0,11,35,0,2,3,1,18,2,8,Legal,Associate,Bachelor,Male,Single,Night,Hybrid,Hands-off,1,0,0,0,0,0,0
4443,33,15,81207.0,17,33,,13,67,27,5,2,4,12,3,7,Engineering,Engineer,Master,Female,Divorced,Flexible,Hybrid,Balanced,1,0,0,0,0,0,0
4444,57,19,101864.0,12,44,52.0,13,61,21,3,2,4,7,4,0,Finance,Executive,Bachelor,Female,Married,Day,Office,Balanced,0,0,0,0,1,0,0
4445,31,20,555480.0,16,41,24.0,5,43,3,5,5,4,19,10,14,Engineering,Associate,Bachelor,Male,Married,Day,Office,Balanced,0,0,0,1,0,0,0
4446,41,2,20535.0,14,2,21.0,1,45,5,4,5,5,16,8,4,Research,Lead,Bachelor,Female,Single,Night,Office,Balanced,0,0,0,0,0,0,0
4447,22,5,63420.0,5,29,61.0,1,61,21,2,1,1,9,10,4,Engineering,Lead,Bachelor,Female,Married,Night,Remote,Balanced,1,0,0,0,1,0,1
4448,48,17,,20,3,76.0,1,64,24,2,1,1,15,6,8,Engineering,Manager,High School,Male,Single,Night,Remote,Micromanager,0,0,0,1,1,0,1
4449,57,13,64750.0,2,11,29.0,15,40,0,4,2,6,2,9,14,Engineering,Manager,Master,Male,Divorced,Day,Hybrid,Supportive,0,0,0,0,0,1,0
4450,21,6,,2,9,25.0,2,57,17,4,2,5,1,9,3,Marketing,Associate,Bachelor,Male,Divorced,Day,Office,Hands-off,0,1,0,0,0,0,0
4451,55,12,70152.0,19,51,42.0,12,56,16,3,5,0,20,6,5,Engineering,Engineer,Master,Male,Divorced,Night,Office,Micromanager,1,0,0,1,1,0,0
4452,22,2,,1,42,79.0,10,37,0,4,4,5,3,1,5,Marketing,Executive,Master,Male,Divorced,Day,Office,Supportive,0,0,0,1,1,0,0
4453,48,3,50138.0,20,17,69.0,13,34,0,1,2,4,6,9,11,Sales,Engineer,PhD,Male,Divorced,Day,Office,Supportive,1,1,0,0,0,0,0
4454,37,20,103707.0,4,22,52.0,13,30,0,2,2,4,14,0,10,Legal,Executive,Master,Male,Single,Day,Office,Balanced,1,0,0,1,0,1,0
4455,59,8,64569.0,5,35,3.0,14,55,15,2,2,6,7,6,4,Marketing,Lead,Bachelor,Female,Divorced,Day,Office,Micromanager,0,0,0,1,0,1,0
4456,57,10,95910.0,19,10,63.0,8,49,9,4,2,1,14,4,8,Engineering,Engineer,Bachelor,Female,Single,Day,Hybrid,Micromanager,0,0,0,1,1,1,0
4457,22,4,62761.0,10,49,70.0,10,63,23,3,4,0,2,1,3,Sales,Associate,Master,Female,Single,Day,Office,Balanced,0,0,0,1,0,0,0
4458,30,13,73276.0,3,19,51.0,3,31,0,1,3,6,9,9,3,HR,Engineer,Bachelor,Female,Married,Day,Office,Balanced,0,0,0,1,1,0,0
4459,21,6,73636.0,4,1,49.0,7,64,24,4,2,4,8,9,9,,Analyst,Bachelor,Male,Single,Day,Office,Hands-off,1,0,0,0,0,0,0
4460,41,18,87717.0,2,32,50.0,7,47,7,2,4,5,9,5,2,Research,Lead,Bachelor,Male,Married,Night,Remote,Micromanager,0,0,0,1,0,1,1
4461,38,2,48220.0,11,54,43.0,4,51,11,3,2,4,17,2,13,Engineering,Analyst,Bachelor,Male,Single,Day,Office,,0,0,0,1,1,0,0
4462,54,16,67518.0,20,50,22.0,11,67,27,2,2,5,0,8,0,Marketing,Analyst,Master,Female,Divorced,Flexible,Office,Hands-off,0,0,0,1,0,0,1
4463,55,6,69902.0,0,33,13.0,2,32,0,4,4,1,2,4,3,Engineering,Associate,Bachelor,Female,Married,Day,Hybrid,Hands-off,0,0,0,1,0,0,0
4464,35,3,68631.0,20,17,12.0,11,59,19,4,2,5,2,0,1,Engineering,Manager,Bachelor,Male,Married,Night,Office,Micromanager,1,0,0,1,0,0,0
4465,26,13,89134.0,18,57,65.0,3,31,0,3,5,3,0,3,5,Legal,Manager,Master,Male,Married,Flexible,Remote,Supportive,1,0,0,0,0,0,0
4466,37,8,73014.0,0,28,,10,70,30,1,1,0,12,2,8,Operations,Lead,Bachelor,Female,Married,Night,Hybrid,Hands-off,0,0,0,1,0,1,1
4467,31,7,53625.0,14,1,80.0,8,53,13,5,5,1,2,9,10,Sales,Executive,Master,Male,Single,Day,Remote,Hands-off,1,0,0,1,1,0,0
4468,30,3,,6,16,,3,70,30,3,4,0,7,0,14,Sales,Manager,Master,Female,Married,Day,Remote,Micromanager,1,0,0,1,1,0,0
4469,45,0,59406.0,12,21,79.0,15,34,0,3,1,2,12,1,7,Engineering,Analyst,Bachelor,Female,Single,Flexible,Office,Balanced,1,0,0,0,1,0,0
4470,51,17,94609.0,2,34,23.0,12,70,30,1,3,6,5,8,4,Sales,Engineer,High School,Male,Married,Day,Office,Supportive,1,0,0,0,0,1,1
4471,58,17,85513.0,7,60,68.0,8,61,21,4,3,5,10,0,7,Operations,Manager,Bachelor,Male,Single,Day,Hybrid,Hands-off,1,0,0,0,0,0,0
4472,37,11,63767.0,19,45,80.0,11,60,20,1,1,4,5,2,0,Engineering,Engineer,Bachelor,Female,Divorced,Day,Remote,,1,0,0,1,0,0,0
4473,45,1,62541.0,6,21,41.0,6,54,14,3,4,0,12,5,3,Marketing,Analyst,Bachelor,Female,Single,Flexible,Office,Supportive,0,0,0,0,0,0,0
4474,41,14,62527.0,20,11,61.0,10,49,9,1,2,4,6,5,13,Legal,Executive,Bachelor,Female,Single,Day,Remote,Balanced,1,0,0,0,0,0,0
4475,23,0,42416.0,8,59,62.0,6,69,29,1,2,4,7,8,9,Operations,Manager,Master,Other,Divorced,Day,Hybrid,Micromanager,0,0,0,0,1,1,0
4476,47,18,112367.0,17,51,5.0,10,37,0,4,4,3,3,10,7,Engineering,Manager,Bachelor,Female,Single,Flexible,Office,Micromanager,1,0,0,0,1,0,0
4477,32,7,61918.0,20,58,8.0,4,58,18,4,5,0,8,4,6,Sales,Associate,Bachelor,Male,Divorced,Day,Office,Hands-off,1,0,0,0,0,0,0
4478,24,3,62097.0,9,47,27.0,8,30,0,2,3,1,15,5,5,Sales,Lead,Bachelor,Female,Divorced,Day,Office,Supportive,0,0,0,0,0,1,0
4479,34,2,58438.0,14,13,78.0,2,50,10,1,5,2,17,10,14,Engineering,Lead,Bachelor,Female,Single,Flexible,Office,Balanced,1,0,0,1,1,0,0
4480,51,8,67110.0,10,27,41.0,6,34,0,3,5,4,11,7,1,,Analyst,Bachelor,Female,Married,Night,Office,Micromanager,1,0,0,1,1,0,0
4481,59,13,66946.0,5,28,73.0,9,39,0,3,1,3,4,2,8,Finance,Manager,Bachelor,Male,Divorced,Day,Remote,Balanced,1,1,0,1,1,0,1
4482,55,7,81470.0,5,15,65.0,6,42,2,4,5,5,17,3,3,Engineering,Executive,Bachelor,Male,Married,Night,Hybrid,Balanced,1,0,0,1,0,0,0
4483,29,11,60484.0,7,51,4.0,7,56,16,4,1,2,20,7,10,Sales,Engineer,High School,Male,Married,Day,Office,,1,0,0,1,1,0,0
4484,21,18,414025.0,20,26,70.0,7,52,12,1,1,6,10,0,0,HR,Executive,Master,Female,Single,Day,Hybrid,Supportive,0,0,0,0,0,0,0
4485,22,14,77981.0,17,60,5.0,13,45,5,3,5,6,16,0,11,,Executive,Master,Female,Married,Day,Remote,Supportive,1,0,1,0,0,0,0
4486,42,5,50980.0,11,5,17.0,1,31,0,4,2,0,4,9,15,HR,Lead,Master,Female,Divorced,Day,Hybrid,Balanced,0,0,0,0,0,0,0
4487,24,14,93737.0,1,12,7.0,4,59,19,5,1,5,0,0,1,Sales,Executive,High School,Male,Single,Day,Hybrid,Micromanager,0,1,0,0,0,0,0
4488,38,9,70547.0,8,28,42.0,9,41,1,1,1,4,18,2,10,Sales,Engineer,Master,Male,Single,Day,Remote,Hands-off,0,0,0,1,1,0,0
4489,50,8,54677.0,0,37,70.0,8,37,0,5,3,1,3,2,9,Marketing,Associate,Master,Male,Single,Night,Remote,Hands-off,0,0,0,1,1,1,0
4490,29,6,72828.0,14,34,,2,40,0,1,3,5,12,9,15,Engineering,Manager,Bachelor,Female,Single,Day,Remote,Hands-off,1,0,0,0,0,0,0
4491,26,9,64271.0,4,20,76.0,11,43,3,1,3,0,8,1,7,Operations,Executive,Bachelor,Female,Married,Night,Remote,,0,0,0,0,1,1,0
4492,44,12,88021.0,17,36,50.0,2,57,17,4,5,3,14,4,3,Marketing,Analyst,PhD,Male,Married,Day,Hybrid,Balanced,0,0,0,0,1,1,0
4493,41,10,86522.0,16,5,76.0,5,62,22,1,3,4,2,10,7,Engineering,Analyst,Master,Male,Single,Day,Hybrid,Balanced,1,0,0,0,0,1,0
4494,60,4,41212.0,1,41,26.0,11,47,7,5,5,7,14,4,2,Engineering,Lead,Bachelor,Male,Divorced,Day,Office,Balanced,0,0,0,0,1,0,0
4495,27,20,97216.0,11,8,59.0,15,40,0,3,1,5,17,6,11,Finance,Lead,Master,Male,Single,Day,Office,Hands-off,0,0,0,0,0,1,0
4496,41,15,94987.0,0,11,9.0,5,46,6,2,2,4,5,9,13,Operations,Lead,High School,Female,Divorced,Day,Remote,Balanced,0,0,0,1,1,1,0
4497,40,10,62966.0,12,9,11.0,8,57,17,1,3,0,1,5,7,Finance,Manager,Master,Male,Divorced,Day,Hybrid,Hands-off,1,0,0,1,0,0,0
4498,52,5,34035.0,18,40,20.0,2,66,26,1,1,6,10,5,2,Sales,Manager,Bachelor,Male,Single,Night,Hybrid,Hands-off,1,0,0,0,0,0,1
4499,24,13,80504.0,20,48,35.0,5,51,11,1,5,7,19,3,12,Marketing,Associate,Bachelor,Female,Divorced,Day,Remote,Balanced,0,0,0,0,1,0,1
4500,28,12,71866.0,12,48,1.0,6,63,23,4,5,4,11,6,4,Engineering,Engineer,Master,Female,Single,Day,Hybrid,Balanced,0,0,0,0,0,0,1
4501,48,2,31390.0,13,35,21.0,6,57,17,5,5,4,16,4,6,Research,Manager,Master,Male,Divorced,Day,Office,Micromanager,0,0,0,1,0,1,0
4502,53,4,47469.0,6,35,14.0,5,45,5,5,1,3,8,10,12,Engineering,Executive,Bachelor,Female,Single,Day,Hybrid,Hands-off,1,0,0,1,0,0,0
4503,46,14,64574.0,5,43,37.0,14,57,17,4,4,3,8,4,15,Engineering,Analyst,Bachelor,Male,Married,Flexible,Office,Micromanager,0,1,0,1,1,0,0
4504,53,1,49202.0,8,4,78.0,4,62,22,4,4,3,14,4,3,Marketing,Lead,Master,Female,Single,Day,Hybrid,Micromanager,0,0,1,0,0,0,0
4505,28,16,94613.0,15,39,25.0,14,62,22,4,1,7,19,1,3,Sales,Executive,Master,Female,Single,Day,Office,Supportive,1,0,0,1,0,0,1
4506,31,11,82258.0,9,49,58.0,8,49,9,3,4,0,0,8,11,Finance,Associate,Bachelor,Male,Divorced,Day,Hybrid,Balanced,0,0,0,0,0,0,1
4507,38,18,76661.0,6,11,68.0,15,42,2,2,3,0,7,0,4,Operations,Engineer,Master,Female,Single,Night,Office,Micromanager,1,0,0,1,0,1,0
4508,60,14,89012.0,0,4,29.0,7,35,0,5,3,3,8,7,11,Finance,Engineer,Master,Male,Single,Day,Office,Hands-off,1,0,0,1,1,0,0
4509,41,5,51917.0,14,54,64.0,7,67,27,2,3,0,20,5,9,Sales,Executive,PhD,Male,Divorced,Flexible,Office,Balanced,1,0,0,0,0,0,0
4510,45,15,85129.0,4,12,44.0,2,62,22,3,4,3,17,0,7,Finance,Executive,Master,Female,Single,Day,Remote,Balanced,1,0,0,1,0,0,0
4511,36,18,109953.0,20,53,70.0,15,66,26,4,4,0,1,7,6,Engineering,Executive,Master,Male,Divorced,Day,Office,Balanced,0,0,0,0,0,0,1
4512,38,9,86914.0,13,48,24.0,13,41,1,2,5,6,15,10,8,Sales,Lead,Master,Male,Divorced,Day,Office,Hands-off,1,0,0,0,0,0,0
4513,39,18,83748.0,5,29,13.0,10,66,26,2,1,1,12,1,10,Engineering,Executive,Bachelor,Male,Single,Flexible,Office,Supportive,1,0,0,1,1,0,0
4514,60,2,43193.0,14,47,80.0,5,56,16,4,1,3,18,9,13,Sales,Engineer,Bachelor,Female,Married,Flexible,Hybrid,Supportive,0,0,0,0,0,0,0
4515,45,3,66224.0,12,22,75.0,3,33,0,4,5,6,6,2,6,Sales,Manager,PhD,Female,Single,Day,Office,Balanced,0,1,0,1,0,0,0
4516,59,15,74490.0,8,7,77.0,9,66,26,3,2,2,1,7,9,Engineering,Engineer,Bachelor,Female,Divorced,Day,Hybrid,Micromanager,0,0,0,1,0,0,1
4517,37,10,66149.0,15,51,7.0,4,66,26,3,1,4,13,6,0,Sales,Manager,Bachelor,Male,Single,Night,Office,Micromanager,0,0,0,1,0,0,0
4518,24,17,101271.0,4,41,32.0,4,63,23,2,3,6,12,0,7,Marketing,Engineer,Master,Female,Single,Flexible,Office,Supportive,0,0,0,0,0,1,1
4519,21,16,77068.0,2,21,30.0,8,36,0,2,4,7,20,5,13,Operations,Executive,Bachelor,Male,Single,Night,Office,Balanced,0,0,0,0,1,0,0
4520,28,18,91857.0,8,43,61.0,12,36,0,1,2,3,7,2,1,Sales,Engineer,Bachelor,Female,Divorced,Day,Office,Hands-off,0,0,0,0,1,0,0
4521,41,10,87529.0,2,47,47.0,10,58,18,3,1,4,7,8,0,Legal,Manager,Bachelor,Female,Single,Day,Office,Balanced,0,0,0,1,1,0,0
4522,38,9,67762.0,16,20,49.0,2,41,1,1,5,1,10,4,12,Marketing,Associate,Master,Female,Single,Flexible,Hybrid,Hands-off,0,0,0,0,0,1,0
4523,25,1,46629.0,15,7,19.0,3,68,28,3,1,4,20,1,3,Engineering,Manager,Bachelor,Male,Divorced,Day,Office,Balanced,0,0,0,1,1,0,0
4524,44,4,46661.0,16,10,40.0,5,39,0,4,2,4,17,1,5,Finance,Executive,Bachelor,Male,Married,Flexible,Hybrid,Micromanager,1,0,0,1,1,0,0
4525,26,13,81205.0,12,52,14.0,13,47,7,5,4,4,10,8,8,Legal,Associate,Master,Male,Married,Flexible,Office,Balanced,0,0,0,1,0,0,0
4526,52,18,108524.0,19,28,39.0,4,59,19,5,2,4,13,5,8,Engineering,Executive,Bachelor,Male,Married,Day,Hybrid,Micromanager,0,0,1,0,0,0,0
4527,27,0,30274.0,1,45,46.0,7,67,27,2,4,2,3,9,4,Operations,Manager,Bachelor,Male,Single,Day,Remote,Supportive,1,0,0,0,1,0,1
4528,38,19,76882.0,3,5,5.0,3,31,0,1,4,7,20,10,3,Engineering,Lead,Bachelor,Male,Married,Day,Office,Balanced,0,0,0,1,1,0,0
4529,54,1,50092.0,13,1,14.0,1,69,29,2,1,5,20,7,13,Operations,Engineer,High School,Male,Divorced,Day,Office,Balanced,0,0,0,0,1,1,1
4530,54,19,87225.0,14,5,26.0,7,47,7,4,4,0,2,5,3,Sales,Manager,Bachelor,Male,Married,Day,Hybrid,Micromanager,1,0,0,1,1,0,0
4531,53,9,67768.0,18,26,15.0,14,57,17,2,4,4,20,3,15,Marketing,Analyst,Bachelor,Male,Married,Night,Office,Micromanager,1,0,0,0,0,0,0
4532,23,20,93029.0,5,42,7.0,1,30,0,2,4,2,0,1,6,Research,Analyst,Bachelor,Female,Divorced,Flexible,Office,Supportive,0,0,0,0,1,1,0
4533,56,10,92765.0,10,36,23.0,10,36,0,5,2,4,3,6,15,Finance,Manager,Bachelor,Male,Single,Flexible,Office,Hands-off,0,0,0,0,0,1,0
4534,46,15,84533.0,20,47,57.0,4,58,18,3,4,7,18,9,10,Sales,Lead,PhD,Female,Divorced,Day,Office,Balanced,0,1,0,1,0,0,0
4535,37,11,76003.0,8,40,5.0,5,63,23,1,2,6,7,2,3,Marketing,Manager,Bachelor,Female,Divorced,Day,Hybrid,Balanced,1,0,0,0,1,1,0
4536,55,5,54740.0,9,10,1.0,8,32,0,4,5,4,20,0,12,Sales,Executive,Bachelor,Female,Married,Day,Hybrid,Balanced,0,0,0,0,0,0,0
4537,47,8,294165.0,8,38,59.0,8,34,0,3,1,0,18,7,15,Sales,Analyst,Bachelor,Male,Single,Day,Remote,Balanced,0,0,0,1,0,0,0
4538,40,16,,3,11,12.0,6,31,0,1,1,3,13,7,2,Sales,Analyst,High School,Male,Married,Flexible,Hybrid,Supportive,0,0,0,0,0,0,0
4539,40,5,50990.0,14,5,7.0,3,44,4,5,4,5,19,9,10,Research,Engineer,Bachelor,Male,Married,Day,Office,Balanced,1,0,1,0,0,1,1
4540,34,12,55046.0,7,31,68.0,15,41,1,4,5,5,19,7,15,Sales,Manager,Bachelor,Male,Single,Day,Hybrid,Balanced,1,0,0,0,1,0,1
4541,40,9,49915.0,2,60,40.0,8,60,20,5,3,4,9,7,11,Engineering,Executive,Bachelor,Male,Single,Night,Office,Balanced,0,0,0,0,1,0,0
4542,39,19,115961.0,19,10,0.0,14,61,21,3,5,1,3,8,9,Engineering,Executive,PhD,Female,Single,Flexible,Office,Balanced,0,0,0,0,1,1,0
4543,42,0,37164.0,3,40,6.0,13,49,9,1,1,6,18,5,6,Marketing,Lead,Bachelor,Female,Married,Day,Office,Micromanager,1,0,0,0,1,0,0
4544,31,18,97194.0,17,15,2.0,2,67,27,2,5,3,1,9,2,Legal,Executive,Bachelor,Female,Single,Day,Office,Supportive,0,0,0,0,1,0,0
4545,58,16,,2,42,74.0,3,47,7,1,4,2,14,4,6,Marketing,Manager,Bachelor,Female,Divorced,Day,Hybrid,Supportive,0,0,0,1,0,0,0
4546,28,2,56390.0,20,38,54.0,6,65,25,3,1,4,5,9,15,HR,Manager,Master,Female,Divorced,Day,Hybrid,Balanced,0,0,0,1,0,0,0
4547,54,16,76420.0,5,55,44.0,2,30,0,2,3,7,9,3,3,Engineering,Executive,Bachelor,Female,Married,Day,Remote,Supportive,0,0,1,1,1,0,0
4548,60,11,53396.0,20,32,29.0,4,55,15,5,1,4,7,7,9,Engineering,Engineer,High School,Other,Divorced,Night,Office,Hands-off,1,0,0,1,0,0,0
4549,35,20,98403.0,6,47,52.0,9,36,0,5,3,5,13,10,9,Operations,Lead,Bachelor,Female,Divorced,Night,Office,Balanced,1,0,0,0,0,0,0
4550,27,8,48252.0,0,3,8.0,11,61,21,5,1,1,17,1,4,HR,Engineer,Bachelor,Female,Single,Day,Office,Balanced,1,0,0,1,0,0,0
4551,53,5,61041.0,9,19,62.0,1,33,0,3,1,6,2,1,11,HR,Executive,Bachelor,Female,Married,Night,Office,Supportive,0,0,0,0,1,1,1
4552,60,11,,7,29,12.0,12,45,5,2,3,5,14,5,7,Sales,Lead,Bachelor,Male,Married,Day,Office,Balanced,1,0,0,0,0,0,0
4553,28,3,40328.0,20,16,60.0,1,34,0,5,4,3,20,0,14,,Engineer,High School,Female,Married,Day,Hybrid,Micromanager,1,0,0,0,0,0,0
4554,54,0,26926.0,2,5,52.0,5,41,1,2,3,5,19,10,7,Engineering,Lead,High School,Male,Single,Day,Office,Supportive,1,0,0,0,0,0,0
4555,39,6,78233.0,15,46,28.0,11,42,2,2,1,4,19,3,10,Engineering,Manager,Bachelor,Male,Single,Day,Office,Balanced,1,1,0,1,0,0,0
4556,29,19,109497.0,20,13,41.0,9,39,0,1,5,4,12,0,12,HR,Associate,Master,Male,Divorced,Day,Office,Micromanager,0,0,0,1,0,0,0
4557,45,4,43598.0,14,16,78.0,13,54,14,5,1,5,2,5,0,Operations,Associate,Master,Female,Married,Flexible,Hybrid,Balanced,0,0,0,1,1,0,0
4558,30,12,78491.0,20,29,76.0,15,49,9,2,4,3,17,8,4,,Associate,Master,Female,Married,Day,Office,Supportive,0,0,0,0,0,0,0
4559,46,2,45319.0,14,55,32.0,6,43,3,2,2,3,15,0,7,HR,Executive,Master,Male,Single,Flexible,Hybrid,Supportive,0,0,0,1,0,0,0
4560,49,18,84823.0,11,36,57.0,5,52,12,1,4,7,14,6,14,HR,Manager,High School,Male,Divorced,Day,Hybrid,Balanced,1,0,0,0,0,0,1
4561,57,9,77267.0,9,24,67.0,5,54,14,1,4,2,1,2,13,Engineering,Analyst,Bachelor,Male,Single,Night,Office,Supportive,0,0,0,0,1,0,0
4562,26,2,57826.0,0,40,39.0,13,54,14,1,1,6,6,2,5,Marketing,Associate,Bachelor,Female,Single,Day,Office,Supportive,1,0,0,1,0,0,0
4563,57,3,56585.0,10,56,,1,43,3,5,4,3,2,5,3,Operations,Lead,Master,Male,Single,Day,Office,Micromanager,0,0,0,1,0,0,0
4564,51,11,88802.0,17,56,3.0,3,63,23,1,4,4,0,9,1,Research,Lead,Master,Female,Divorced,Day,Office,Hands-off,0,0,0,1,0,0,0
4565,28,19,96430.0,10,53,39.0,5,61,21,2,4,5,11,2,13,Legal,Manager,PhD,Female,Divorced,Day,Hybrid,Balanced,1,0,0,0,0,1,0
4566,51,18,110434.0,6,57,12.0,10,55,15,3,2,2,4,2,1,Sales,Analyst,Master,Female,Divorced,Night,Office,Hands-off,1,0,0,0,0,0,0
4567,58,2,48119.0,13,57,42.0,4,32,0,1,2,0,17,0,0,Engineering,Lead,Bachelor,Female,Divorced,Flexible,Hybrid,Balanced,1,0,0,0,1,0,0
4568,40,20,100785.0,8,38,56.0,1,66,26,2,4,7,8,0,8,,Analyst,Bachelor,Female,Divorced,Day,Remote,,0,1,0,0,1,0,0
4569,24,18,72737.0,10,32,31.0,10,63,23,4,3,0,4,7,0,Operations,Associate,High School,Female,Divorced,Day,Office,Micromanager,1,0,0,1,0,0,0
4570,41,6,29825.0,14,5,5.0,5,30,0,5,2,7,2,3,9,Engineering,Associate,Bachelor,Female,Divorced,Day,Remote,Balanced,1,0,0,0,0,0,0
4571,26,15,83847.0,0,15,19.0,4,57,17,2,3,2,4,2,13,Sales,Associate,Bachelor,Male,Single,Night,Office,Balanced,1,0,0,1,0,0,0
4572,59,20,96147.0,12,33,40.0,2,60,20,1,5,6,5,7,6,Engineering,Associate,Bachelor,Male,Married,Night,Remote,Balanced,0,0,0,0,0,0,1
4573,50,11,74451.0,12,28,40.0,6,43,3,3,3,4,0,5,3,Engineering,Engineer,Bachelor,Male,Single,Day,Office,Balanced,0,0,0,0,1,0,0
4574,52,9,72070.0,5,35,11.0,14,37,0,3,3,1,6,9,15,HR,Engineer,High School,Male,Married,Night,Remote,Balanced,0,1,0,1,0,1,0
4575,38,12,71827.0,8,2,56.0,14,35,0,3,2,3,2,8,13,Finance,Manager,Bachelor,Female,Married,Night,Hybrid,Supportive,1,0,0,1,0,0,0
4576,50,10,80505.0,16,41,79.0,13,68,28,2,1,5,16,9,7,Research,Analyst,Bachelor,Female,Divorced,Flexible,Office,Supportive,1,0,0,1,0,0,0
4577,38,6,51441.0,15,39,29.0,13,40,0,3,1,7,18,1,14,Operations,Lead,Bachelor,Female,Divorced,Day,Hybrid,Supportive,1,0,1,0,1,1,1
4578,48,2,44869.0,12,1,28.0,13,63,23,1,4,4,9,10,15,Engineering,Associate,Bachelor,Male,Married,Night,Office,Balanced,1,0,0,0,0,1,1
4579,44,15,74511.0,13,21,10.0,14,62,22,1,4,2,7,7,5,Sales,Manager,Bachelor,Other,Single,Day,Office,Balanced,1,0,0,0,0,0,0
4580,35,6,41794.0,2,21,68.0,2,60,20,5,2,6,12,4,3,Sales,Analyst,High School,Male,Married,Day,Remote,Supportive,0,0,0,0,1,1,0
4581,27,12,80510.0,19,33,,8,48,8,4,1,6,2,4,2,Engineering,Manager,PhD,Male,Married,Day,Hybrid,Balanced,0,1,0,0,0,0,0
4582,51,0,41087.0,8,38,43.0,10,42,2,2,3,4,5,0,15,Sales,Engineer,High School,Female,Divorced,Day,Remote,Balanced,1,0,0,1,1,0,0
4583,30,9,66857.0,3,30,59.0,5,36,0,5,1,3,6,2,10,Engineering,Executive,Bachelor,Male,Married,Night,Hybrid,Balanced,0,0,1,0,0,0,0
4584,29,13,81029.0,4,21,59.0,5,37,0,3,1,5,6,8,3,Finance,Lead,Bachelor,Male,Married,Flexible,Remote,Balanced,0,0,0,0,1,0,0
4585,25,7,67413.0,20,60,,15,35,0,2,1,1,19,5,7,Research,Lead,Bachelor,Female,Divorced,Day,Hybrid,Supportive,0,0,0,0,1,0,0
4586,22,5,61810.0,15,53,,7,64,24,3,4,2,7,2,13,Engineering,Associate,Bachelor,Female,Married,Day,Hybrid,Balanced,0,0,0,1,1,0,0
4587,54,15,63928.0,11,26,72.0,14,59,19,5,3,2,11,3,2,Finance,Manager,Master,Male,Married,Day,Office,Supportive,0,0,0,0,0,0,0
4588,39,2,77354.0,3,42,67.0,15,59,19,5,4,0,0,7,5,Finance,Associate,Master,Female,Divorced,Flexible,Remote,Micromanager,1,0,0,0,1,0,1
4589,35,20,80534.0,0,28,7.0,6,38,0,4,1,1,12,4,4,Finance,Executive,Bachelor,Male,Married,Day,Hybrid,Balanced,1,0,0,1,0,1,0
4590,33,10,86016.0,20,11,,12,68,28,3,5,6,5,8,14,HR,Lead,High School,Female,Married,Night,Office,Balanced,1,0,0,0,1,1,0
4591,26,15,90852.0,3,2,10.0,2,69,29,5,2,7,12,7,1,Research,Lead,Bachelor,Female,Divorced,Night,Hybrid,Hands-off,0,0,0,0,0,1,0
4592,31,18,105312.0,11,13,,4,58,18,4,5,0,3,3,3,Engineering,Engineer,Bachelor,Female,Married,Day,Office,Balanced,1,0,0,0,0,0,0
4593,48,12,77407.0,19,15,52.0,9,39,0,5,4,3,13,0,8,Engineering,Lead,Bachelor,Female,Single,Day,Office,Balanced,0,0,0,0,0,0,0
4594,24,15,69299.0,8,8,30.0,1,31,0,5,4,0,5,0,9,Finance,Manager,High School,Male,Single,Night,Office,Balanced,0,0,0,0,1,0,1
4595,50,3,50149.0,1,40,72.0,13,65,25,5,3,4,4,3,14,,Associate,Master,Female,Single,Night,Office,Hands-off,0,0,0,0,1,1,0
4596,53,9,,8,20,24.0,5,51,11,3,1,4,15,1,4,Engineering,Manager,Master,Female,Single,Day,Office,Supportive,0,0,0,1,1,1,0
4597,30,12,57523.0,15,11,12.0,11,38,0,1,1,0,20,4,0,Engineering,Engineer,High School,Other,Single,Day,Office,Micromanager,0,1,0,0,1,1,0
4598,46,6,60134.0,19,48,41.0,5,35,0,3,5,7,10,1,10,Research,Analyst,Bachelor,Female,Single,Night,Office,Micromanager,0,0,0,0,0,0,0
4599,30,2,31884.0,6,48,69.0,6,39,0,2,4,2,18,10,10,Sales,Engineer,Master,Male,Divorced,Day,Remote,Balanced,0,0,0,0,1,0,0
4600,36,8,73370.0,20,52,43.0,12,43,3,2,5,0,18,7,2,HR,Manager,Bachelor,Male,Divorced,Day,Hybrid,Micromanager,1,0,0,0,0,0,0
4601,26,1,37442.0,15,41,41.0,6,59,19,2,4,3,18,5,15,Finance,Engineer,High School,Male,Married,Day,Hybrid,Supportive,0,0,0,0,0,1,0
4602,38,3,79917.0,3,56,79.0,5,56,16,5,5,7,12,2,3,Engineering,Analyst,Bachelor,Female,Divorced,Day,Office,Micromanager,1,0,0,0,1,0,0
4603,22,18,97627.0,1,56,19.0,1,67,27,5,2,3,9,4,11,Engineering,Associate,Master,Female,Married,Day,Hybrid,Hands-off,0,0,0,1,0,0,0
4604,23,5,60917.0,19,11,,2,37,0,3,2,4,7,8,5,Sales,Manager,Bachelor,Male,Married,Flexible,Remote,,0,0,0,0,0,0,0
4605,54,20,114231.0,11,21,37.0,7,36,0,3,1,0,4,7,4,Sales,Executive,Master,Female,Single,Night,Office,Balanced,0,0,0,0,1,0,0
4606,35,18,,20,56,,7,39,0,5,2,7,20,1,14,Sales,Analyst,PhD,Female,Single,Day,Hybrid,Balanced,1,0,0,0,0,1,0
4607,49,12,74810.0,16,29,19.0,14,61,21,2,5,2,10,6,5,Engineering,Executive,High School,Male,Married,Day,Office,Hands-off,1,0,0,0,1,1,0
4608,31,1,43331.0,1,37,36.0,9,55,15,3,3,2,20,0,9,Engineering,Associate,Master,Male,Divorced,Flexible,Office,Hands-off,1,0,0,0,0,0,0
4609,22,9,78746.0,11,30,69.0,1,35,0,4,2,1,0,3,15,Engineering,Lead,Bachelor,Male,Married,Day,Hybrid,Supportive,1,1,0,0,1,0,0
4610,39,14,71528.0,3,11,50.0,4,49,9,2,5,7,3,0,14,,Manager,Master,Female,Single,Day,Hybrid,Micromanager,1,0,0,0,0,0,0
4611,52,18,,16,13,29.0,10,30,0,2,5,5,5,2,4,Engineering,Lead,Master,Male,Divorced,Night,Hybrid,Micromanager,0,1,0,1,0,0,0
4612,39,2,31496.0,1,49,70.0,13,43,3,2,5,3,19,5,4,Finance,Engineer,Bachelor,Female,Divorced,Day,Hybrid,,0,0,0,1,0,0,1
4613,46,6,65972.0,1,54,15.0,1,49,9,3,1,6,1,4,6,Engineering,Associate,High School,Male,Divorced,Day,Remote,Balanced,0,1,0,1,1,0,0
4614,34,5,56013.0,3,50,73.0,3,43,3,1,2,1,16,7,0,Sales,Analyst,High School,Female,Married,Day,Office,Balanced,0,0,0,1,1,0,0
4615,32,17,75466.0,5,53,69.0,13,36,0,4,3,7,11,2,1,Sales,Manager,Master,Male,Divorced,Night,Hybrid,Balanced,0,0,1,0,0,1,1
4616,26,9,63407.0,10,45,27.0,15,65,25,1,3,2,3,5,15,HR,Engineer,High School,Male,Single,Day,Hybrid,Hands-off,0,0,0,1,1,0,0
4617,60,13,68238.0,19,41,20.0,2,56,16,5,3,4,5,1,8,Marketing,Executive,High School,Female,Single,Night,Office,Micromanager,0,0,0,0,0,0,0
4618,59,12,97369.0,4,29,59.0,6,35,0,3,3,7,14,6,14,Finance,Manager,Bachelor,Female,Married,Flexible,Office,Balanced,0,0,0,0,0,1,0
4619,59,5,53976.0,13,46,78.0,10,47,7,2,3,1,2,10,10,Engineering,Lead,Master,Female,Divorced,Day,Office,Supportive,0,0,0,0,0,0,0
4620,59,10,88504.0,10,11,54.0,11,34,0,1,3,2,10,1,1,Finance,Lead,Bachelor,Male,Single,Day,Office,Balanced,0,0,0,0,0,1,0
4621,29,18,87799.0,2,34,47.0,15,35,0,1,5,5,13,4,15,Finance,Engineer,High School,Male,Divorced,Day,Office,Micromanager,1,0,0,1,0,0,0
4622,30,9,64906.0,18,39,21.0,6,62,22,1,5,2,4,0,9,,Manager,Bachelor,Male,Single,Day,Office,Balanced,1,0,0,0,0,0,1
4623,52,12,60831.0,4,54,6.0,4,57,17,4,4,7,17,10,11,Engineering,Engineer,Bachelor,Female,Single,Day,Office,Micromanager,1,0,0,0,1,1,0
4624,36,11,60963.0,13,3,15.0,7,56,16,1,1,0,8,3,5,Engineering,Executive,Master,Female,Single,Night,Office,Supportive,0,0,0,0,0,0,0
4625,50,5,60343.0,11,2,16.0,13,51,11,1,3,4,8,1,4,Engineering,Executive,Bachelor,Female,Married,Night,Remote,Balanced,0,0,0,0,0,0,0
4626,28,6,56695.0,3,21,18.0,7,31,0,1,4,7,9,2,6,HR,Executive,Master,Male,Single,Flexible,Remote,Balanced,1,0,0,0,1,0,1
4627,27,11,88212.0,14,56,71.0,6,37,0,1,1,6,11,2,10,Legal,Executive,Bachelor,Male,Married,Day,Office,Hands-off,0,0,0,0,1,0,0
4628,60,15,91531.0,4,6,58.0,7,70,30,5,4,6,14,1,4,Engineering,Manager,Master,Male,Married,Day,Hybrid,Supportive,0,0,0,1,0,0,0
4629,36,9,57890.0,0,22,16.0,12,42,2,3,4,2,12,2,11,HR,Engineer,Bachelor,Female,Married,Night,Office,,1,0,0,1,0,0,0
4630,35,18,80823.0,18,15,72.0,13,35,0,2,1,7,10,1,6,Marketing,Engineer,Bachelor,Male,Divorced,Day,Hybrid,Balanced,1,0,0,0,0,0,0
4631,56,4,39256.0,14,20,26.0,15,64,24,4,2,2,9,9,12,Sales,Manager,Bachelor,Male,Divorced,Day,Remote,Micromanager,1,0,0,0,1,0,0
4632,37,13,,12,31,63.0,13,37,0,1,2,1,15,5,5,Sales,Manager,High School,Male,Divorced,Day,Office,Balanced,1,0,0,0,0,0,1
4633,22,4,61491.0,0,58,4.0,3,69,29,3,1,6,3,0,11,Engineering,Manager,Bachelor,Female,Divorced,Day,Office,Balanced,0,0,0,0,0,1,0
4634,59,2,28945.0,5,55,26.0,4,49,9,1,4,3,6,6,0,Legal,Associate,Bachelor,Other,Single,Day,Office,Balanced,0,0,0,0,0,0,0
4635,35,9,67738.0,3,38,54.0,4,38,0,3,5,1,18,0,10,Engineering,Analyst,Bachelor,Female,Married,Flexible,Hybrid,Hands-off,1,1,0,0,1,0,0
4636,25,10,78347.0,11,19,2.0,14,63,23,2,5,5,17,1,13,Engineering,Lead,PhD,Female,Single,Day,Hybrid,Balanced,0,1,0,1,0,0,1
4637,57,19,101202.0,12,3,43.0,14,31,0,1,3,3,3,4,3,Sales,Lead,High School,Female,Divorced,Day,Office,Supportive,0,0,0,0,0,0,0
4638,59,4,71984.0,1,42,41.0,6,57,17,3,4,6,18,5,7,Finance,Analyst,High School,Female,Single,Day,Remote,Supportive,0,1,0,1,0,0,0
4639,22,16,356390.0,17,34,71.0,3,32,0,5,3,2,19,10,6,,Engineer,Master,Female,Divorced,Flexible,Hybrid,Hands-off,0,0,0,1,1,1,0
4640,47,12,,7,54,39.0,15,33,0,2,3,4,16,5,12,Operations,Associate,PhD,Female,Divorced,Day,Remote,Micromanager,1,0,0,1,1,0,0
4641,44,18,75343.0,7,8,4.0,11,38,0,2,2,4,19,3,5,Engineering,Manager,Bachelor,Male,Divorced,Day,Office,Balanced,0,0,0,1,1,1,0
4642,25,9,46727.0,19,13,22.0,3,40,0,2,4,1,20,1,4,,Analyst,PhD,Female,Divorced,Flexible,Hybrid,Balanced,0,0,0,1,0,0,0
4643,22,6,44823.0,12,26,13.0,3,70,30,5,1,3,13,9,12,Sales,Lead,Bachelor,Female,Single,Day,Hybrid,Hands-off,0,0,0,0,1,0,0
4644,41,11,117053.0,13,30,45.0,11,31,0,5,1,2,4,8,14,Engineering,Associate,Bachelor,Female,Single,Day,Office,Balanced,1,0,0,0,0,1,0
4645,38,10,61708.0,14,15,1.0,6,37,0,2,2,3,19,10,5,Engineering,Associate,Bachelor,Male,Single,Day,Office,Balanced,0,1,0,0,1,0,0
4646,30,14,57722.0,17,58,3.0,6,61,21,4,4,0,0,8,6,Operations,Analyst,Bachelor,Male,Married,Day,Hybrid,Balanced,1,0,0,0,0,0,1
4647,29,3,63639.0,9,18,68.0,8,51,11,4,2,6,13,9,2,HR,Lead,Bachelor,Male,Married,Day,Hybrid,Supportive,1,0,0,1,0,0,0
4648,50,3,60721.0,10,59,4.0,5,31,0,5,2,2,2,3,5,Finance,Executive,Bachelor,Female,Single,Night,Office,Balanced,0,0,0,0,0,1,0
4649,26,12,106864.0,16,39,,10,38,0,5,1,5,8,10,0,Finance,Manager,Bachelor,Female,Divorced,Day,Hybrid,Supportive,0,1,0,0,1,0,0
4650,58,3,67379.0,4,34,5.0,3,31,0,5,4,0,19,0,6,Marketing,Engineer,Bachelor,Male,Single,Day,Office,Hands-off,1,0,0,0,0,0,0
4651,47,15,81798.0,11,16,,7,31,0,5,4,6,11,2,4,Sales,Engineer,Bachelor,Male,Divorced,Day,Office,Hands-off,1,0,0,0,1,0,0
4652,55,11,66413.0,9,21,63.0,12,33,0,2,3,0,9,9,11,Legal,Engineer,PhD,Female,Married,Flexible,Office,Balanced,1,0,0,0,1,0,0
4653,52,19,83001.0,8,11,13.0,5,70,30,1,3,2,3,4,6,Engineering,Manager,Bachelor,Female,Divorced,Day,Office,Micromanager,0,0,0,0,0,1,0
4654,49,15,,12,45,61.0,1,32,0,1,5,0,10,9,12,Sales,Executive,Master,Male,Married,Night,Hybrid,Supportive,1,0,0,0,1,0,0
4655,23,10,57539.0,4,22,3.0,8,33,0,5,2,4,4,0,2,,Engineer,Master,Male,Married,Day,Office,Micromanager,1,0,1,1,1,0,0
4656,21,10,65803.0,8,49,67.0,6,70,30,4,4,3,18,8,10,HR,Lead,Bachelor,Male,Divorced,Flexible,Office,Micromanager,0,0,0,0,0,0,0
4657,21,14,97176.0,8,49,,12,43,3,1,4,2,5,10,11,Engineering,Manager,PhD,Female,Single,Day,Hybrid,Balanced,1,0,0,0,0,0,0
4658,32,15,77473.0,14,21,36.0,3,59,19,4,1,6,7,3,10,Operations,Lead,Bachelor,Female,Divorced,Day,Remote,Supportive,1,0,0,1,0,0,0
4659,25,15,101440.0,7,4,68.0,4,59,19,2,4,6,13,7,8,Legal,Associate,Bachelor,Male,Divorced,Day,Office,Balanced,1,0,0,1,0,0,1
4660,49,1,46450.0,13,6,74.0,9,30,0,2,3,1,12,10,4,Legal,Associate,PhD,Female,Single,Day,Hybrid,Balanced,0,0,0,0,0,0,0
4661,53,3,44094.0,11,57,10.0,5,51,11,1,1,0,20,10,5,Engineering,Manager,Bachelor,Female,Married,Day,Remote,Supportive,0,0,0,1,0,0,0
4662,47,6,49497.0,8,54,3.0,9,39,0,4,4,4,8,7,0,Sales,Manager,Master,Male,Divorced,Day,Remote,Micromanager,1,0,0,0,1,0,0
4663,43,1,41195.0,16,43,10.0,7,69,29,1,5,5,6,4,1,Sales,Associate,Bachelor,Female,Married,Day,Hybrid,Balanced,1,0,0,0,0,0,0
4664,28,20,105138.0,11,51,39.0,15,33,0,2,2,0,15,3,15,HR,Executive,Bachelor,Female,Single,Day,Hybrid,Hands-off,0,1,0,1,0,0,0
4665,37,15,80416.0,18,50,32.0,2,64,24,5,2,5,12,2,2,Finance,Associate,Master,Male,Married,Day,Office,Micromanager,0,0,0,1,0,0,1
4666,22,15,69201.0,14,58,11.0,4,36,0,3,3,3,16,9,12,Marketing,Analyst,Bachelor,Female,Married,Day,Remote,Hands-off,0,0,0,1,1,0,0
4667,24,14,71808.0,0,47,55.0,3,45,5,4,2,3,19,0,4,Operations,Manager,High School,Female,Single,Day,Hybrid,Supportive,1,0,0,0,1,1,0
4668,56,18,87128.0,19,32,21.0,11,43,3,4,3,4,16,6,9,Engineering,Associate,High School,Female,Married,Day,Remote,Supportive,0,0,0,1,0,0,0
4669,28,2,40802.0,4,40,47.0,8,47,7,4,4,7,1,7,9,Sales,Engineer,High School,Male,Single,Day,Hybrid,Micromanager,0,0,0,1,1,0,1
4670,30,9,76503.0,2,25,15.0,4,67,27,1,4,3,6,2,11,Operations,Analyst,Master,Male,Divorced,Day,Hybrid,Balanced,0,0,0,0,0,0,0
4671,59,16,73962.0,7,50,58.0,4,33,0,5,4,1,9,7,0,Engineering,Associate,Bachelor,Male,Single,Day,Hybrid,Micromanager,0,0,0,0,1,0,0
4672,28,7,83596.0,9,39,58.0,2,70,30,1,3,4,8,1,8,HR,Manager,Master,Female,Married,Day,Office,,0,0,0,1,0,0,0
4673,29,14,65374.0,15,8,12.0,13,60,20,1,5,4,20,6,0,Research,Analyst,Master,Female,Single,Flexible,Office,Hands-off,1,0,0,0,0,0,0
4674,55,9,67093.0,6,11,32.0,1,39,0,4,4,2,16,7,3,Engineering,Manager,Bachelor,Female,Married,Day,Hybrid,Supportive,1,0,0,0,0,0,1
4675,33,1,60926.0,12,6,16.0,3,70,30,3,1,0,9,7,11,HR,Engineer,Master,Female,Married,Night,Hybrid,,0,0,0,1,1,1,0
4676,42,17,75929.0,9,56,23.0,11,30,0,4,2,3,7,4,0,Sales,Executive,Master,Female,Divorced,Day,Remote,,0,0,0,0,1,0,1
4677,35,15,82344.0,0,28,65.0,9,43,3,3,3,5,7,7,9,Sales,Analyst,Bachelor,Female,Married,Day,Remote,Hands-off,1,0,0,1,0,0,1
4678,48,6,50401.0,14,11,8.0,14,49,9,5,5,0,20,9,6,Marketing,Manager,High School,Female,Single,Day,Hybrid,Balanced,1,0,0,1,0,0,0
4679,59,19,83875.0,20,41,68.0,10,56,16,2,3,4,4,1,8,Finance,Manager,Bachelor,Female,Single,Day,Hybrid,Balanced,0,0,0,1,0,0,0
4680,54,17,82396.0,13,34,63.0,5,43,3,5,3,0,16,4,7,Research,Lead,Bachelor,Female,Divorced,Flexible,Hybrid,Micromanager,0,1,0,0,0,0,1
4681,48,17,69494.0,13,10,6.0,12,64,24,1,4,7,17,6,1,Engineering,Analyst,High School,Female,Divorced,Night,Hybrid,,0,0,0,0,0,1,1
4682,41,17,87218.0,7,20,,14,49,9,3,1,5,11,0,0,Research,Associate,Bachelor,Female,Divorced,Day,Office,Supportive,0,0,0,1,0,0,0
4683,59,4,40937.0,20,2,38.0,8,60,20,5,2,7,15,6,3,Engineering,Engineer,Bachelor,Female,Single,Day,Office,Balanced,0,0,0,1,1,1,0
4684,34,3,43185.0,7,43,71.0,9,62,22,3,5,3,15,6,12,Engineering,Manager,Bachelor,Female,Married,Day,Hybrid,Supportive,1,0,0,0,0,0,0
4685,48,16,92728.0,13,4,48.0,1,48,8,2,2,3,9,0,7,Engineering,Analyst,Bachelor,Male,Married,Day,Hybrid,Balanced,0,0,0,0,0,1,0
4686,21,15,77126.0,11,60,34.0,4,46,6,5,3,4,4,10,6,Marketing,Analyst,Master,Female,Married,Night,Office,Hands-off,1,0,0,0,0,0,0
4687,37,12,80381.0,8,43,22.0,11,42,2,3,5,6,15,10,14,HR,Lead,Master,Male,Single,Day,Hybrid,Micromanager,0,0,0,0,1,0,0
4688,52,0,63216.0,18,10,20.0,15,45,5,5,4,0,3,2,11,Operations,Engineer,High School,Female,Single,Night,Remote,Balanced,0,0,0,1,0,0,0
4689,48,4,69981.0,6,32,,1,51,11,3,3,7,15,6,3,Sales,Associate,PhD,Female,Single,Day,Hybrid,Supportive,0,0,0,1,0,0,0
4690,41,14,84732.0,11,34,48.0,14,45,5,2,3,5,7,3,3,Engineering,Associate,Bachelor,Male,Single,Flexible,Hybrid,Balanced,1,0,0,0,1,0,0
4691,41,5,76381.0,15,40,64.0,4,70,30,4,5,4,13,3,4,Finance,Lead,Master,Female,Single,Night,Office,Supportive,1,0,0,0,0,0,0
4692,30,3,58294.0,0,16,56.0,9,33,0,1,1,2,20,8,14,Marketing,Associate,Bachelor,Male,Divorced,Night,Office,Balanced,0,0,0,1,0,0,0
4693,36,3,52221.0,13,45,53.0,2,53,13,3,3,4,9,6,14,HR,Engineer,Bachelor,Female,Married,Day,Hybrid,Supportive,1,0,0,1,0,0,0
4694,43,18,406970.0,15,37,27.0,3,40,0,2,4,1,12,7,14,Sales,Engineer,Master,Male,Single,Day,Remote,Supportive,0,0,0,1,0,0,0
4695,22,14,95709.0,3,50,56.0,13,62,22,3,4,2,18,9,1,Engineering,Lead,Bachelor,Male,Single,Flexible,Office,Balanced,0,0,1,0,0,0,0
4696,43,17,86836.0,3,57,14.0,2,49,9,1,1,6,5,5,1,Operations,Lead,High School,Female,Single,Night,Hybrid,Micromanager,0,0,0,0,0,0,0
4697,35,4,65058.0,6,50,66.0,13,53,13,5,5,1,9,6,1,,Manager,Bachelor,Female,Single,Flexible,Hybrid,Balanced,1,0,0,1,1,0,0
4698,32,11,59162.0,7,4,20.0,8,32,0,5,2,0,11,9,13,Engineering,Engineer,Bachelor,Male,Divorced,Day,Hybrid,Balanced,0,0,0,1,0,0,0
4699,28,14,372955.0,11,31,59.0,9,67,27,1,3,7,0,10,8,Operations,Engineer,High School,Male,Single,Day,Hybrid,Balanced,0,0,0,1,0,0,0
4700,30,12,84788.0,2,2,20.0,8,46,6,1,1,3,7,5,6,Sales,Engineer,Bachelor,Male,Married,Day,Remote,Balanced,0,0,1,1,1,1,0
4701,23,4,,10,14,45.0,6,54,14,3,1,0,8,2,5,Research,Manager,Master,Female,Divorced,Night,Office,Supportive,0,0,0,0,0,0,1
4702,48,11,74546.0,6,52,45.0,3,60,20,4,4,4,13,7,1,Sales,Associate,Bachelor,Male,Single,Day,Hybrid,Hands-off,1,0,0,0,0,0,0
4703,27,18,101361.0,14,36,36.0,8,47,7,4,1,6,17,6,3,Legal,Engineer,PhD,Male,Married,Day,Hybrid,Balanced,0,0,0,0,0,0,0
4704,55,3,28709.0,4,5,15.0,15,45,5,2,5,4,12,9,1,,Analyst,PhD,Female,Divorced,Day,Remote,Supportive,0,0,0,0,0,0,0
4705,40,10,71031.0,18,37,28.0,3,48,8,5,1,3,12,9,2,Finance,Engineer,Bachelor,Male,Single,Day,Hybrid,Balanced,0,0,0,0,1,1,0
4706,45,6,84424.0,7,42,53.0,13,40,0,3,5,5,19,6,1,Sales,Manager,Bachelor,Female,Single,Day,Office,Micromanager,1,1,0,0,0,1,0
4707,52,18,92566.0,9,19,59.0,5,36,0,2,5,2,4,9,2,HR,Analyst,Bachelor,Female,Married,Flexible,Remote,Balanced,0,0,0,1,0,1,0
4708,39,3,80094.0,19,2,27.0,4,70,30,4,2,6,20,2,11,Sales,Executive,Bachelor,Female,Married,Day,Office,Supportive,1,0,0,0,0,0,0
4709,57,15,88532.0,3,60,52.0,9,64,24,1,5,0,13,3,14,Research,Lead,Bachelor,Female,Divorced,Day,Hybrid,Balanced,1,1,0,0,0,1,0
4710,29,0,,10,53,30.0,14,30,0,5,3,1,7,7,11,Operations,Lead,PhD,Female,Single,Night,Hybrid,Supportive,0,0,0,1,0,0,0
4711,40,13,91515.0,12,35,70.0,15,30,0,1,3,3,9,9,10,Operations,Lead,Master,Female,Divorced,Flexible,Remote,Balanced,0,0,0,0,1,0,1
4712,56,20,87197.0,12,58,61.0,11,46,6,1,3,6,12,6,5,Sales,Engineer,Master,Male,Single,Day,Office,,1,0,0,1,0,0,0
4713,49,0,68417.0,8,56,,5,59,19,2,2,7,14,10,5,Sales,Engineer,Bachelor,Female,Single,Day,Office,Balanced,1,1,0,1,1,1,0
4714,53,0,52509.0,8,37,58.0,10,31,0,4,4,5,4,10,8,Marketing,Engineer,Bachelor,Male,Married,Day,Remote,Balanced,0,0,1,1,0,0,0
4715,35,0,60821.0,8,11,75.0,15,49,9,1,5,4,4,4,12,HR,Lead,Bachelor,Female,Single,Day,Office,Micromanager,0,0,0,1,0,0,0
4716,29,5,52599.0,16,44,44.0,12,63,23,5,3,2,17,4,9,Marketing,Lead,Bachelor,Female,Married,Day,Remote,Hands-off,0,0,0,1,0,0,0
4717,48,20,91218.0,11,19,21.0,5,51,11,5,3,3,2,8,1,Legal,Lead,Master,Male,Single,Flexible,Office,Balanced,1,0,0,0,1,0,0
4718,51,12,66097.0,17,2,17.0,15,49,9,5,2,6,12,2,9,Legal,Lead,High School,Female,Married,Day,Hybrid,Supportive,0,0,0,0,0,1,0
4719,47,3,49258.0,8,41,76.0,2,34,0,2,1,3,20,2,7,Research,Lead,High School,Male,Single,Day,Office,Balanced,0,1,0,1,0,1,0
4720,39,19,69698.0,19,54,8.0,15,58,18,2,2,2,1,4,4,Research,Manager,Bachelor,Male,Divorced,Day,Hybrid,Balanced,1,0,0,0,0,0,0
4721,39,12,77494.0,2,13,29.0,15,33,0,2,1,2,8,0,6,Research,Analyst,Bachelor,Female,Divorced,Day,Office,Balanced,0,0,0,0,1,1,0
4722,38,7,52179.0,19,16,65.0,5,31,0,5,2,3,9,10,11,Marketing,Engineer,Bachelor,Female,Divorced,Day,Office,Balanced,1,0,0,1,0,0,0
4723,24,7,58711.0,12,57,1.0,6,38,0,4,5,5,17,9,4,Engineering,Executive,Bachelor,Female,Divorced,Day,Office,Micromanager,1,0,0,0,0,0,0
4724,56,7,73275.0,13,1,65.0,10,42,2,5,5,0,14,0,5,Sales,Analyst,Master,Female,Single,Day,Office,Balanced,0,0,0,0,0,0,0
4725,56,10,68421.0,9,15,8.0,6,48,8,2,4,2,19,7,12,Engineering,Analyst,High School,Male,Single,Day,Office,Supportive,1,0,0,0,1,0,0
4726,50,1,60664.0,18,58,2.0,3,48,8,5,1,5,19,10,2,Marketing,Manager,Bachelor,Male,Divorced,Day,Hybrid,Balanced,0,0,0,1,1,0,0
4727,27,16,77104.0,15,52,24.0,9,59,19,4,2,7,5,10,2,Research,Executive,Bachelor,Female,Single,Day,Office,Micromanager,1,0,0,0,1,0,0
4728,35,5,60858.0,13,53,60.0,13,64,24,5,1,0,14,6,2,Research,Manager,Bachelor,Female,Divorced,Flexible,Office,Balanced,1,0,0,0,0,0,0
4729,22,6,69021.0,9,10,73.0,6,57,17,3,4,2,7,3,8,Legal,Engineer,Bachelor,Male,Divorced,Day,Hybrid,Balanced,1,0,0,1,1,0,0
4730,34,0,30276.0,4,35,56.0,9,61,21,4,5,5,19,1,8,Engineering,Manager,High School,Female,Married,Night,Remote,Micromanager,1,0,0,0,0,0,0
4731,58,16,92306.0,17,48,35.0,13,37,0,2,3,6,7,2,6,Engineering,Manager,Master,Female,Married,Day,Hybrid,Balanced,0,1,0,0,0,0,0
4732,39,20,100700.0,6,2,16.0,12,39,0,5,2,7,0,3,6,Marketing,Engineer,Bachelor,Male,Single,Night,Office,Micromanager,0,0,0,0,1,0,0
4733,25,1,67720.0,10,7,10.0,14,65,25,4,4,3,20,3,5,Marketing,Lead,Master,Female,Married,Day,Office,Micromanager,0,0,0,1,1,0,0
4734,25,19,71099.0,11,50,13.0,11,56,16,1,2,5,19,0,7,Operations,Manager,Master,Male,Single,Day,Hybrid,Balanced,1,0,0,0,0,0,0
4735,54,19,483790.0,16,31,,8,64,24,1,3,6,0,5,14,Marketing,Analyst,PhD,Female,Married,Day,Office,Micromanager,1,0,1,1,0,1,0
4736,53,3,51415.0,3,19,37.0,14,65,25,2,1,7,14,1,12,Research,Analyst,Bachelor,Female,Single,Day,Remote,Balanced,1,0,0,0,1,0,0
4737,30,9,70264.0,20,32,7.0,2,67,27,2,1,0,19,1,9,Operations,Analyst,Bachelor,Female,Divorced,Flexible,Hybrid,Balanced,0,1,0,0,0,0,0
4738,38,18,89442.0,2,37,13.0,3,30,0,5,1,0,16,2,12,Engineering,Executive,Bachelor,Female,Single,Day,Hybrid,Hands-off,0,0,0,0,1,1,0
4739,48,12,76516.0,8,9,6.0,6,34,0,5,4,3,14,5,9,Research,Engineer,Master,Female,Married,Day,Hybrid,Supportive,0,0,0,0,0,0,0
4740,56,11,78770.0,19,34,59.0,8,65,25,2,4,2,14,3,14,Engineering,Lead,Master,Female,Divorced,Day,Office,Balanced,0,0,0,0,1,0,0
4741,57,17,72986.0,10,54,54.0,11,40,0,2,1,1,18,8,11,Engineering,Manager,Master,Male,Divorced,Night,Hybrid,Micromanager,1,0,0,0,0,0,0
4742,56,12,74048.0,11,49,50.0,10,58,18,4,4,7,11,10,9,Sales,Executive,Master,Female,Divorced,Flexible,Hybrid,Micromanager,1,1,0,1,0,0,0
4743,60,2,70429.0,12,48,20.0,14,67,27,1,2,7,0,1,6,Operations,Associate,Bachelor,Male,Single,Day,Hybrid,Balanced,0,0,0,1,0,0,1
4744,48,18,105247.0,4,60,74.0,2,59,19,2,1,3,17,10,12,Engineering,Analyst,High School,Male,Divorced,Flexible,Office,Balanced,0,0,0,0,0,0,0
4745,36,11,68796.0,11,18,46.0,10,54,14,4,4,5,9,3,3,,Lead,Master,Female,Single,Day,Office,Supportive,1,1,0,1,1,1,0
4746,24,2,65441.0,15,42,60.0,10,37,0,1,3,6,4,9,8,HR,Manager,Master,Female,Married,Day,Hybrid,Micromanager,0,0,0,1,1,0,0
4747,56,15,83025.0,7,23,40.0,4,44,4,2,5,4,4,7,5,Research,Lead,Bachelor,Male,Divorced,Day,Office,Supportive,0,0,0,0,1,0,0
4748,57,8,65316.0,17,8,21.0,2,52,12,5,3,5,12,8,5,Sales,Analyst,Bachelor,Male,Divorced,Day,Hybrid,Micromanager,0,0,0,0,0,0,0
4749,57,19,74173.0,2,40,20.0,8,42,2,5,4,3,3,2,0,Operations,Engineer,PhD,Male,Married,Day,Office,Balanced,1,0,0,1,1,0,0
4750,38,14,,12,24,40.0,2,62,22,2,4,6,17,6,10,Sales,Analyst,Master,Male,Single,Night,Hybrid,Hands-off,0,0,0,0,1,1,1
4751,24,5,78440.0,20,60,38.0,1,57,17,4,5,7,12,6,11,HR,Engineer,High School,Female,Married,Day,Remote,Micromanager,1,0,0,1,0,0,0
4752,30,7,60021.0,14,54,21.0,15,68,28,1,3,1,15,9,6,Marketing,Engineer,Master,Male,Single,Day,Remote,Supportive,1,0,0,0,1,0,0
4753,54,6,49668.0,2,8,29.0,11,51,11,1,5,6,8,5,12,Research,Lead,Bachelor,Male,Married,Flexible,Hybrid,Supportive,1,0,0,0,0,0,0
4754,21,16,82283.0,20,19,35.0,10,47,7,5,5,4,15,4,10,Sales,Analyst,Master,Female,Married,Day,Hybrid,Balanced,1,0,0,0,0,0,0
4755,27,9,69621.0,9,1,78.0,10,38,0,5,5,7,9,4,5,HR,Executive,Master,Male,Divorced,Day,Remote,Micromanager,1,0,0,0,0,0,0
4756,54,12,89259.0,2,2,77.0,2,30,0,3,1,3,8,5,14,Legal,Executive,Bachelor,Female,Married,Day,Office,,0,1,0,0,1,0,0
4757,40,17,,11,17,16.0,12,33,0,1,5,2,19,3,13,Sales,Engineer,Master,Other,Divorced,Flexible,Office,Supportive,1,0,0,0,1,1,0
4758,58,10,69067.0,20,16,39.0,11,64,24,4,5,6,9,10,13,Engineering,Associate,Bachelor,Other,Married,Day,Office,,0,0,0,0,0,1,0
4759,30,10,95032.0,9,52,9.0,1,55,15,5,3,2,12,9,3,Sales,Associate,High School,Male,Divorced,Day,Remote,Micromanager,1,0,1,0,0,0,0
4760,54,11,82429.0,14,4,77.0,5,56,16,5,2,5,20,3,0,Sales,Lead,Bachelor,Female,Married,Day,Office,Supportive,1,0,0,0,1,1,0
4761,52,11,78348.0,19,9,46.0,3,50,10,1,2,0,13,7,1,Legal,Analyst,High School,Male,Divorced,Day,Hybrid,Balanced,1,0,0,0,0,1,0
4762,54,18,72250.0,20,15,16.0,6,66,26,3,1,5,11,8,13,Research,Associate,High School,Female,Single,Day,Office,Balanced,1,0,0,0,0,1,0
4763,52,16,74303.0,19,51,21.0,4,30,0,4,5,5,11,0,2,Engineering,Manager,Bachelor,Female,Married,Day,Office,Hands-off,0,0,0,1,1,1,0
4764,55,10,76189.0,1,21,70.0,14,46,6,2,3,5,4,2,11,Finance,Executive,PhD,Male,Married,Day,Office,Micromanager,0,1,0,0,0,0,0
4765,47,14,81900.0,19,30,51.0,10,65,25,1,5,0,1,0,15,Engineering,Engineer,Bachelor,Male,Married,Flexible,Remote,,1,1,1,0,0,0,1
4766,21,9,85898.0,7,53,77.0,10,50,10,4,4,6,8,3,3,Marketing,Associate,Master,Male,Single,Day,Hybrid,Balanced,0,1,0,0,0,0,0
4767,33,9,60769.0,15,40,43.0,13,35,0,2,5,2,8,8,0,Research,Associate,Master,Female,Single,Day,Hybrid,Supportive,0,0,0,0,0,0,0
4768,55,13,75882.0,7,21,48.0,13,48,8,1,5,5,0,3,14,Engineering,Analyst,High School,Male,Divorced,Day,Office,Balanced,1,0,0,0,1,0,0
4769,34,8,67921.0,6,22,3.0,6,64,24,1,4,0,0,0,6,Legal,Manager,Bachelor,Male,Married,Day,Hybrid,Supportive,1,0,0,0,0,0,0
4770,41,12,67097.0,10,60,49.0,15,33,0,4,2,0,3,3,7,Sales,Analyst,High School,Male,Married,Night,Office,Balanced,0,0,0,0,0,1,0
4771,43,4,73421.0,16,47,74.0,4,43,3,3,4,5,1,3,3,Operations,Engineer,Bachelor,Male,Married,Flexible,Hybrid,Balanced,1,0,0,1,0,0,0
4772,45,3,,6,25,60.0,12,60,20,4,4,1,0,5,3,Engineering,Analyst,High School,Female,Single,Night,Office,Hands-off,0,0,0,1,1,0,0
4773,42,14,60691.0,20,25,20.0,11,48,8,2,5,0,0,3,2,Sales,Analyst,Bachelor,Female,Divorced,Flexible,Hybrid,Micromanager,0,0,0,1,0,0,1
4774,21,20,104372.0,9,34,36.0,13,67,27,5,2,6,5,9,9,Engineering,Manager,Bachelor,Male,Single,Day,Office,Balanced,1,0,0,0,0,0,0
4775,27,7,65186.0,16,27,3.0,15,31,0,5,2,6,4,8,7,Operations,Manager,Bachelor,Female,Single,Day,Remote,Micromanager,0,0,0,1,1,0,0
4776,53,1,42329.0,17,23,51.0,12,49,9,5,3,5,14,8,4,Operations,Analyst,Bachelor,Male,Married,Day,Office,Micromanager,0,0,1,1,0,0,0
4777,55,2,50281.0,8,60,74.0,11,39,0,4,1,2,12,2,14,Operations,Associate,Bachelor,Female,Single,Day,Hybrid,Micromanager,1,0,0,0,0,1,1
4778,22,7,68855.0,1,4,48.0,1,36,0,4,4,1,11,8,0,Engineering,Executive,Bachelor,Male,Married,Day,Office,Supportive,0,0,0,1,0,1,0
4779,50,18,64655.0,3,57,28.0,5,45,5,5,5,1,12,7,12,Engineering,Manager,Bachelor,Male,Divorced,Day,Hybrid,Balanced,1,0,0,0,0,0,0
4780,38,14,93509.0,7,22,65.0,5,32,0,2,5,7,5,1,6,Operations,Associate,Bachelor,Male,Divorced,Day,Hybrid,Micromanager,0,0,0,0,0,0,1
4781,48,5,57889.0,14,14,21.0,14,48,8,3,1,5,13,1,6,Finance,Engineer,Bachelor,Male,Divorced,Flexible,Office,Balanced,0,0,0,1,1,0,0
4782,27,4,57368.0,13,18,47.0,15,57,17,5,2,0,3,2,4,Engineering,Analyst,Bachelor,Female,Divorced,Day,Office,Balanced,0,0,0,1,0,1,0
4783,59,3,45351.0,3,46,,1,39,0,1,2,1,10,1,9,Research,Executive,Bachelor,Female,Married,Day,Office,Supportive,0,0,0,1,0,0,0
4784,24,13,73765.0,18,41,54.0,10,60,20,4,5,6,9,9,11,Marketing,Lead,Bachelor,Female,Married,Flexible,Office,Hands-off,1,0,0,0,0,1,0
4785,49,11,58571.0,10,48,,5,68,28,5,5,4,8,10,7,Research,Engineer,Master,Female,Divorced,Day,Office,Hands-off,0,0,0,0,1,0,0
4786,30,12,66721.0,6,41,50.0,5,66,26,1,5,7,9,0,14,HR,Lead,Bachelor,Male,Single,Night,Office,Supportive,0,0,0,0,0,0,0
4787,33,13,76945.0,10,60,36.0,15,39,0,1,4,3,8,3,11,Marketing,Associate,Master,Male,Divorced,Night,Hybrid,Supportive,1,0,0,1,0,0,0
4788,53,12,80814.0,18,19,70.0,1,35,0,4,1,3,12,10,6,HR,Executive,Bachelor,Female,Married,Day,Remote,Balanced,0,0,0,0,0,1,0
4789,35,12,69311.0,6,50,67.0,3,43,3,1,4,1,6,7,10,Engineering,Lead,Bachelor,Male,Married,Day,Hybrid,Supportive,1,0,0,1,0,0,0
4790,49,16,86508.0,7,43,,14,51,11,1,2,3,19,2,14,HR,Lead,Bachelor,Male,Married,Flexible,Remote,Balanced,1,0,0,1,1,0,0
4791,32,20,89875.0,16,58,45.0,2,48,8,3,2,2,20,9,8,Finance,Executive,Master,Female,Single,Day,Office,Micromanager,0,0,0,1,1,0,0
4792,57,17,93274.0,13,23,65.0,8,50,10,5,1,2,13,8,4,,Lead,High School,Female,Divorced,Day,Office,Micromanager,0,0,0,0,0,0,0
4793,57,2,65779.0,3,1,39.0,7,45,5,4,3,0,10,6,15,Finance,Analyst,High School,Male,Married,Night,Remote,Balanced,1,0,0,0,0,0,0
4794,31,1,38255.0,6,28,63.0,7,32,0,1,4,1,16,5,12,Research,Associate,Bachelor,Female,Married,Day,Office,Hands-off,0,0,0,0,0,0,0
4795,52,6,55448.0,19,19,,12,48,8,1,2,3,14,8,8,Marketing,Analyst,Bachelor,Female,Divorced,Night,Office,Micromanager,1,0,0,1,1,0,0
4796,58,19,73681.0,14,13,49.0,13,68,28,4,2,6,18,0,12,Sales,Lead,Master,Female,Married,Night,Hybrid,Supportive,0,0,0,0,1,0,0
4797,23,16,85533.0,14,55,80.0,1,62,22,5,2,7,2,6,2,Sales,Associate,PhD,Male,Married,Flexible,Office,Supportive,1,0,0,0,1,0,0
4798,42,11,69313.0,5,14,,10,55,15,1,2,3,7,5,3,Engineering,Associate,Bachelor,Female,Married,Day,Office,Balanced,0,0,0,0,1,0,0
4799,35,14,72381.0,5,29,25.0,8,40,0,3,1,7,11,4,6,Legal,Engineer,High School,Female,Single,Day,Office,Hands-off,0,1,0,0,1,0,0
4800,44,13,70615.0,6,40,50.0,4,63,23,2,5,4,2,0,5,Sales,Lead,Bachelor,Female,Married,Day,Hybrid,Balanced,1,0,0,1,1,0,0
4801,41,5,314810.0,9,7,39.0,3,51,11,5,2,7,9,7,15,Sales,Associate,Bachelor,Female,Single,Day,Hybrid,Balanced,0,1,0,1,0,1,0
4802,42,11,83856.0,7,46,75.0,7,66,26,2,3,4,16,10,11,Sales,Engineer,High School,Female,Married,Day,Hybrid,Supportive,0,1,0,0,0,0,1
4803,44,19,117302.0,6,25,56.0,11,62,22,1,1,4,11,5,2,Operations,Lead,Bachelor,Male,Single,Day,Office,Balanced,0,0,0,1,0,0,1
4804,42,15,92695.0,1,6,37.0,4,35,0,2,1,3,3,8,5,Research,Manager,Bachelor,Female,Married,Day,Office,Balanced,0,1,0,1,0,0,0
4805,44,9,64729.0,9,50,40.0,5,34,0,1,4,7,17,7,7,Legal,Executive,Master,Male,Married,Day,Hybrid,Micromanager,1,0,0,1,0,1,0
4806,52,11,,7,24,72.0,11,58,18,2,3,5,5,7,10,HR,Lead,Master,Female,Single,Night,Office,Supportive,0,0,0,1,1,0,0
4807,21,5,53926.0,0,27,73.0,11,30,0,5,2,5,5,1,7,Research,Executive,High School,Female,Single,Night,Office,Balanced,0,0,0,0,1,1,0
4808,33,12,71924.0,19,47,79.0,4,47,7,2,1,7,6,0,4,Finance,Associate,PhD,Female,Single,Night,Office,Micromanager,0,0,0,0,0,0,0
4809,32,1,42423.0,12,7,57.0,4,64,24,5,2,2,8,10,3,Sales,Analyst,High School,Male,Married,Day,Office,Micromanager,0,0,0,1,0,0,0
4810,34,17,,4,19,20.0,9,64,24,1,3,0,16,10,9,Engineering,Analyst,High School,Female,Single,Flexible,Hybrid,Balanced,0,0,0,0,0,1,0
4811,31,20,82239.0,3,31,42.0,2,31,0,1,1,1,7,6,2,,Executive,High School,Male,Married,Day,Remote,Hands-off,0,0,0,0,0,1,0
4812,46,18,90027.0,3,59,20.0,13,45,5,5,2,6,10,5,10,Finance,Executive,Bachelor,Female,Divorced,Flexible,Office,Balanced,1,0,0,0,0,0,0
4813,59,3,43642.0,15,9,28.0,14,34,0,1,2,2,5,7,12,Sales,Associate,PhD,Female,Single,Night,Office,Balanced,1,0,0,0,1,1,0
4814,46,17,71928.0,6,26,18.0,4,56,16,5,1,7,5,1,6,Engineering,Associate,Master,Male,Married,Night,Remote,Supportive,1,0,0,1,0,0,0
4815,31,13,80457.0,7,41,49.0,5,54,14,1,4,2,6,10,11,Sales,Lead,Bachelor,Female,Single,Day,Hybrid,Supportive,0,0,0,1,0,0,0
4816,22,20,99833.0,16,1,76.0,8,47,7,3,5,0,19,4,9,Sales,Associate,Bachelor,Male,Single,Night,Office,Supportive,0,0,0,0,1,0,0
4817,35,7,72229.0,13,30,79.0,6,53,13,3,3,7,19,7,11,HR,Lead,Bachelor,Female,Divorced,Day,Remote,Hands-off,0,0,0,1,1,0,0
4818,32,16,88453.0,4,44,,10,70,30,4,3,2,14,1,1,Engineering,Analyst,Master,Male,Single,Night,Remote,Supportive,1,0,0,0,1,0,0
4819,60,3,53236.0,4,15,26.0,5,38,0,2,2,4,18,2,13,Engineering,Manager,Bachelor,Female,Single,Day,Office,Micromanager,0,0,0,0,0,0,0
4820,51,6,50661.0,19,29,61.0,6,49,9,4,3,2,10,1,4,Legal,Engineer,Bachelor,Female,Married,Day,Office,Balanced,0,0,0,1,0,0,0
4821,54,5,66425.0,3,52,79.0,10,62,22,1,5,3,1,4,6,HR,Manager,Master,Female,Married,Day,Remote,Supportive,1,0,0,1,0,0,0
4822,22,20,124503.0,20,26,63.0,5,39,0,1,3,0,13,4,7,Sales,Executive,Bachelor,Male,Married,Flexible,Office,Micromanager,0,0,0,1,0,0,0
4823,55,12,76552.0,9,27,74.0,6,44,4,4,3,5,8,3,4,Finance,Executive,Master,Male,Single,Day,Remote,Supportive,0,0,0,1,0,0,0
4824,53,15,100833.0,8,56,27.0,11,40,0,5,2,2,6,6,6,Finance,Manager,High School,Female,Married,Day,Hybrid,Supportive,1,0,0,0,0,1,0
4825,55,20,88496.0,15,14,69.0,4,51,11,3,1,6,10,4,15,HR,Executive,Bachelor,Female,Divorced,Flexible,Office,Micromanager,1,0,0,1,0,1,0
4826,21,6,54694.0,11,14,24.0,9,44,4,4,3,1,19,7,8,,Analyst,Bachelor,Female,Single,Day,Office,Balanced,0,0,0,0,0,0,0
4827,53,9,63545.0,0,56,20.0,7,39,0,2,1,5,3,1,9,,Analyst,Master,Female,Married,Day,Office,Balanced,0,0,1,0,0,0,0
4828,25,4,69791.0,10,8,44.0,6,62,22,1,1,1,4,0,7,Sales,Executive,High School,Male,Divorced,Day,Remote,Supportive,0,0,0,1,0,0,0
4829,21,0,46535.0,20,29,14.0,5,63,23,4,3,1,17,10,6,Research,Lead,Master,Female,Divorced,Night,Hybrid,Balanced,1,1,0,1,0,1,0
4830,39,18,84369.0,5,41,57.0,13,61,21,5,1,4,18,5,6,Engineering,Associate,Bachelor,Male,Divorced,Day,Office,Micromanager,1,1,0,0,1,0,0
4831,30,2,37995.0,13,37,59.0,7,65,25,4,5,1,5,0,5,HR,Executive,High School,Male,Divorced,Flexible,Hybrid,Micromanager,1,0,0,1,1,1,0
4832,52,2,49974.0,1,39,30.0,9,67,27,2,5,7,4,7,3,Sales,Engineer,Master,Female,Divorced,Night,Remote,Balanced,1,0,0,0,0,0,0
4833,52,12,62947.0,11,10,57.0,6,36,0,5,2,6,10,1,4,,Associate,High School,Female,Married,Night,Remote,Supportive,1,0,0,1,0,0,1
4834,38,14,65794.0,2,52,54.0,1,40,0,4,3,5,16,7,6,Operations,Manager,Bachelor,Male,Single,Night,Office,Micromanager,1,0,0,1,0,1,0
4835,53,8,67296.0,5,57,12.0,3,40,0,5,4,0,19,8,12,Finance,Lead,Bachelor,Female,Divorced,Day,Hybrid,Balanced,0,0,0,1,0,0,0
4836,37,1,72645.0,14,3,68.0,7,38,0,5,5,3,13,2,6,Research,Engineer,High School,Female,Single,Day,Remote,,0,0,0,0,0,0,1
4837,46,8,67551.0,0,38,28.0,14,38,0,5,4,2,15,10,5,Research,Executive,Bachelor,Female,Divorced,Day,Remote,Micromanager,1,0,0,1,0,0,0
4838,43,2,38960.0,6,40,75.0,4,48,8,2,5,4,13,2,6,HR,Analyst,Bachelor,Female,Divorced,Day,Hybrid,Supportive,0,1,0,0,1,0,1
4839,59,18,100705.0,16,60,7.0,3,30,0,3,2,0,18,5,2,Marketing,Executive,PhD,Male,Married,Flexible,Office,Hands-off,1,0,0,0,1,0,0
4840,53,4,37992.0,6,38,10.0,4,43,3,5,2,4,0,2,15,Operations,Analyst,Master,Male,Married,Day,Office,Balanced,0,0,0,1,1,1,0
4841,33,7,,7,49,25.0,3,39,0,1,5,7,0,10,0,Sales,Lead,Bachelor,Male,Single,Flexible,Hybrid,Balanced,1,0,0,1,0,0,1
4842,58,5,73955.0,8,36,33.0,9,49,9,3,2,5,18,5,9,Finance,Executive,Master,Female,Married,Day,Hybrid,Supportive,0,0,0,1,1,0,0
4843,23,4,71479.0,14,60,59.0,9,40,0,4,4,6,7,1,10,Research,Executive,High School,Male,Single,Night,Remote,Hands-off,1,0,0,0,0,0,0
4844,55,6,61205.0,13,59,1.0,12,38,0,3,4,5,6,5,1,Marketing,Manager,Master,Female,Divorced,Day,Hybrid,,1,0,0,1,1,0,0
4845,38,0,29332.0,20,45,64.0,8,61,21,3,5,2,15,4,3,Sales,Associate,Bachelor,Female,Single,Night,Office,Micromanager,0,0,0,1,1,0,0
4846,31,7,86665.0,2,23,,10,51,11,3,5,5,13,3,2,Finance,Executive,PhD,Male,Single,Day,Hybrid,Micromanager,1,0,0,0,0,1,0
4847,60,10,46264.0,16,60,4.0,12,60,20,2,1,1,17,1,11,Operations,Executive,Master,Female,Single,Day,Office,Micromanager,0,1,0,0,1,0,0
4848,47,3,61228.0,14,55,53.0,15,55,15,4,4,6,5,2,15,Sales,Engineer,High School,Male,Single,Day,Office,Micromanager,1,1,0,0,0,1,0
4849,60,17,99774.0,19,42,8.0,5,57,17,2,4,1,5,10,12,Finance,Executive,Bachelor,Male,Single,Flexible,Office,Hands-off,0,0,1,0,0,0,0
4850,56,1,52453.0,12,22,29.0,2,37,0,5,4,4,8,9,8,Sales,Analyst,Master,Female,Married,Flexible,Office,Balanced,1,0,0,0,1,1,0
4851,46,0,46360.0,10,58,25.0,3,41,1,2,4,3,17,3,14,Sales,Manager,Bachelor,Male,Married,Day,Office,Balanced,0,0,0,0,1,0,0
4852,41,19,69654.0,1,9,33.0,11,45,5,5,5,7,6,2,2,Engineering,Executive,Bachelor,Female,Married,Day,Hybrid,Supportive,1,0,0,0,1,0,0
4853,40,3,30654.0,5,15,65.0,6,62,22,4,4,2,16,3,14,Operations,Associate,Master,Female,Divorced,Day,Remote,Balanced,1,0,0,1,0,1,0
4854,54,3,79982.0,18,11,54.0,4,65,25,1,1,7,9,5,11,Engineering,Associate,Master,Male,Divorced,Day,Hybrid,Micromanager,0,0,0,0,0,0,1
4855,44,15,98992.0,9,42,38.0,1,37,0,2,5,1,15,10,0,Legal,Analyst,High School,Male,Married,Day,Hybrid,Supportive,1,0,0,0,0,0,1
4856,40,15,92693.0,16,48,75.0,2,60,20,5,2,7,20,4,3,Engineering,Associate,Bachelor,Male,Divorced,Night,Office,Supportive,0,0,0,1,0,0,0
4857,47,0,28033.0,17,4,77.0,10,70,30,3,1,6,16,7,0,HR,Executive,High School,Female,Single,Day,Hybrid,Balanced,1,0,1,1,0,0,0
4858,29,13,72860.0,11,39,71.0,10,56,16,3,5,4,1,2,11,Finance,Lead,Bachelor,Male,Married,Day,Hybrid,Balanced,0,0,0,0,0,0,0
4859,30,0,38814.0,7,1,30.0,10,64,24,1,5,4,19,7,14,Engineering,Manager,High School,Male,Married,Flexible,Office,Balanced,1,0,0,0,1,1,0
4860,53,17,62065.0,17,58,73.0,11,31,0,5,2,1,8,3,11,Engineering,Manager,Master,Male,Married,Day,Office,Supportive,1,0,0,1,0,0,0
4861,46,4,54489.0,6,59,43.0,10,32,0,1,5,0,5,10,7,Finance,Engineer,Bachelor,Male,Divorced,Day,Office,,1,0,0,0,0,0,1
4862,52,18,107276.0,9,48,65.0,13,33,0,3,4,1,4,0,6,Finance,Executive,Bachelor,Male,Divorced,Night,Remote,Supportive,1,1,0,0,0,0,0
4863,58,13,85892.0,12,49,48.0,8,52,12,5,1,3,2,5,15,Engineering,Analyst,High School,Female,Divorced,Day,Hybrid,Balanced,1,0,0,1,1,0,0
4864,24,1,51897.0,15,5,80.0,9,60,20,5,5,5,3,2,2,Engineering,Associate,Bachelor,Male,Married,Day,Hybrid,Supportive,0,1,0,0,0,0,0
4865,22,14,61717.0,4,29,0.0,11,63,23,1,3,7,14,9,5,Marketing,Manager,High School,Female,Single,Day,Remote,Supportive,1,0,0,1,0,0,0
4866,55,2,68760.0,8,1,3.0,14,60,20,2,3,1,9,8,5,Sales,Associate,Bachelor,Male,Divorced,Day,Office,Supportive,0,0,0,1,0,1,0
4867,22,10,68852.0,0,25,66.0,7,70,30,2,1,5,1,2,3,Sales,Lead,Bachelor,Female,Single,Day,Remote,Balanced,0,0,0,0,0,0,1
4868,51,6,66429.0,18,25,27.0,13,53,13,4,5,5,14,4,6,Engineering,Associate,Master,Female,Single,Day,Hybrid,Micromanager,1,1,0,0,0,1,0
4869,52,4,48409.0,18,47,,11,56,16,5,5,6,17,5,4,Engineering,Analyst,Bachelor,Male,Single,Day,Hybrid,Balanced,1,0,0,0,0,0,0
4870,36,7,69712.0,6,4,19.0,14,61,21,1,2,6,16,8,1,Engineering,Engineer,High School,Male,Divorced,Day,Hybrid,Micromanager,0,0,0,1,0,1,0
4871,60,14,,9,43,34.0,8,33,0,1,5,2,6,5,6,Engineering,Lead,High School,Male,Married,Day,Office,Balanced,0,0,0,1,0,1,0
4872,32,8,62874.0,10,48,48.0,7,33,0,5,1,3,0,4,15,Research,Engineer,Master,Male,Divorced,Day,Office,Supportive,0,0,0,0,0,0,0
4873,36,1,41514.0,20,57,25.0,2,39,0,2,5,5,13,5,7,Marketing,Engineer,High School,Male,Married,Day,Hybrid,Micromanager,1,0,0,1,1,0,0
4874,37,0,43190.0,2,28,54.0,10,44,4,5,3,4,17,1,5,HR,Associate,High School,Male,Married,Day,Hybrid,,0,0,0,0,0,0,0
4875,41,7,56826.0,2,11,77.0,6,60,20,3,5,2,3,6,12,Engineering,Lead,High School,Male,Divorced,Flexible,Office,Micromanager,1,0,0,1,1,1,0
4876,32,15,62497.0,20,55,73.0,2,54,14,5,3,0,4,4,10,Engineering,Lead,Bachelor,Male,Single,Day,Office,Supportive,1,0,0,0,0,1,0
4877,36,2,52554.0,18,29,,4,62,22,1,5,5,9,2,14,Engineering,Analyst,Master,Female,Divorced,Day,Remote,Hands-off,1,1,0,0,1,0,0
4878,42,11,73534.0,3,7,65.0,5,56,16,2,1,5,16,1,6,Engineering,Engineer,Master,Male,Divorced,Day,Hybrid,Hands-off,0,0,0,0,0,0,1
4879,59,12,71858.0,6,27,,9,33,0,4,4,2,6,0,15,Engineering,Lead,High School,Female,Divorced,Day,Remote,Balanced,1,1,0,0,0,0,0
4880,55,4,57741.0,7,56,26.0,15,64,24,2,3,3,13,5,15,Marketing,Analyst,Bachelor,Female,Single,Flexible,Remote,Micromanager,0,0,0,0,1,0,1
4881,24,1,53284.0,4,9,7.0,2,62,22,1,1,3,2,5,7,Marketing,Associate,Bachelor,Female,Married,Day,Office,Balanced,0,0,0,1,0,0,1
4882,35,12,90416.0,6,39,50.0,14,49,9,4,2,4,13,7,1,Engineering,Manager,Bachelor,Female,Single,Day,Remote,Hands-off,1,0,0,0,0,0,0
4883,25,13,70815.0,0,7,42.0,5,59,19,2,5,1,3,6,9,Engineering,Executive,High School,Male,Divorced,Night,Office,Micromanager,1,0,0,0,0,1,0
4884,30,10,89496.0,15,34,61.0,3,39,0,4,3,7,9,8,1,Finance,Engineer,Bachelor,Female,Single,Night,Remote,Micromanager,0,0,0,0,0,0,0
4885,57,16,81369.0,3,26,12.0,6,54,14,5,5,4,14,4,4,Marketing,Associate,Bachelor,Female,Single,Day,Office,Balanced,1,0,0,1,1,0,0
4886,28,8,49184.0,12,57,76.0,11,62,22,2,3,5,11,4,8,Engineering,Engineer,Master,Male,Married,Day,Hybrid,Hands-off,0,0,0,0,0,0,0
4887,58,5,45719.0,12,16,60.0,1,60,20,1,1,6,20,6,1,Engineering,Manager,Bachelor,Male,Single,Day,Remote,Balanced,0,0,0,0,1,0,1
4888,53,4,54051.0,20,10,32.0,14,59,19,4,1,3,12,8,2,Marketing,Executive,Bachelor,Male,Divorced,Day,Hybrid,,1,0,0,0,1,0,0
4889,52,18,83909.0,16,54,54.0,10,46,6,3,4,4,18,2,15,Engineering,Executive,Master,Male,Divorced,Day,Remote,Balanced,0,0,0,0,0,0,0
4890,35,5,55591.0,1,27,29.0,1,37,0,5,1,4,16,4,0,Legal,Associate,Bachelor,Male,Single,Flexible,Office,Supportive,1,0,0,0,0,0,0
4891,51,9,61121.0,17,33,54.0,2,59,19,3,2,2,15,8,0,Marketing,Executive,Bachelor,Male,Divorced,Flexible,Office,Balanced,0,0,0,1,0,0,0
4892,33,0,50437.0,15,42,76.0,3,62,22,2,2,5,14,7,10,Operations,Lead,High School,Female,Divorced,Flexible,Hybrid,Balanced,0,0,0,0,0,0,0
4893,48,19,92483.0,17,18,36.0,13,60,20,5,1,0,14,8,5,Finance,Manager,Bachelor,Female,Divorced,Day,Hybrid,Supportive,0,0,0,0,0,0,0
4894,24,5,46470.0,19,25,9.0,7,46,6,3,1,3,19,1,11,Operations,Executive,Master,Female,Single,Day,Office,Balanced,1,0,0,1,0,0,0
4895,59,6,71410.0,20,37,2.0,4,42,2,2,5,6,18,5,7,Engineering,Lead,Bachelor,Male,Married,Day,Office,Micromanager,0,0,0,0,0,0,1
4896,56,6,57162.0,17,58,33.0,7,31,0,3,1,3,8,10,11,Finance,Engineer,High School,Male,Divorced,Day,Office,Micromanager,0,0,0,0,0,0,0
4897,34,9,84073.0,18,42,77.0,13,70,30,1,5,3,7,2,5,Legal,Manager,Bachelor,Female,Single,Day,Office,Balanced,0,1,0,1,1,0,0
4898,28,16,98150.0,16,4,16.0,14,50,10,5,1,3,7,5,2,Operations,Associate,High School,Male,Single,Flexible,Remote,Balanced,1,0,0,0,0,0,0
4899,44,18,83764.0,19,51,42.0,6,66,26,2,2,1,1,7,1,HR,Analyst,Master,Female,Married,Day,Office,Hands-off,0,0,0,0,1,0,0
4900,59,15,87928.0,0,10,73.0,7,67,27,1,2,6,1,7,11,Research,Manager,High School,Female,Single,Day,Hybrid,Supportive,1,0,0,1,0,0,0
4901,38,16,85624.0,17,18,34.0,14,53,13,2,2,1,3,5,10,Sales,Engineer,Master,Female,Single,Day,Office,Micromanager,1,0,0,0,0,0,0
4902,51,1,53867.0,19,57,38.0,9,50,10,1,3,1,17,6,11,Legal,Lead,Master,Male,Married,Day,Office,Balanced,1,0,0,1,0,1,0
4903,44,15,84242.0,17,14,62.0,3,54,14,4,1,0,17,0,11,Engineering,Executive,Master,Male,Divorced,Day,Hybrid,Balanced,0,0,0,0,0,0,0
4904,55,1,53509.0,1,27,12.0,13,49,9,4,3,7,16,5,2,Marketing,Manager,Bachelor,Female,Divorced,Day,Office,Micromanager,0,0,0,1,0,1,0
4905,26,14,65870.0,10,18,17.0,14,55,15,1,5,6,1,0,12,Finance,Analyst,Bachelor,Female,Single,Flexible,Office,Hands-off,0,0,0,1,1,0,0
4906,32,16,106229.0,9,5,9.0,8,37,0,1,5,5,5,8,14,Engineering,Lead,Bachelor,Male,Divorced,Day,Office,Balanced,1,0,0,1,0,0,0
4907,24,16,89607.0,7,7,,9,60,20,4,4,0,12,8,1,Research,Engineer,Bachelor,Female,Married,Night,Hybrid,Micromanager,0,0,1,1,0,0,0
4908,23,8,61433.0,20,39,21.0,12,40,0,1,5,6,16,3,4,Finance,Manager,High School,Male,Married,Day,Office,Micromanager,1,0,0,1,0,0,1
4909,58,10,74223.0,17,19,73.0,9,52,12,1,3,6,6,5,10,Engineering,Analyst,Master,Male,Divorced,Day,Hybrid,Balanced,1,1,0,0,0,1,0
4910,54,18,93595.0,19,42,30.0,12,65,25,3,4,1,12,8,8,Engineering,Analyst,Master,Female,Divorced,Day,Office,Balanced,1,0,0,0,0,0,0
4911,52,11,56119.0,2,1,15.0,3,33,0,5,3,0,5,9,10,Marketing,Engineer,Master,Male,Single,Day,Office,Balanced,1,0,0,1,0,0,0
4912,39,3,50618.0,8,29,70.0,10,34,0,2,1,4,19,7,5,Engineering,Executive,Bachelor,Female,Married,Flexible,Remote,Balanced,0,0,0,0,0,0,0
4913,41,20,93445.0,16,27,80.0,2,67,27,1,3,5,15,1,5,Legal,Associate,Master,Female,Divorced,Day,Office,Supportive,0,0,1,1,0,0,0
4914,33,11,78665.0,6,13,28.0,8,67,27,4,1,7,13,6,1,HR,Analyst,Bachelor,Female,Divorced,Day,Office,Balanced,0,0,0,0,1,1,0
4915,44,9,75388.0,14,27,38.0,12,57,17,4,4,5,1,2,15,HR,Manager,Bachelor,Female,Divorced,Day,Office,Supportive,1,0,0,0,0,0,1
4916,37,19,97479.0,5,17,11.0,15,49,9,3,2,0,7,10,11,Sales,Analyst,Bachelor,Male,Married,Night,Hybrid,Balanced,0,0,0,0,1,0,0
4917,58,8,74215.0,20,16,39.0,2,50,10,1,2,0,7,3,13,Engineering,Analyst,Master,Female,Divorced,Day,Hybrid,Micromanager,1,0,0,0,0,0,0
4918,55,3,43733.0,0,39,36.0,1,49,9,1,2,1,16,9,15,Sales,Engineer,Bachelor,Female,Married,Day,Office,Balanced,1,0,0,1,1,0,0
4919,36,11,90556.0,13,51,32.0,10,39,0,3,5,4,3,7,7,HR,Executive,Master,Female,Married,Night,Office,Balanced,0,0,1,1,0,1,0
4920,53,0,48644.0,0,47,23.0,11,30,0,3,4,1,9,10,3,Sales,Lead,High School,Male,Married,Night,Office,Supportive,1,0,0,0,0,1,0
4921,29,8,40621.0,15,9,55.0,14,64,24,1,2,5,18,1,4,Research,Associate,Bachelor,Male,Single,Flexible,Office,Balanced,1,0,0,0,0,1,0
4922,43,17,85301.0,18,30,14.0,2,60,20,5,5,0,19,10,0,Operations,Executive,Bachelor,Male,Divorced,Day,Office,Hands-off,1,0,0,1,0,1,0
4923,44,10,69741.0,4,52,27.0,3,41,1,3,5,7,10,10,0,Finance,Lead,High School,Male,Divorced,Flexible,Office,Balanced,0,0,1,0,0,0,1
4924,30,13,69670.0,6,45,16.0,9,59,19,4,3,5,1,8,4,HR,Lead,Master,Female,Divorced,Night,Office,Balanced,0,0,0,0,0,1,0
4925,55,6,73250.0,19,17,66.0,13,32,0,5,4,3,11,8,13,Engineering,Manager,Bachelor,Male,Divorced,Night,Office,Balanced,1,0,1,1,0,0,0
4926,39,19,100885.0,14,59,25.0,15,65,25,1,3,6,6,6,4,Finance,Lead,Master,Female,Single,Day,Office,Supportive,1,0,0,0,1,1,0
4927,58,17,,19,10,39.0,10,63,23,5,4,7,1,10,12,Legal,Analyst,Bachelor,Female,Divorced,Day,Hybrid,Supportive,0,0,0,0,0,1,0
4928,58,18,88901.0,18,1,55.0,14,61,21,1,3,5,16,8,10,Sales,Analyst,PhD,Male,Divorced,Day,Remote,Hands-off,0,0,0,0,0,1,1
4929,52,4,59182.0,2,13,5.0,5,40,0,2,3,6,4,7,10,Engineering,Engineer,Bachelor,Female,Single,Day,Hybrid,,0,0,0,0,1,0,0
4930,23,19,93113.0,4,53,57.0,8,30,0,3,4,4,8,7,3,Sales,Engineer,Bachelor,Female,Divorced,Day,Office,,0,1,0,1,0,0,0
4931,35,6,55374.0,15,23,47.0,4,57,17,1,4,6,2,2,10,Finance,Associate,Master,Male,Married,Day,Office,Hands-off,1,0,0,1,0,0,0
4932,45,5,47126.0,1,35,11.0,11,49,9,4,3,7,6,5,9,HR,Executive,Master,Male,Married,Night,Office,Hands-off,1,0,0,0,0,0,0
4933,25,12,77169.0,12,58,22.0,6,63,23,1,2,7,17,2,5,Finance,Lead,Master,Male,Single,Day,Office,Balanced,0,0,0,0,0,1,1
4934,35,14,101789.0,12,33,51.0,10,31,0,2,2,6,7,7,8,Legal,Analyst,High School,Male,Single,Night,Remote,Balanced,1,0,0,1,1,1,0
4935,40,13,56862.0,18,33,24.0,15,46,6,2,4,0,14,1,12,Research,Engineer,Bachelor,Male,Married,Day,Remote,Micromanager,0,0,0,1,0,0,0
4936,22,7,54509.0,12,22,46.0,8,56,16,1,5,7,4,8,3,Engineering,Associate,Bachelor,Female,Single,Flexible,Office,Micromanager,1,0,0,0,0,0,0
4937,22,4,62611.0,16,60,75.0,6,60,20,3,3,3,17,9,1,Engineering,Lead,Bachelor,Male,Divorced,Night,Office,Hands-off,1,0,0,0,1,1,0
4938,54,11,55698.0,8,59,45.0,11,53,13,3,2,4,13,3,0,Sales,Associate,High School,Male,Divorced,Day,Office,Supportive,0,0,1,1,0,0,0
4939,34,11,67283.0,1,60,15.0,10,52,12,3,4,6,15,6,10,Finance,Lead,High School,Female,Single,Day,Office,Supportive,1,0,0,0,0,0,1
4940,47,19,91257.0,7,57,,12,36,0,3,2,2,10,9,7,HR,Manager,PhD,Male,Divorced,Night,Office,Supportive,0,0,0,1,1,0,0
4941,50,20,96145.0,15,52,78.0,13,66,26,3,1,3,20,2,0,Sales,Executive,Bachelor,Male,Divorced,Day,Office,Supportive,0,0,0,0,1,0,0
4942,32,2,52475.0,11,58,11.0,6,55,15,3,3,2,3,10,8,Operations,Executive,Bachelor,Male,Divorced,Night,Office,Balanced,1,0,0,0,0,0,0
4943,51,8,59267.0,1,26,11.0,1,38,0,2,1,6,1,2,10,Sales,Lead,Bachelor,Female,Divorced,Day,Office,Supportive,0,0,0,0,0,0,0
4944,45,15,84695.0,11,19,48.0,6,40,0,1,3,5,12,7,4,Operations,Associate,Bachelor,Female,Married,Flexible,Hybrid,Micromanager,1,0,1,0,0,0,0
4945,33,10,66587.0,9,27,,11,36,0,4,2,4,12,9,15,Sales,Engineer,High School,Female,Married,Day,Remote,Hands-off,0,0,0,1,1,0,0
4946,44,11,60090.0,2,36,47.0,3,66,26,2,3,0,13,2,5,Sales,Lead,Bachelor,Male,Divorced,Flexible,Office,Micromanager,0,0,0,1,0,0,1
4947,59,11,67271.0,4,52,49.0,14,55,15,5,2,2,15,9,1,Sales,Engineer,Bachelor,Male,Married,Night,Hybrid,Balanced,0,0,0,1,0,0,0
4948,34,16,87992.0,10,39,29.0,2,64,24,5,2,2,18,4,4,Sales,Manager,High School,Female,Married,Flexible,Hybrid,Balanced,1,1,0,0,0,1,0
4949,33,19,99811.0,4,54,30.0,12,49,9,5,5,7,7,3,12,Finance,Executive,Bachelor,Female,Married,Day,Hybrid,Supportive,0,0,0,0,0,0,0
4950,31,5,54618.0,15,55,3.0,2,43,3,1,3,4,13,7,13,Operations,Associate,Bachelor,Male,Single,Day,Hybrid,Micromanager,0,0,0,1,1,0,0
4951,35,18,105540.0,20,23,,10,65,25,1,2,3,18,3,2,Operations,Analyst,Master,Male,Married,Day,Remote,Balanced,1,0,0,0,1,1,0
4952,27,0,46302.0,16,46,34.0,3,45,5,1,2,1,2,10,9,Sales,Manager,Master,Male,Single,Day,Office,Balanced,0,0,0,0,1,0,0
4953,49,18,62510.0,18,5,36.0,9,32,0,4,2,2,10,6,9,Marketing,Executive,High School,Female,Divorced,Night,Office,Supportive,0,0,1,0,0,1,0
4954,55,3,30211.0,17,58,38.0,11,47,7,5,5,3,6,5,10,Engineering,Associate,Master,Female,Divorced,Day,Office,Hands-off,0,0,0,0,1,0,0
4955,58,18,89956.0,13,9,1.0,13,64,24,5,5,3,17,6,3,Marketing,Analyst,Bachelor,Female,Divorced,Day,Office,Supportive,0,0,0,0,0,1,0
4956,60,10,86666.0,10,12,41.0,11,41,1,1,5,4,0,9,0,Operations,Associate,Master,Female,Divorced,Flexible,Office,Supportive,0,0,0,0,0,0,0
4957,23,12,86372.0,19,55,80.0,8,62,22,3,5,0,1,10,13,Research,Associate,Bachelor,Male,Single,Day,Office,Hands-off,0,0,0,1,1,0,0
4958,57,18,,14,18,19.0,12,34,0,3,4,0,5,8,7,Marketing,Executive,Bachelor,Male,Divorced,Day,Hybrid,Balanced,0,0,0,1,0,0,0
4959,51,9,62856.0,19,58,68.0,6,60,20,4,1,4,18,9,6,Sales,Analyst,Bachelor,Male,Divorced,Day,Remote,,0,0,0,0,0,0,0
4960,26,15,75313.0,17,33,,6,57,17,3,2,1,12,9,15,Operations,Analyst,Bachelor,Male,Single,Day,Hybrid,Micromanager,1,0,0,1,0,1,0
4961,55,18,,14,53,66.0,14,42,2,2,4,1,15,8,6,Research,Analyst,Bachelor,Female,Married,Day,Hybrid,Balanced,1,0,0,1,1,1,0
4962,51,14,60915.0,12,31,42.0,9,48,8,3,2,3,18,1,0,Sales,Associate,Master,Male,Married,Day,Hybrid,Balanced,1,0,0,0,1,1,0
4963,46,16,76916.0,15,30,,3,50,10,2,2,2,4,9,12,Operations,Executive,Bachelor,Male,Single,Day,Hybrid,Balanced,0,0,0,0,0,0,0
4964,43,5,,17,39,27.0,5,58,18,1,1,4,1,7,13,Finance,Manager,PhD,Other,Divorced,Day,Hybrid,Micromanager,1,0,0,1,0,0,0
4965,33,1,48893.0,7,25,12.0,9,32,0,5,4,6,5,8,5,Legal,Executive,Master,Female,Single,Day,Remote,Balanced,0,0,1,1,1,0,1
4966,28,13,82746.0,5,58,12.0,12,68,28,3,4,5,11,6,8,Marketing,Associate,High School,Female,Divorced,Day,Office,Supportive,0,0,0,1,0,0,0
4967,49,3,42028.0,12,38,40.0,13,50,10,4,5,7,12,8,14,Operations,Associate,Master,Female,Divorced,Day,Office,Micromanager,1,0,0,0,1,0,0
4968,30,5,35802.0,8,8,59.0,1,50,10,4,3,4,17,9,13,Operations,Manager,Bachelor,Male,Divorced,Day,Hybrid,,1,1,0,0,0,0,0
4969,32,7,60400.0,20,55,12.0,6,51,11,2,1,0,7,5,13,Engineering,Lead,Master,Female,Single,Day,Hybrid,,1,0,0,0,0,1,0
4970,57,5,56544.0,18,1,16.0,6,52,12,3,3,0,15,2,14,Sales,Executive,Master,Male,Single,Day,Office,Balanced,0,0,0,0,0,0,0
4971,58,14,89856.0,9,27,77.0,2,36,0,1,5,7,20,8,6,Operations,Associate,Master,Male,Divorced,Flexible,Office,Balanced,0,0,0,1,0,0,1
4972,56,15,436065.0,2,28,69.0,8,53,13,1,4,3,8,0,11,Sales,Engineer,Master,Male,Single,Day,Remote,Micromanager,0,0,0,1,1,1,1
4973,58,9,58612.0,4,5,40.0,12,62,22,3,3,3,19,4,3,Marketing,Associate,Bachelor,Male,Married,Night,Remote,,1,0,0,1,0,1,0
4974,39,19,71349.0,6,60,66.0,13,69,29,2,3,2,6,2,4,Sales,Manager,Master,Male,Married,Flexible,Office,Balanced,0,0,0,1,0,0,1
4975,24,17,100173.0,13,12,8.0,13,56,16,2,5,3,0,2,11,Engineering,Engineer,Master,Male,Single,Day,Office,Supportive,0,0,0,0,0,0,0
4976,23,2,46663.0,15,42,,14,61,21,2,1,2,8,3,6,Finance,Executive,Master,Male,Married,Day,Remote,Supportive,0,0,0,0,1,0,0
4977,44,6,61810.0,17,48,36.0,3,59,19,1,5,1,2,9,6,Engineering,Analyst,Master,Female,Married,Flexible,Office,Hands-off,0,1,0,0,1,0,0
4978,49,11,,8,35,23.0,12,31,0,2,3,2,17,9,8,Research,Associate,Bachelor,Female,Married,Day,Office,Micromanager,1,0,0,0,0,0,0
4979,40,4,53221.0,12,40,59.0,14,38,0,1,3,6,6,5,8,Engineering,Associate,Master,Female,Married,Night,Hybrid,Hands-off,0,0,0,0,0,0,0
4980,34,0,35643.0,19,37,40.0,11,50,10,4,3,1,9,8,1,HR,Engineer,Bachelor,Male,Divorced,Day,Office,Micromanager,0,0,0,0,1,1,0
4981,32,13,65977.0,16,16,52.0,2,65,25,1,2,4,1,5,15,Sales,Associate,PhD,Male,Divorced,Flexible,Hybrid,,1,1,0,1,0,1,0
4982,58,7,61443.0,5,50,37.0,2,30,0,1,4,0,2,0,5,HR,Analyst,Master,Male,Single,Flexible,Hybrid,Supportive,0,0,0,0,0,0,0
4983,47,6,64881.0,20,6,30.0,3,61,21,3,1,4,2,5,10,Operations,Executive,Bachelor,Female,Single,Day,Hybrid,Hands-off,0,0,0,1,0,1,0
4984,35,8,49837.0,7,24,42.0,4,50,10,3,3,3,9,4,14,Sales,Engineer,Bachelor,Male,Single,Day,Hybrid,Balanced,1,0,0,0,0,0,0
4985,28,10,321805.0,15,33,41.0,3,44,4,5,2,6,17,1,0,Legal,Executive,Bachelor,Male,Single,Day,Hybrid,Hands-off,0,0,0,0,1,0,0
4986,22,8,79504.0,3,18,23.0,3,50,10,4,3,0,11,0,5,HR,Executive,Bachelor,Male,Married,Day,Office,Supportive,0,0,0,1,1,0,0
4987,23,15,69824.0,19,60,17.0,9,48,8,1,5,2,5,2,2,,Engineer,Bachelor,Male,Divorced,Day,Office,Balanced,1,0,0,1,1,0,0
4988,37,18,93523.0,13,49,18.0,9,63,23,2,2,1,16,10,0,Engineering,Engineer,Bachelor,Female,Divorced,Day,Office,Supportive,0,0,0,0,0,0,0
4989,35,3,65695.0,14,20,34.0,13,42,2,2,3,2,11,8,8,Legal,Associate,Bachelor,Male,Divorced,Day,Office,Balanced,1,0,0,0,0,0,0
4990,56,6,41289.0,8,18,80.0,10,58,18,4,4,3,14,0,2,Marketing,Manager,Bachelor,Male,Single,Night,Hybrid,Balanced,1,0,0,1,0,0,0
4991,32,15,81030.0,11,4,1.0,9,47,7,2,3,2,3,2,2,Sales,Lead,Master,Male,Single,Day,Hybrid,Hands-off,1,0,0,0,0,0,0
4992,30,16,67438.0,10,5,24.0,15,39,0,1,2,5,13,8,1,Legal,Manager,Bachelor,Other,Divorced,Day,Office,Supportive,1,0,0,0,1,0,0
4993,38,0,65283.0,9,2,52.0,1,30,0,1,1,0,1,3,13,Operations,Analyst,Master,Male,Single,Day,Hybrid,,1,0,0,0,1,0,0
4994,39,8,54086.0,4,53,60.0,8,64,24,4,4,0,16,7,11,Operations,Executive,Master,Male,Married,Night,Office,Micromanager,0,0,0,1,0,1,1
4995,39,11,57614.0,4,49,69.0,1,35,0,4,2,5,17,5,4,Finance,Engineer,Bachelor,Male,Divorced,Day,Office,Balanced,0,0,0,0,0,0,0
4996,24,16,88411.0,11,39,41.0,6,41,1,5,3,7,16,8,2,Marketing,Lead,Bachelor,Male,Divorced,Day,Hybrid,Micromanager,1,0,0,0,0,0,0
4997,25,12,,6,46,57.0,1,55,15,4,5,3,11,0,11,Sales,Manager,Bachelor,Male,Single,Day,Remote,Balanced,0,0,0,1,1,1,0
4998,57,11,366395.0,14,59,69.0,7,60,20,1,4,5,1,2,10,Sales,Associate,Bachelor,Female,Single,Day,Hybrid,Hands-off,1,0,0,0,0,0,1
4999,49,17,106934.0,19,30,47.0,10,70,30,4,4,4,20,0,9,Finance,Lead,Bachelor,Female,Divorced,Flexible,Remote,Balanced,0,0,0,1,0,0,0
5000,23,1,20000.0,2,44,60.0,1,60,20,3,3,4,20,6,4,Engineering,Manager,Bachelor,Female,Divorced,Day,Hybrid,Supportive,1,0,0,1,1,0,0
